hvfhs_license_num,dispatching_base_num,originating_base_num,request_datetime,on_scene_datetime,pickup_datetime,dropoff_datetime,PULocationID,DOLocationID,trip_miles,trip_time,base_passenger_fare,tolls,bcf,sales_tax,congestion_surcharge,airport_fee,tips,driver_pay,shared_request_flag,shared_match_flag,access_a_ride_flag,wav_request_flag,wav_match_flag
HV0003,B03404,B03404,2024-09-01 00:00:42,2024-09-01 00:04:11,2024-09-01 00:04:54,2024-09-01 00:12:03,263,75,1.64,429,8.45,0.0,0.23,0.75,0.75,0.0,0.0,6.4,Y,N,N,N,N
HV0003,B03404,B03404,2024-09-01 00:26:16,2024-09-01 00:27:03,2024-09-01 00:27:49,2024-09-01 00:48:40,263,249,5.66,1251,45.51,0.0,1.25,4.04,2.75,0.0,0.0,29.99,N,N,N,N,N
HV0003,B03404,B03404,2024-09-01 00:07:08,2024-09-01 00:07:22,2024-09-01 00:08:57,2024-09-01 00:18:34,161,170,1.48,577,11.83,0.0,0.32,1.05,2.75,0.0,0.0,7.62,N,N,N,N,N
HV0003,B03404,B03404,2024-09-01 00:19:33,2024-09-01 00:21:14,2024-09-01 00:21:48,2024-09-01 00:46:17,233,220,11.52,1469,33.35,0.0,0.92,2.96,2.75,0.0,0.0,29.94,N,N,N,N,N
HV0003,B03404,B03404,2024-09-01 00:45:51,2024-09-01 00:49:34,2024-09-01 00:49:34,2024-09-01 01:06:46,220,3,6.29,1032,28.59,0.0,0.79,2.53,0.0,0.0,6.38,18.58,N,N,N,N,N
HV0003,B03404,B03404,2024-09-01 00:03:03,2024-09-01 00:03:50,2024-09-01 00:05:51,2024-09-01 00:12:28,231,125,0.87,397,10.7,0.0,0.31,1.01,2.75,0.0,0.0,6.42,N,N,N,N,N
HV0003,B03404,B03404,2024-09-01 00:13:11,2024-09-01 00:15:46,2024-09-01 00:16:44,2024-09-01 00:24:18,125,144,0.78,454,10.02,0.0,0.27,0.88,2.75,0.0,0.0,5.47,N,N,N,N,N
HV0003,B03404,B03404,2024-09-01 00:22:44,2024-09-01 00:26:22,2024-09-01 00:26:36,2024-09-01 00:37:17,144,90,2.08,641,15.44,0.0,0.42,1.37,2.75,0.0,0.0,9.06,N,N,N,N,N
HV0003,B03404,B03404,2024-09-01 00:46:19,2024-09-01 00:50:38,2024-09-01 00:52:39,2024-09-01 01:04:19,164,249,1.98,700,16.21,0.0,0.44,1.44,2.75,0.0,5.0,9.5,N,N,N,N,N
HV0003,B03404,B03404,2024-09-01 00:01:48,2024-09-01 00:05:59,2024-09-01 00:08:00,2024-09-01 00:30:27,148,265,3.68,1347,28.51,20.0,0.83,0.0,0.0,0.0,0.0,19.98,N,N,N,N,N
HV0003,B03404,B03404,2024-09-01 00:49:47,2024-09-01 00:54:23,2024-09-01 00:55:17,2024-09-01 01:14:35,144,80,3.7,1158,24.4,0.0,0.67,2.17,2.75,0.0,0.0,17.78,N,N,N,N,N
HV0003,B03404,B03404,2024-09-01 00:39:46,2024-09-01 00:42:29,2024-09-01 00:43:47,2024-09-01 01:09:49,91,61,3.65,1562,23.23,0.0,0.64,2.06,0.0,0.0,0.0,20.14,N,N,N,N,N
HV0003,B03404,B03404,2024-09-01 00:12:55,2024-09-01 00:16:15,2024-09-01 00:16:45,2024-09-01 00:32:07,48,265,4.55,922,17.34,20.0,0.5,0.0,0.0,0.0,0.0,18.03,N,N,N,N,N
HV0003,B03404,B03404,2024-09-01 00:07:56,2024-09-01 00:11:40,2024-09-01 00:12:46,2024-09-01 00:20:19,75,237,1.58,453,7.34,0.0,0.2,0.65,2.75,0.0,0.0,7.18,N,N,N,N,Y
HV0005,B03406,,2024-09-01 00:30:15,,2024-09-01 00:37:41,2024-09-01 00:50:54,173,131,7.77,793,23.97,0.0,0.66,2.13,0.0,0.0,0.0,21.34,N,N,N,N,N
HV0003,B03404,B03404,2024-09-01 00:06:47,2024-09-01 00:12:09,2024-09-01 00:12:20,2024-09-01 00:20:15,157,160,2.12,475,13.43,0.0,0.37,1.19,0.0,0.0,0.0,10.59,N,N,N,N,N
HV0003,B03404,B03404,2024-09-01 00:25:42,2024-09-01 00:30:25,2024-09-01 00:31:11,2024-09-01 00:42:32,198,37,1.95,681,13.35,0.0,0.36,1.18,0.0,0.0,0.0,13.86,N,N,N,N,N
HV0003,B03404,B03404,2024-09-01 00:36:32,2024-09-01 00:48:05,2024-09-01 00:48:14,2024-09-01 00:59:42,225,198,2.12,688,16.99,0.0,0.46,1.51,0.0,0.0,0.0,12.66,N,N,N,N,N
HV0003,B03404,B03404,2024-09-01 00:11:32,2024-09-01 00:15:09,2024-09-01 00:21:28,2024-09-01 00:37:03,37,157,2.31,935,14.28,0.0,0.41,1.35,0.0,0.0,0.0,12.22,N,N,N,N,N
HV0003,B03404,B03404,2024-09-01 00:33:36,2024-09-01 00:37:53,2024-09-01 00:38:32,2024-09-01 00:52:51,157,145,4.03,859,21.47,0.0,0.59,1.9,0.0,0.0,0.0,16.33,N,N,N,N,N
HV0003,B03404,B03404,2024-09-01 00:51:15,2024-09-01 00:53:53,2024-09-01 00:55:25,2024-09-01 01:07:42,145,260,2.33,737,4.79,0.0,0.13,0.42,0.0,0.0,0.0,10.33,N,N,N,N,N
HV0003,B03404,B03404,2024-08-31 23:54:31,2024-09-01 00:42:44,2024-09-01 00:44:45,2024-09-01 01:13:24,93,230,12.04,1719,88.74,6.94,2.44,8.49,2.75,0.0,10.93,50.2,N,N,N,N,N
HV0005,B03406,,2024-09-01 00:10:50,,2024-09-01 00:15:28,2024-09-01 00:28:37,235,78,1.609,789,13.54,0.0,0.33,1.07,0.0,0.0,0.0,9.89,N,N,N,N,N
HV0003,B03404,B03404,2024-09-01 00:38:15,2024-09-01 00:42:18,2024-09-01 00:42:47,2024-09-01 00:59:06,75,243,6.16,979,19.64,0.0,0.54,1.74,0.0,0.0,0.0,17.89,N,N,N,N,N
HV0003,B03404,B03404,2024-09-01 00:01:13,2024-09-01 00:06:46,2024-09-01 00:07:33,2024-09-01 00:34:42,150,62,7.9,1629,36.77,0.0,1.01,3.26,0.0,0.0,0.0,26.57,N,N,N,N,N
HV0003,B03404,B03404,2024-09-01 00:36:22,2024-09-01 00:37:10,2024-09-01 00:39:12,2024-09-01 00:46:47,62,61,0.93,455,8.19,0.0,0.22,0.73,0.0,0.0,0.0,5.69,N,N,N,N,N
HV0003,B03404,B03404,2024-09-01 00:50:05,2024-09-01 00:53:26,2024-09-01 00:53:53,2024-09-01 01:04:11,62,61,1.6,618,11.27,0.0,0.31,1.0,0.0,0.0,0.0,8.18,N,N,N,N,N
HV0003,B03404,B03404,2024-09-01 00:01:17,2024-09-01 00:02:13,2024-09-01 00:04:14,2024-09-01 00:21:15,158,79,1.93,1021,18.39,0.0,0.5,1.63,2.75,0.0,0.0,12.55,N,N,N,N,N
HV0003,B03404,B03404,2024-09-01 00:17:58,2024-09-01 00:22:41,2024-09-01 00:23:11,2024-09-01 00:28:19,4,148,0.87,308,10.88,0.0,0.3,0.96,2.75,0.0,0.0,5.39,N,N,N,N,N
HV0003,B03404,B03404,2024-09-01 00:25:01,2024-09-01 00:34:29,2024-09-01 00:36:29,2024-09-01 00:57:45,148,265,3.71,1276,28.52,20.0,0.79,0.0,0.0,0.0,0.0,19.33,N,N,N,N,N
HV0005,B03406,,2024-08-31 23:58:57,,2024-09-01 00:04:52,2024-09-01 00:19:02,112,79,4.116,850,19.81,1.46,0.0,0.0,0.0,0.0,0.0,13.9,N,N,N,N,N
HV0005,B03406,,2024-09-01 00:24:23,,2024-09-01 00:29:05,2024-09-01 00:35:56,79,107,1.079,411,8.28,0.0,0.23,0.73,2.75,0.0,0.0,5.47,N,N,N,N,N
HV0003,B03404,B03404,2024-09-01 00:08:08,2024-09-01 00:12:11,2024-09-01 00:12:44,2024-09-01 00:33:43,166,68,6.33,1259,29.04,0.0,0.82,2.63,2.75,0.0,0.0,20.84,N,N,N,N,N
HV0003,B03404,B03404,2024-09-01 00:36:05,2024-09-01 00:37:07,2024-09-01 00:37:29,2024-09-01 00:56:10,249,265,4.17,1121,26.27,20.0,0.73,0.0,0.0,0.0,0.0,18.44,N,N,N,N,N
HV0005,B03406,,2024-09-01 00:02:18,,2024-09-01 00:06:48,2024-09-01 00:27:54,80,34,2.152,1266,22.01,0.0,0.55,1.77,0.0,0.0,0.0,17.78,N,N,N,N,N
HV0005,B03406,,2024-09-01 00:25:11,,2024-09-01 00:36:53,2024-09-01 00:47:53,256,80,1.156,660,9.87,0.0,0.24,0.78,0.0,0.0,0.0,10.51,N,N,N,N,N
HV0005,B03406,,2024-09-01 00:44:04,,2024-09-01 00:50:02,2024-09-01 01:02:54,80,65,3.342,772,16.3,0.0,0.4,1.29,0.0,0.0,0.0,12.09,N,N,N,N,N
HV0003,B03404,B03404,2024-09-01 00:35:53,2024-09-01 00:41:00,2024-09-01 00:43:00,2024-09-01 00:52:50,225,80,1.49,590,14.3,0.0,0.39,1.27,0.0,0.0,0.0,9.03,N,N,N,N,N
HV0003,B03404,B03404,2024-09-01 00:03:17,2024-09-01 00:05:20,2024-09-01 00:05:59,2024-09-01 00:17:55,211,158,1.64,716,25.96,0.0,0.75,2.44,2.75,0.0,0.0,16.11,N,N,N,N,N
HV0003,B03404,B03404,2024-09-01 00:30:36,2024-09-01 00:31:40,2024-09-01 00:32:22,2024-09-01 00:52:40,114,239,4.07,1218,40.57,0.0,1.19,3.83,2.75,0.0,0.0,26.37,N,N,N,N,N
HV0003,B03404,B03404,2024-09-01 00:14:08,2024-09-01 00:16:30,2024-09-01 00:18:30,2024-09-01 00:27:24,230,48,1.1,534,17.24,0.0,0.47,1.53,2.75,0.0,4.19,8.87,N,N,N,N,N
HV0003,B03404,B03404,2024-09-01 00:43:47,2024-09-01 00:44:54,2024-09-01 00:46:02,2024-09-01 00:59:07,48,234,1.8,785,14.48,0.0,0.4,1.29,2.75,0.0,0.0,10.08,N,N,N,N,N
HV0003,B03404,B03404,2024-08-31 23:59:10,2024-09-01 00:01:37,2024-09-01 00:03:38,2024-09-01 00:22:14,163,246,3.34,1116,31.83,0.0,0.88,2.83,2.75,0.0,3.82,18.37,N,N,N,N,Y
HV0003,B03404,B03404,2024-09-01 00:23:43,2024-09-01 00:25:45,2024-09-01 00:27:46,2024-09-01 00:42:29,246,163,2.58,883,23.67,0.0,0.65,2.09,2.75,0.0,4.18,14.23,N,N,N,N,Y
HV0003,B03404,B03404,2024-09-01 00:10:42,2024-09-01 00:32:45,2024-09-01 00:32:45,2024-09-01 00:50:02,93,255,7.64,1037,53.86,0.0,1.48,4.78,0.0,0.0,6.01,36.87,N,N,N,N,N
HV0003,B03404,B03404,2024-09-01 00:46:06,2024-09-01 00:50:56,2024-09-01 00:51:17,2024-09-01 01:06:17,255,137,4.19,900,19.49,6.94,0.55,2.35,2.75,0.0,0.0,14.45,N,N,N,N,N
HV0005,B03406,,2024-08-31 23:51:27,,2024-09-01 00:02:04,2024-09-01 00:20:32,36,258,3.991,1108,23.06,0.0,0.83,2.68,0.0,0.0,0.0,16.24,N,N,N,N,N
HV0005,B03406,,2024-09-01 00:26:56,,2024-09-01 00:40:03,2024-09-01 01:18:13,124,265,25.6,2290,72.82,0.0,2.0,6.46,0.0,0.0,0.0,62.68,N,N,N,N,N
HV0003,B03404,B03404,2024-09-01 00:15:58,2024-09-01 00:19:25,2024-09-01 00:19:44,2024-09-01 00:34:42,33,256,3.11,898,18.71,0.0,0.51,1.66,0.0,0.0,0.0,12.96,N,N,N,N,N
HV0003,B03404,B03404,2024-09-01 00:33:44,2024-09-01 00:38:53,2024-09-01 00:40:00,2024-09-01 01:16:17,256,239,10.36,2177,55.81,0.0,1.54,4.96,2.75,0.0,6.5,36.99,N,N,N,N,N
HV0003,B03404,B03404,2024-09-01 00:04:36,2024-09-01 00:07:32,2024-09-01 00:07:35,2024-09-01 00:12:24,121,135,1.15,289,8.89,0.0,0.24,0.79,0.0,0.0,0.0,6.76,N,N,N,N,Y
HV0003,B03404,B03404,2024-09-01 00:16:20,2024-09-01 00:18:24,2024-09-01 00:19:32,2024-09-01 00:37:48,135,180,4.52,1096,24.12,0.0,0.67,2.14,0.0,0.0,0.0,19.52,N,N,N,N,Y
HV0003,B03404,B03404,2024-09-01 00:35:08,2024-09-01 00:42:52,2024-09-01 00:43:01,2024-09-01 00:49:28,180,124,1.44,387,14.31,0.0,0.39,1.27,0.0,0.0,0.0,7.21,N,N,N,N,Y
HV0003,B03404,B03404,2024-09-01 00:51:15,2024-09-01 00:53:14,2024-09-01 00:55:09,2024-09-01 01:09:56,124,76,3.51,887,18.92,0.0,0.52,1.68,0.0,0.0,0.0,16.7,N,N,N,N,Y
HV0005,B03406,,2024-08-31 23:52:08,,2024-09-01 00:01:58,2024-09-01 00:30:52,173,145,6.715,1734,28.25,0.0,0.64,2.06,0.0,0.0,0.0,26.07,N,N,N,N,N
HV0003,B03404,B03404,2024-09-01 00:06:48,2024-09-01 00:08:36,2024-09-01 00:09:18,2024-09-01 00:17:48,74,74,0.92,510,8.46,0.0,0.23,0.76,0.0,0.0,0.0,7.81,N,N,N,N,Y
HV0003,B03404,B03404,2024-09-01 00:16:31,2024-09-01 00:21:28,2024-09-01 00:22:41,2024-09-01 00:27:24,42,41,0.62,283,9.79,0.0,0.27,0.87,0.0,0.0,0.0,6.87,N,N,N,N,Y
HV0003,B03404,B03404,2024-09-01 00:05:35,2024-09-01 00:08:06,2024-09-01 00:08:49,2024-09-01 00:21:39,161,114,2.71,770,19.88,0.0,0.54,1.76,2.75,0.0,0.0,14.4,N,N,N,N,N
HV0003,B03404,B03404,2024-09-01 00:16:08,2024-09-01 00:24:06,2024-09-01 00:26:00,2024-09-01 00:39:07,211,234,1.74,787,15.41,0.0,0.42,1.37,2.75,0.0,0.0,12.25,N,N,N,N,N
HV0003,B03404,B03404,2024-09-01 00:38:46,2024-09-01 00:41:02,2024-09-01 00:41:17,2024-09-01 00:53:51,234,75,4.16,754,14.24,0.0,0.38,1.23,2.75,0.0,3.0,15.41,N,N,N,N,N
HV0003,B03404,B03404,2024-09-01 00:26:48,2024-09-01 00:31:21,2024-09-01 00:32:46,2024-09-01 00:50:19,148,90,2.21,1053,32.16,0.0,0.79,2.57,2.75,0.0,0.0,20.82,N,N,N,N,N
HV0005,B03406,,2024-09-01 00:02:31,,2024-09-01 00:09:18,2024-09-01 00:27:18,233,223,8.054,1080,25.87,1.92,0.76,2.47,2.75,0.0,0.0,21.52,N,N,N,N,N
HV0005,B03406,,2024-09-01 00:25:35,,2024-09-01 00:29:35,2024-09-01 00:50:34,223,242,7.881,1259,27.9,6.98,0.96,3.1,0.0,0.0,0.0,23.03,N,N,N,N,N
HV0005,B03406,,2024-09-01 00:48:38,,2024-09-01 00:55:57,2024-09-01 01:11:56,242,169,4.042,959,20.1,0.0,0.42,1.34,0.0,0.0,0.0,14.87,N,N,N,N,N
HV0003,B03404,B03404,2024-09-01 00:10:20,2024-09-01 00:15:59,2024-09-01 00:18:00,2024-09-01 00:31:46,168,250,5.33,826,13.77,0.0,0.38,1.22,0.0,0.0,0.0,15.28,N,N,N,N,N
HV0003,B03404,B03404,2024-09-01 00:33:30,2024-09-01 00:35:31,2024-09-01 00:36:18,2024-09-01 00:45:30,182,242,1.86,552,10.67,0.0,0.29,0.95,0.0,0.0,0.0,7.89,N,N,N,N,N
HV0003,B03404,B03404,2024-09-01 00:48:33,2024-09-01 00:51:03,2024-09-01 00:51:57,2024-09-01 01:08:16,242,74,8.32,979,33.52,6.94,0.92,3.59,0.0,0.0,4.49,20.83,N,N,N,N,N
HV0003,B03404,B03404,2024-09-01 00:04:22,2024-09-01 00:06:28,2024-09-01 00:07:44,2024-09-01 00:23:09,87,164,4.82,925,23.74,0.0,0.66,2.12,2.75,0.0,5.89,15.55,N,N,N,N,N
HV0003,B03404,B03404,2024-09-01 00:21:06,2024-09-01 00:24:20,2024-09-01 00:25:03,2024-09-01 00:49:29,100,260,8.05,1466,37.35,6.94,1.02,3.93,2.75,0.0,0.0,25.19,N,N,N,N,N
HV0003,B03404,B03404,2024-09-01 00:01:11,2024-09-01 00:06:41,2024-09-01 00:06:41,2024-09-01 00:12:47,165,149,1.26,366,8.9,0.0,0.24,0.79,0.0,0.0,0.0,5.4,N,N,N,N,N
HV0003,B03404,B03404,2024-09-01 00:16:00,2024-09-01 00:17:52,2024-09-01 00:18:49,2024-09-01 00:57:26,165,228,6.67,2317,40.39,0.0,1.11,3.57,0.0,0.0,0.0,31.59,N,N,N,N,N
HV0003,B03404,B03404,2024-09-01 00:24:58,2024-09-01 00:28:25,2024-09-01 00:29:07,2024-09-01 00:52:18,25,61,2.62,1391,22.5,0.0,0.65,2.11,0.0,0.0,4.0,20.82,N,N,N,N,N
HV0003,B03404,B03404,2024-09-01 00:51:58,2024-09-01 00:53:41,2024-09-01 00:54:21,2024-09-01 01:01:22,61,61,1.13,421,8.91,0.0,0.24,0.79,0.0,0.0,0.0,5.63,N,N,N,N,N
HV0003,B03404,B03404,2024-09-01 00:21:02,2024-09-01 00:22:49,2024-09-01 00:24:04,2024-09-01 00:30:17,164,164,0.79,373,16.29,0.0,0.45,1.45,2.75,0.0,0.0,10.76,N,N,N,N,N
HV0003,B03404,B03404,2024-09-01 00:54:28,2024-09-01 00:56:13,2024-09-01 00:56:25,2024-09-01 01:06:44,164,163,2.2,619,30.13,0.0,0.83,2.67,2.75,0.0,0.0,16.24,N,N,N,N,N
HV0003,B03404,B03404,2024-09-01 00:05:58,2024-09-01 00:08:39,2024-09-01 00:09:02,2024-09-01 00:27:24,48,186,1.31,1102,16.2,0.0,0.47,1.53,2.75,0.0,0.0,15.18,N,N,N,N,N
HV0003,B03404,B03404,2024-09-01 00:23:25,2024-09-01 00:30:07,2024-09-01 00:30:14,2024-09-01 00:57:49,186,97,5.57,1655,30.47,0.0,0.89,2.88,2.75,0.0,0.0,26.35,N,N,N,N,N
HV0003,B03404,B03404,2024-09-01 00:53:53,2024-09-01 00:54:57,2024-09-01 00:55:54,2024-09-01 01:12:03,162,79,4.02,969,19.02,0.0,0.53,1.69,2.75,0.0,3.59,14.89,N,N,N,N,N
HV0003,B03404,B03404,2024-09-01 00:45:11,2024-09-01 00:46:57,2024-09-01 00:47:31,2024-09-01 01:12:10,100,92,11.07,1479,41.81,6.94,1.23,4.56,2.75,0.0,0.0,29.43,N,N,N,N,N
HV0003,B03404,B03404,2024-09-01 00:05:23,2024-09-01 00:10:19,2024-09-01 00:10:55,2024-09-01 00:16:40,149,165,0.84,345,8.59,0.0,0.23,0.76,0.0,0.0,0.0,5.39,N,N,N,N,N
HV0003,B03404,B03404,2024-09-01 00:13:38,2024-09-01 00:19:23,2024-09-01 00:24:24,2024-09-01 01:05:48,123,16,22.97,2484,92.71,0.0,2.55,8.22,0.0,0.0,0.0,78.51,N,N,N,N,N
HV0003,B03404,B03404,2024-09-01 00:36:15,2024-09-01 00:39:35,2024-09-01 00:44:36,2024-09-01 01:01:57,13,148,1.82,1041,47.22,0.0,1.3,4.18,2.75,0.0,0.0,29.7,N,N,N,N,N
HV0003,B03404,B03404,2024-09-01 00:07:20,2024-09-01 00:10:56,2024-09-01 00:12:57,2024-09-01 00:46:44,231,256,4.17,2027,42.53,0.0,1.23,4.01,2.75,0.0,0.0,26.03,N,N,N,N,N
HV0003,B03404,B03404,2024-09-01 00:43:36,2024-09-01 00:50:48,2024-09-01 00:51:15,2024-09-01 00:58:38,255,256,1.29,443,11.59,0.0,0.3,1.03,0.0,0.0,0.0,7.8,N,N,N,N,N
HV0003,B03404,B03404,2024-09-01 00:38:50,2024-09-01 00:48:10,2024-09-01 00:48:19,2024-09-01 00:59:34,84,204,2.59,675,17.84,0.0,0.49,1.58,0.0,0.0,0.0,10.08,N,N,N,N,N
HV0003,B03404,B03404,2024-08-31 23:59:26,2024-09-01 00:00:43,2024-09-01 00:02:13,2024-09-01 00:34:46,230,16,15.18,1953,46.81,6.94,1.37,5.03,2.75,0.0,0.0,39.62,N,N,N,N,N
HV0003,B03404,B03404,2024-09-01 00:35:11,2024-09-01 00:36:31,2024-09-01 00:37:17,2024-09-01 00:49:28,16,171,3.19,731,15.18,0.0,0.42,1.35,0.0,0.0,0.0,11.44,N,N,N,N,N
HV0003,B03404,B03404,2024-09-01 00:44:25,2024-09-01 00:53:19,2024-09-01 00:55:19,2024-09-01 00:58:12,171,171,0.78,173,9.12,0.0,0.25,0.8,0.0,0.0,0.0,5.53,N,N,N,N,N
HV0003,B03404,B03404,2024-09-01 00:34:12,2024-09-01 00:35:30,2024-09-01 00:37:32,2024-09-01 00:46:41,155,91,1.89,549,13.71,0.0,0.37,1.22,0.0,0.0,0.0,8.9,N,N,N,N,N
HV0003,B03404,B03404,2024-09-01 00:48:03,2024-09-01 00:50:18,2024-09-01 00:50:29,2024-09-01 01:00:41,165,210,2.6,612,15.11,0.0,0.41,1.34,0.0,0.0,0.0,9.49,N,N,N,N,N
HV0003,B03404,B03404,2024-09-01 00:05:07,2024-09-01 00:13:05,2024-09-01 00:14:19,2024-09-01 00:41:20,25,225,4.14,1621,17.87,0.0,0.49,1.58,0.0,0.0,0.0,15.08,Y,Y,N,N,N
HV0003,B03404,B03404,2024-09-01 00:15:55,2024-09-01 00:18:57,2024-09-01 00:20:26,2024-09-01 00:35:33,97,225,2.81,907,23.54,0.0,0.65,2.09,0.0,0.0,0.0,8.31,Y,Y,N,N,N
HV0003,B03404,B03404,2024-09-01 00:41:34,2024-09-01 00:46:49,2024-09-01 00:46:49,2024-09-01 00:54:06,61,61,1.05,437,8.93,0.0,0.24,0.8,0.0,0.0,0.0,5.67,N,N,N,N,N
HV0005,B03406,,2024-09-01 00:19:07,,2024-09-01 00:33:37,2024-09-01 00:50:29,182,94,3.649,1012,21.8,0.0,0.46,1.49,0.0,0.0,0.0,14.85,N,N,N,N,N
HV0003,B03404,B03404,2024-09-01 00:01:12,2024-09-01 00:03:09,2024-09-01 00:04:12,2024-09-01 00:32:21,164,74,7.16,1689,26.27,0.0,0.77,2.48,2.75,0.0,0.0,31.78,N,N,N,Y,Y
HV0003,B03404,B03404,2024-09-01 00:54:04,2024-09-01 00:56:42,2024-09-01 00:58:42,2024-09-01 01:03:44,164,100,0.31,302,6.23,0.0,0.17,0.55,2.75,0.0,0.0,8.89,N,N,N,N,Y
HV0003,B03404,B03404,2024-09-01 00:36:22,2024-09-01 00:42:22,2024-09-01 00:43:15,2024-09-01 00:47:19,108,123,0.92,244,8.92,0.0,0.24,0.8,0.0,0.0,0.0,5.39,N,N,N,N,N
HV0003,B03404,B03404,2024-09-01 00:54:11,2024-09-01 00:57:46,2024-09-01 00:58:06,2024-09-01 01:13:20,210,165,2.84,914,14.28,0.0,0.39,1.27,0.0,0.0,3.0,12.74,N,N,N,N,N
HV0003,B03404,B03404,2024-08-31 23:55:35,2024-09-01 00:06:33,2024-09-01 00:07:32,2024-09-01 00:29:52,46,42,13.47,1340,27.0,0.0,0.74,2.38,0.0,0.0,0.0,33.07,N,N,N,N,N
HV0003,B03404,B03404,2024-09-01 00:30:01,2024-09-01 00:32:02,2024-09-01 00:32:56,2024-09-01 00:53:32,42,217,12.3,1236,33.51,6.94,0.92,3.59,0.0,0.0,0.0,28.74,N,N,N,N,N
HV0003,B03404,B03404,2024-09-01 00:52:45,2024-09-01 00:55:42,2024-09-01 00:57:03,2024-09-01 01:14:27,256,225,2.93,1044,24.33,0.0,0.68,2.2,0.0,0.0,0.0,16.37,N,N,N,N,N
HV0003,B03404,B03404,2024-08-31 23:54:25,2024-09-01 00:09:03,2024-09-01 00:11:03,2024-09-01 00:37:01,93,49,9.66,1558,147.37,0.0,4.06,13.08,0.0,0.0,0.0,74.18,Y,N,N,N,N
HV0003,B03404,B03404,2024-09-01 00:37:29,2024-09-01 00:40:55,2024-09-01 00:41:19,2024-09-01 00:53:42,17,37,2.06,743,14.3,0.0,0.39,1.27,0.0,0.0,0.0,10.44,N,N,N,N,N
HV0003,B03404,B03404,2024-09-01 00:54:12,2024-09-01 00:58:03,2024-09-01 00:58:34,2024-09-01 01:00:49,36,36,0.45,135,8.93,0.0,0.24,0.79,0.0,0.0,0.0,5.81,N,N,N,N,N
HV0003,B03404,B03404,2024-09-01 00:10:41,2024-09-01 00:10:57,2024-09-01 00:12:57,2024-09-01 00:21:28,246,48,1.28,511,11.89,0.0,0.32,1.06,2.75,0.0,0.0,6.71,N,N,N,N,N
HV0003,B03404,B03404,2024-09-01 00:23:10,2024-09-01 00:25:09,2024-09-01 00:26:18,2024-09-01 00:33:17,143,239,1.19,419,12.28,0.0,0.34,1.09,2.75,0.0,3.0,6.8,N,N,N,N,N
HV0003,B03404,B03404,2024-09-01 00:32:59,2024-09-01 00:37:29,2024-09-01 00:38:25,2024-09-01 00:54:56,239,247,7.12,991,25.25,0.0,0.69,2.24,2.75,0.0,0.0,19.31,N,N,N,N,N
HV0003,B03404,B03404,2024-09-01 00:30:01,2024-09-01 00:31:41,2024-09-01 00:33:01,2024-09-01 01:01:32,188,7,10.68,1711,25.4,0.0,0.7,2.25,0.0,0.0,0.0,31.15,N,N,N,N,N
HV0003,B03404,B03404,2024-09-01 00:37:46,2024-09-01 00:42:42,2024-09-01 00:43:47,2024-09-01 01:17:44,190,246,8.3,2037,38.74,0.0,1.08,3.48,2.75,0.0,0.0,31.08,N,N,N,N,N
HV0003,B03404,B03404,2024-09-01 00:12:27,2024-09-01 00:13:40,2024-09-01 00:14:05,2024-09-01 00:40:08,189,102,4.68,1563,32.14,0.0,0.89,2.85,0.0,0.0,3.59,21.55,N,N,N,N,N
HV0003,B03404,B03404,2024-09-01 00:28:47,2024-09-01 00:29:25,2024-09-01 00:30:01,2024-09-01 00:48:12,163,79,3.4,1091,21.22,0.0,0.63,2.01,2.75,0.0,0.0,15.22,N,N,N,N,N
HV0003,B03404,B03404,2024-09-01 00:46:48,2024-09-01 00:51:13,2024-09-01 00:51:23,2024-09-01 00:57:27,79,148,0.95,364,10.91,0.0,0.3,0.97,2.75,0.0,0.0,5.39,N,N,N,N,N
HV0003,B03404,B03404,2024-09-01 00:55:05,2024-09-01 00:58:09,2024-09-01 00:58:31,2024-09-01 01:23:07,148,61,5.06,1476,30.46,0.0,0.89,2.88,2.75,0.0,0.0,22.22,N,N,N,N,N
HV0005,B03406,,2024-09-01 00:00:16,,2024-09-01 00:07:29,2024-09-01 00:11:23,95,95,0.911,234,8.1,0.0,0.2,0.64,0.0,0.0,0.0,8.72,N,N,N,N,N
HV0005,B03406,,2024-09-01 00:13:47,,2024-09-01 00:16:30,2024-09-01 00:26:00,95,160,4.588,570,24.7,0.0,0.54,1.75,0.0,0.0,0.0,16.32,N,N,N,N,N
HV0003,B03404,B03404,2024-09-01 00:07:23,2024-09-01 00:08:24,2024-09-01 00:09:13,2024-09-01 00:33:50,148,37,4.44,1477,27.96,0.0,0.77,2.48,2.75,0.0,5.09,20.39,N,N,N,N,N
HV0003,B03404,B03404,2024-09-01 00:31:20,2024-09-01 00:35:40,2024-09-01 00:35:41,2024-09-01 00:43:04,37,198,0.97,443,14.29,0.0,0.39,1.27,0.0,0.0,0.0,6.87,N,N,N,N,N
HV0003,B03404,B03404,2024-09-01 00:38:04,2024-09-01 00:45:00,2024-09-01 00:45:34,2024-09-01 00:53:33,198,102,1.53,479,10.3,0.0,0.28,0.92,0.0,0.0,0.0,6.73,Y,N,N,N,N
HV0003,B03404,B03404,2024-09-01 00:53:22,2024-09-01 00:56:24,2024-09-01 00:57:54,2024-09-01 01:17:23,102,124,4.69,1169,28.58,0.0,0.79,2.53,0.0,0.0,1.1,17.74,N,N,N,N,N
HV0005,B03406,,2024-09-01 00:36:30,,2024-09-01 00:41:47,2024-09-01 00:56:02,39,71,2.82,855,17.85,0.0,0.49,1.58,0.0,0.0,0.0,12.19,N,N,N,N,N
HV0003,B03404,B03404,2024-09-01 00:01:47,2024-09-01 00:07:38,2024-09-01 00:09:40,2024-09-01 00:19:25,211,87,1.46,585,14.74,0.0,0.4,1.31,2.75,0.0,5.0,7.68,N,N,N,N,N
HV0003,B03404,B03404,2024-09-01 00:18:05,2024-09-01 00:22:14,2024-09-01 00:22:39,2024-09-01 00:44:06,87,255,4.63,1287,29.66,0.0,0.87,2.8,2.75,0.0,0.0,18.81,N,N,N,N,N
HV0003,B03404,B03404,2024-09-01 00:37:39,2024-09-01 00:45:22,2024-09-01 00:47:39,2024-09-01 01:14:34,255,265,17.29,1615,54.03,0.0,1.49,4.79,0.0,0.0,0.0,42.46,N,N,N,N,N
HV0003,B03404,B03404,2024-08-31 23:56:52,2024-09-01 00:01:28,2024-09-01 00:02:06,2024-09-01 00:19:22,45,228,7.67,1036,30.6,6.94,0.84,3.33,2.75,0.0,0.0,20.5,N,N,N,N,N
HV0003,B03404,B03404,2024-08-31 23:59:53,2024-09-01 00:01:33,2024-09-01 00:03:35,2024-09-01 00:29:18,234,265,5.23,1543,32.06,20.0,0.88,0.0,0.0,0.0,0.0,23.99,N,N,N,N,N
HV0003,B03404,B03404,2024-09-01 00:53:55,2024-09-01 00:54:03,2024-09-01 00:56:03,2024-09-01 01:23:10,68,173,9.61,1627,39.04,6.94,1.09,4.08,2.75,0.0,0.0,28.88,N,N,N,N,N
HV0003,B03404,B03404,2024-09-01 00:00:42,2024-09-01 00:04:53,2024-09-01 00:05:01,2024-09-01 00:15:20,195,25,2.54,619,16.12,0.0,0.44,1.43,0.0,0.0,3.0,9.47,N,N,N,N,N
HV0003,B03404,B03404,2024-09-01 00:14:44,2024-09-01 00:16:25,2024-09-01 00:16:38,2024-09-01 00:22:24,25,65,0.97,346,22.33,0.0,0.61,1.99,0.0,0.0,4.97,11.19,N,N,N,N,N
HV0003,B03404,B03404,2024-09-01 00:21:59,2024-09-01 00:26:41,2024-09-01 00:29:24,2024-09-01 00:54:36,65,246,5.87,1512,35.81,0.0,0.99,3.17,2.75,0.0,0.0,26.88,N,N,N,N,N
HV0003,B03404,B03404,2024-09-01 00:00:37,2024-09-01 00:06:50,2024-09-01 00:08:50,2024-09-01 00:20:15,217,256,0.88,685,19.65,0.0,0.55,1.77,0.0,0.0,0.0,10.81,N,N,N,N,N
HV0003,B03404,B03404,2024-09-01 00:19:57,2024-09-01 00:23:22,2024-09-01 00:24:01,2024-09-01 00:44:13,256,79,3.26,1212,20.78,0.0,0.58,1.85,2.75,0.0,0.0,17.71,N,N,N,N,N
HV0003,B03404,B03404,2024-09-01 00:43:23,2024-09-01 00:44:14,2024-09-01 00:45:13,2024-09-01 01:10:57,79,263,5.37,1544,20.8,0.0,0.57,1.84,2.75,0.0,2.57,22.3,N,N,N,N,N
HV0005,B03406,,2024-08-31 23:51:03,,2024-09-01 00:00:20,2024-09-01 00:26:28,92,36,7.798,1568,34.69,0.0,0.71,2.28,0.0,0.0,0.0,28.93,N,N,N,N,N
HV0005,B03406,,2024-09-01 00:17:49,,2024-09-01 00:31:23,2024-09-01 00:51:31,36,129,4.673,1208,33.14,0.0,0.91,2.94,0.0,0.0,0.0,21.16,N,N,N,N,N
HV0005,B03406,,2024-09-01 00:50:33,,2024-09-01 00:55:56,2024-09-01 01:14:02,129,52,8.02,1086,31.18,0.15,0.86,2.78,0.0,0.0,15.38,21.54,N,N,N,N,N
HV0003,B03404,B03404,2024-09-01 00:10:37,2024-09-01 00:12:36,2024-09-01 00:14:36,2024-09-01 00:27:28,81,259,2.76,772,15.46,0.0,0.45,1.46,0.0,0.0,0.0,11.25,N,N,N,N,N
HV0005,B03406,,2024-08-31 23:57:43,,2024-09-01 00:02:12,2024-09-01 00:04:41,229,233,0.615,149,5.59,0.0,0.15,0.5,2.75,0.0,0.0,5.47,N,N,N,N,N
HV0005,B03406,,2024-09-01 00:03:41,,2024-09-01 00:07:18,2024-09-01 00:22:40,233,33,5.784,922,21.96,0.0,0.6,1.95,2.75,0.0,0.0,16.89,N,N,N,N,N
HV0005,B03406,,2024-09-01 00:22:56,,2024-09-01 00:28:33,2024-09-01 00:57:59,33,118,16.495,1766,45.76,16.86,1.72,5.56,0.0,0.0,0.0,39.73,N,N,N,N,N
HV0003,B03404,B03404,2024-09-01 00:15:14,2024-09-01 00:18:46,2024-09-01 00:20:47,2024-09-01 00:41:24,122,70,9.52,1237,27.69,0.0,0.77,2.46,0.0,0.0,0.0,24.97,N,N,N,N,N
HV0003,B03404,B03404,2024-09-01 00:44:05,2024-09-01 00:45:18,2024-09-01 00:46:18,2024-09-01 01:03:50,70,79,9.45,1052,25.35,0.0,0.69,2.25,2.75,0.0,0.0,23.07,N,N,N,N,N
HV0005,B03406,,2024-09-01 00:05:18,,2024-09-01 00:08:25,2024-09-01 00:29:14,148,25,5.255,1249,19.81,0.0,0.55,1.76,2.75,0.0,4.97,19.35,N,N,N,N,N
HV0005,B03406,,2024-09-01 00:22:17,,2024-09-01 00:31:56,2024-09-01 00:45:24,25,255,3.703,808,20.53,0.0,0.32,1.02,0.0,0.0,0.0,12.93,N,N,N,N,N
HV0005,B03406,,2024-09-01 00:47:06,,2024-09-01 00:50:28,2024-09-01 01:01:12,255,144,2.316,644,21.95,0.0,0.54,1.75,2.75,0.0,0.0,9.44,N,N,N,N,N
HV0003,B03404,B03404,2024-08-31 23:53:04,2024-09-01 00:01:35,2024-09-01 00:01:46,2024-09-01 00:05:33,53,53,0.77,227,8.42,0.0,0.23,0.74,0.0,0.0,0.0,5.39,N,N,N,N,N
HV0003,B03404,B03404,2024-09-01 00:02:14,2024-09-01 00:09:55,2024-09-01 00:10:57,2024-09-01 00:29:53,53,82,6.31,1136,24.16,0.0,0.66,2.13,0.0,0.0,0.0,19.62,N,N,N,N,N
HV0003,B03404,B03404,2024-09-01 00:30:21,2024-09-01 00:32:43,2024-09-01 00:33:29,2024-09-01 00:41:05,82,160,1.77,456,9.8,0.0,0.27,0.87,0.0,0.0,0.0,6.84,N,N,N,N,N
HV0003,B03404,B03404,2024-09-01 00:53:43,2024-09-01 00:58:07,2024-09-01 00:58:39,2024-09-01 01:07:05,160,198,1.8,506,12.13,0.0,0.33,1.09,0.0,0.0,0.0,7.36,N,N,N,N,N
HV0003,B03404,B03404,2024-09-01 00:12:30,2024-09-01 00:18:20,2024-09-01 00:19:06,2024-09-01 00:37:19,216,39,6.01,1093,25.95,0.0,0.71,2.3,0.0,0.0,0.0,18.79,N,N,N,N,N
HV0003,B03404,B03404,2024-09-01 00:42:56,2024-09-01 00:45:56,2024-09-01 00:46:53,2024-09-01 00:59:36,39,76,3.03,763,17.91,0.0,0.49,1.59,0.0,0.0,0.0,11.54,N,N,N,N,N
HV0003,B03404,B03404,2024-09-01 00:16:01,2024-09-01 00:18:02,2024-09-01 00:18:51,2024-09-01 00:30:17,260,223,2.85,686,13.41,0.0,0.36,1.2,0.0,0.0,0.0,10.54,N,N,N,N,N
HV0003,B03404,B03404,2024-09-01 00:28:57,2024-09-01 00:31:20,2024-09-01 00:31:35,2024-09-01 00:40:21,223,7,1.41,526,10.68,0.0,0.29,0.95,0.0,0.0,0.0,7.03,N,N,N,N,N
HV0003,B03404,B03404,2024-09-01 00:50:00,2024-09-01 00:51:00,2024-09-01 00:51:29,2024-09-01 01:00:35,7,226,1.73,546,8.42,0.0,0.24,0.8,0.0,0.0,1.0,7.66,N,N,N,N,N
HV0005,B03406,,2024-09-01 00:13:43,,2024-09-01 00:19:46,2024-09-01 00:28:11,207,260,1.228,505,11.64,0.0,0.32,1.03,0.0,0.0,0.0,9.61,N,N,N,N,Y
HV0005,B03406,,2024-09-01 00:32:50,,2024-09-01 00:35:50,2024-09-01 00:49:16,260,157,3.28,806,17.18,0.0,0.47,1.52,0.0,0.0,0.0,13.61,N,N,N,N,Y
HV0005,B03406,,2024-09-01 00:49:04,,2024-09-01 00:54:42,2024-09-01 01:48:16,80,48,12.476,3214,86.46,3.06,2.4,7.74,2.75,0.0,0.0,53.19,N,N,N,N,Y
HV0003,B03404,B03404,2024-09-01 00:00:08,2024-09-01 00:02:36,2024-09-01 00:04:00,2024-09-01 00:20:33,74,18,6.51,993,27.76,0.0,0.76,2.46,0.0,0.0,0.0,18.5,N,N,N,N,N
HV0003,B03404,B03404,2024-09-01 00:24:27,2024-09-01 00:33:28,2024-09-01 00:33:54,2024-09-01 00:47:14,169,168,5.11,800,18.78,0.0,0.52,1.67,0.0,0.0,0.0,14.72,N,N,N,N,N
HV0003,B03404,B03404,2024-08-31 23:59:11,2024-09-01 00:47:44,2024-09-01 00:47:44,2024-09-01 01:04:25,93,157,5.29,1001,47.76,0.0,1.31,4.24,0.0,0.0,7.99,40.85,N,N,N,N,N
HV0005,B03406,,2024-09-01 00:06:21,,2024-09-01 00:09:36,2024-09-01 00:23:37,163,230,1.154,841,12.18,0.0,0.33,1.08,2.75,0.0,0.0,9.77,N,N,N,N,N
HV0005,B03406,,2024-09-01 00:21:40,,2024-09-01 00:33:51,2024-09-01 00:42:05,230,186,1.497,494,10.78,0.0,0.3,0.96,2.75,0.0,2.0,6.85,N,N,N,N,N
HV0005,B03406,,2024-09-01 00:44:55,,2024-09-01 00:50:55,2024-09-01 01:54:15,186,182,11.985,3800,38.66,1.01,1.03,3.32,2.75,0.0,0.0,53.41,N,N,N,N,N
HV0005,B03406,,2024-09-01 00:00:08,,2024-09-01 00:02:02,2024-09-01 00:06:38,143,142,0.485,276,9.19,0.0,0.25,0.82,2.75,0.0,0.0,6.4,N,N,N,N,N
HV0005,B03406,,2024-09-01 00:12:00,,2024-09-01 00:17:52,2024-09-01 00:28:08,48,186,1.496,616,11.86,0.0,0.33,1.05,2.75,0.0,0.0,8.05,N,N,N,N,N
HV0005,B03406,,2024-09-01 00:27:35,,2024-09-01 00:32:36,2024-09-01 00:47:53,90,142,2.369,917,17.0,0.0,0.47,1.51,2.75,0.0,3.26,12.17,N,N,N,N,N
HV0005,B03406,,2024-09-01 00:02:03,,2024-09-01 00:04:11,2024-09-01 00:32:11,79,198,7.835,1680,36.9,1.21,1.04,3.36,2.75,0.0,0.0,27.07,N,N,N,N,N
HV0005,B03406,,2024-09-01 00:29:45,,2024-09-01 00:34:36,2024-09-01 00:41:48,198,36,1.356,432,10.07,0.0,0.22,0.7,0.0,0.0,0.0,6.07,N,N,N,N,N
HV0005,B03406,,2024-09-01 00:37:20,,2024-09-01 00:44:12,2024-09-01 00:49:58,36,36,0.787,346,7.15,0.0,0.2,0.64,0.0,0.0,0.0,5.47,N,N,N,N,N
HV0005,B03406,,2024-09-01 00:43:02,,2024-09-01 00:53:53,2024-09-01 01:01:27,36,36,0.985,454,8.24,0.0,0.18,0.57,0.0,0.0,0.0,5.77,N,N,N,N,N
HV0003,B03404,B03404,2024-09-01 00:16:46,2024-09-01 00:18:51,2024-09-01 00:19:18,2024-09-01 00:30:03,129,157,2.95,645,12.83,0.0,0.35,1.14,0.0,0.0,0.0,10.28,N,N,N,N,N
HV0003,B03404,B03404,2024-09-01 00:30:28,2024-09-01 00:34:47,2024-09-01 00:35:11,2024-09-01 00:44:47,157,198,1.81,576,10.52,0.0,0.29,0.93,0.0,0.0,0.0,8.2,N,N,N,N,N
HV0003,B03404,B03404,2024-09-01 00:44:02,2024-09-01 00:51:59,2024-09-01 00:52:37,2024-09-01 00:56:06,80,80,0.44,209,19.04,0.0,0.56,1.79,0.0,0.0,0.0,10.16,N,N,N,N,N
HV0003,B03404,B03404,2024-09-01 00:32:46,2024-09-01 00:35:17,2024-09-01 00:37:17,2024-09-01 00:50:43,176,109,3.79,806,19.43,0.0,0.57,1.83,0.0,0.0,0.0,12.98,N,N,N,N,N
HV0003,B03404,B03404,2024-09-01 00:47:41,2024-09-01 00:57:37,2024-09-01 00:59:05,2024-09-01 01:09:29,109,5,3.78,624,16.78,0.0,0.47,1.49,0.0,0.0,0.0,11.2,N,N,N,N,N
HV0005,B03406,,2024-08-31 23:55:52,,2024-09-01 00:00:43,2024-09-01 00:30:52,237,95,8.871,1809,85.72,0.72,2.38,7.67,2.75,0.0,0.0,63.72,N,N,N,N,N
HV0003,B03404,B03404,2024-08-31 23:58:46,2024-09-01 00:01:23,2024-09-01 00:02:36,2024-09-01 00:24:47,114,112,5.2,1331,25.22,6.94,0.68,2.78,2.75,0.0,0.0,20.0,N,N,N,N,N
HV0003,B03404,B03404,2024-09-01 00:19:31,2024-09-01 00:29:39,2024-09-01 00:30:07,2024-09-01 00:47:40,112,4,3.96,1053,20.8,0.0,0.58,1.84,2.75,0.0,0.0,17.12,N,N,N,N,N
HV0003,B03404,B03404,2024-09-01 00:47:35,2024-09-01 00:49:47,2024-09-01 00:49:59,2024-09-01 01:00:05,4,170,2.67,606,14.58,0.0,0.4,1.29,2.75,0.0,0.0,9.52,N,N,N,N,N
HV0005,B03406,,2024-09-01 00:06:42,,2024-09-01 00:11:39,2024-09-01 00:29:52,61,256,3.326,1093,21.74,0.0,0.53,1.72,0.0,0.0,3.94,15.19,N,N,N,N,N
HV0003,B03404,B03404,2024-09-01 00:30:31,2024-09-01 00:38:34,2024-09-01 00:39:16,2024-09-01 01:11:48,36,231,5.84,1952,73.13,0.0,2.06,6.65,2.75,0.0,0.0,39.74,N,N,N,N,N
HV0003,B03404,B03404,2024-08-31 23:54:52,2024-09-01 00:02:21,2024-09-01 00:03:02,2024-09-01 00:22:16,41,48,4.51,1154,17.15,0.0,0.48,1.52,0.75,0.0,0.0,14.57,Y,Y,N,N,N
HV0003,B03404,B03404,2024-09-01 00:26:57,2024-09-01 00:29:33,2024-09-01 00:29:54,2024-09-01 00:53:35,161,261,4.63,1421,31.5,0.0,0.86,2.77,2.75,0.0,0.0,20.11,N,N,N,N,N
HV0003,B03404,B03404,2024-08-31 23:55:22,2024-08-31 23:59:55,2024-09-01 00:00:05,2024-09-01 00:09:30,37,37,1.61,565,13.36,0.0,0.36,1.19,0.0,0.0,0.0,7.68,N,N,N,N,N
HV0003,B03404,B03404,2024-09-01 00:00:58,2024-09-01 00:10:59,2024-09-01 00:10:59,2024-09-01 00:33:29,37,145,4.35,1350,21.44,0.0,0.63,2.02,0.0,0.0,0.0,19.04,N,N,N,N,N
HV0003,B03404,B03404,2024-09-01 00:32:15,2024-09-01 00:38:07,2024-09-01 00:40:08,2024-09-01 01:07:50,145,133,10.92,1662,41.46,0.0,1.17,3.76,0.0,0.0,0.0,32.73,N,N,N,N,N
HV0003,B03404,B03404,2024-09-01 00:05:39,2024-09-01 00:10:35,2024-09-01 00:12:37,2024-09-01 00:30:31,33,112,5.2,1074,26.64,0.0,0.73,2.36,0.0,0.0,0.0,19.26,N,N,N,N,N
HV0003,B03404,B03404,2024-09-01 00:27:02,2024-09-01 00:31:51,2024-09-01 00:32:07,2024-09-01 00:49:30,112,140,4.63,1043,29.37,0.0,0.69,2.21,2.75,0.0,0.0,18.93,N,N,N,N,N
HV0003,B03404,B03404,2024-09-01 00:49:12,2024-09-01 00:51:39,2024-09-01 00:52:17,2024-09-01 01:04:33,140,239,2.41,736,14.51,0.0,0.4,1.29,2.75,0.0,0.0,10.43,N,N,N,N,N
HV0003,B03404,B03404,2024-09-01 00:04:04,2024-09-01 00:06:16,2024-09-01 00:06:42,2024-09-01 00:25:20,246,233,3.05,1118,22.56,0.0,0.62,2.01,2.75,0.0,0.0,16.01,N,N,N,N,N
HV0003,B03404,B03404,2024-09-01 00:28:01,2024-09-01 00:28:56,2024-09-01 00:29:10,2024-09-01 00:39:20,162,107,2.0,610,16.29,0.0,0.44,1.45,2.75,0.0,4.19,8.65,N,N,N,N,N
HV0003,B03404,B03404,2024-09-01 00:38:06,2024-09-01 00:41:48,2024-09-01 00:43:20,2024-09-01 01:05:28,79,95,9.07,1328,32.86,6.94,0.9,3.53,2.75,0.0,7.04,25.24,N,N,N,N,N
HV0003,B03404,B03404,2024-09-01 00:37:53,2024-09-01 00:38:07,2024-09-01 00:39:35,2024-09-01 00:50:04,48,170,1.37,629,14.18,0.0,0.39,1.26,2.75,0.0,3.0,8.13,N,N,N,N,N
HV0003,B03404,B03404,2024-09-01 00:45:43,2024-09-01 00:47:48,2024-09-01 00:48:34,2024-09-01 00:57:11,227,14,1.88,517,11.57,0.0,0.32,1.03,0.0,0.0,10.0,7.59,N,N,N,N,N
HV0003,B03404,B03404,2024-09-01 00:12:56,2024-09-01 00:16:37,2024-09-01 00:18:36,2024-09-01 00:31:05,100,249,1.52,749,19.3,0.0,0.51,1.64,2.75,0.0,0.0,9.53,N,N,N,N,N
HV0003,B03404,B03404,2024-09-01 00:40:08,2024-09-01 00:43:21,2024-09-01 00:45:12,2024-09-01 00:51:28,114,158,0.98,376,10.52,0.0,0.26,0.84,2.75,0.0,0.0,6.47,N,N,N,N,N
HV0003,B03404,B03404,2024-09-01 00:07:03,2024-09-01 00:13:34,2024-09-01 00:14:17,2024-09-01 01:01:13,202,14,20.37,2816,68.08,0.0,1.87,6.04,0.0,0.0,0.0,55.06,N,N,N,N,N
HV0003,B03404,B03404,2024-09-01 00:21:55,2024-09-01 00:27:37,2024-09-01 00:29:07,2024-09-01 00:38:11,149,165,2.29,544,12.63,0.0,0.34,1.12,0.0,0.0,0.0,8.4,N,N,N,N,N
HV0003,B03404,B03404,2024-09-01 00:35:46,2024-09-01 00:40:08,2024-09-01 00:42:09,2024-09-01 01:17:54,165,179,16.99,2145,44.45,0.0,1.22,3.94,0.0,0.0,0.0,43.96,N,N,N,N,N
HV0003,B03404,B03404,2024-08-31 23:58:33,2024-09-01 00:05:57,2024-09-01 00:06:33,2024-09-01 00:11:52,232,232,0.8,319,9.48,0.0,0.28,0.89,2.75,0.0,0.0,7.15,N,N,N,N,N
HV0003,B03404,B03404,2024-09-01 00:09:01,2024-09-01 00:12:57,2024-09-01 00:14:57,2024-09-01 00:53:07,232,210,19.02,2290,49.37,0.0,1.36,4.38,2.75,0.0,0.0,48.13,N,N,N,N,N
HV0003,B03404,B03404,2024-09-01 00:54:32,2024-09-01 00:57:52,2024-09-01 00:58:59,2024-09-01 01:02:23,210,29,0.83,204,8.01,0.0,0.22,0.71,0.0,0.0,0.0,5.39,N,N,N,N,N
HV0003,B03404,B03404,2024-09-01 00:10:48,2024-09-01 00:12:16,2024-09-01 00:12:48,2024-09-01 00:48:42,40,238,11.62,2154,44.95,0.0,1.24,3.99,2.75,0.0,10.58,36.73,N,N,N,N,N
HV0005,B03406,,2024-09-01 00:08:06,,2024-09-01 00:10:10,2024-09-01 00:20:00,48,68,1.438,590,9.06,0.0,0.25,0.8,2.75,0.0,3.0,7.72,N,N,N,N,N
HV0005,B03406,,2024-09-01 00:22:35,,2024-09-01 00:24:19,2024-09-01 00:41:33,249,97,4.122,1034,20.61,0.0,0.57,1.83,2.75,0.0,0.0,15.7,N,N,N,N,N
HV0005,B03406,,2024-09-01 00:41:32,,2024-09-01 00:49:23,2024-09-01 02:08:08,97,265,41.724,4725,209.08,0.0,5.75,18.56,0.0,0.0,0.0,110.77,N,N,N,N,N
HV0003,B03404,B03404,2024-09-01 00:13:09,2024-09-01 00:16:27,2024-09-01 00:16:59,2024-09-01 00:33:50,95,260,3.64,1011,23.3,0.0,0.64,2.07,0.0,0.0,3.9,16.52,N,N,N,N,N
HV0003,B03404,B03404,2024-09-01 00:33:19,2024-09-01 00:36:47,2024-09-01 00:37:19,2024-09-01 00:51:41,260,75,7.27,862,18.88,6.94,0.55,2.4,0.0,0.0,0.0,18.27,N,N,N,N,N
HV0003,B03404,B03404,2024-09-01 00:55:02,2024-09-01 00:57:19,2024-09-01 00:57:32,2024-09-01 01:11:24,263,48,2.94,832,17.22,0.0,0.47,1.53,2.75,0.0,0.0,12.09,N,N,N,N,N
HV0003,B03404,B03404,2024-08-31 23:57:12,2024-09-01 00:05:52,2024-09-01 00:05:59,2024-09-01 00:14:17,201,201,2.35,498,14.28,0.0,0.39,1.26,0.0,0.0,0.0,8.04,N,N,N,N,N
HV0003,B03404,B03404,2024-09-01 00:01:59,2024-09-01 00:24:36,2024-09-01 00:25:53,2024-09-01 00:47:52,27,67,13.08,1319,38.48,0.0,1.06,3.42,0.0,0.0,4.29,33.98,N,N,N,N,N
HV0003,B03404,B03404,2024-09-01 00:55:14,2024-09-01 00:58:57,2024-09-01 00:59:09,2024-09-01 01:11:11,228,133,2.42,722,11.3,0.0,0.31,1.0,0.0,0.0,5.0,10.3,N,N,N,N,N
HV0003,B03404,B03404,2024-09-01 00:20:20,2024-09-01 00:23:54,2024-09-01 00:24:06,2024-09-01 00:32:45,144,170,2.11,519,13.66,0.0,0.4,1.29,2.75,0.0,5.0,7.91,N,N,N,N,N
HV0003,B03404,B03404,2024-09-01 00:32:37,2024-09-01 00:39:46,2024-09-01 00:40:48,2024-09-01 01:12:25,170,265,7.15,1897,35.09,20.0,0.96,0.0,0.0,0.0,0.0,30.59,N,N,N,N,N
HV0003,B03404,B03404,2024-09-01 00:50:37,2024-09-01 00:52:05,2024-09-01 00:52:05,2024-09-01 01:00:20,228,14,1.83,495,7.57,0.0,0.22,0.71,0.0,0.0,1.0,7.3,N,N,N,N,N
HV0003,B03404,B03404,2024-08-31 23:54:21,2024-09-01 00:20:34,2024-09-01 00:21:19,2024-09-01 00:42:39,93,234,9.87,1280,90.96,6.94,2.51,8.69,2.75,0.0,0.0,48.23,N,N,N,N,N
HV0003,B03404,B03404,2024-09-01 00:42:47,2024-09-01 00:48:00,2024-09-01 00:50:01,2024-09-01 01:06:32,107,48,2.46,991,19.89,0.0,0.58,1.87,2.75,0.0,0.0,12.98,N,N,N,N,N
HV0003,B03404,B03404,2024-09-01 00:02:24,2024-09-01 00:03:43,2024-09-01 00:04:41,2024-09-01 00:14:45,247,116,1.64,604,13.98,0.0,0.38,1.25,0.0,0.0,0.0,8.1,N,N,N,N,N
HV0003,B03404,B03404,2024-09-01 00:15:17,2024-09-01 00:22:11,2024-09-01 00:22:22,2024-09-01 00:28:25,116,42,0.97,363,8.04,0.0,0.22,0.72,0.0,0.0,0.0,5.4,N,N,N,N,N
HV0003,B03404,B03404,2024-09-01 00:24:09,2024-09-01 00:33:27,2024-09-01 00:33:34,2024-09-01 01:06:47,42,80,12.45,1993,24.89,3.47,0.73,2.67,0.0,0.0,0.0,20.42,Y,Y,N,N,N
HV0003,B03404,B03404,2024-09-01 00:32:17,2024-09-01 00:38:47,2024-09-01 00:39:28,2024-09-01 01:16:40,42,17,13.42,2232,30.32,3.47,0.86,3.01,0.0,0.0,0.0,24.06,Y,Y,N,N,N
HV0005,B03406,,2024-09-01 00:17:59,,2024-09-01 00:27:14,2024-09-01 00:45:43,36,145,3.889,1109,34.97,0.0,0.71,2.31,0.0,0.0,0.0,16.12,N,N,N,N,N
HV0005,B03406,,2024-09-01 00:42:36,,2024-09-01 00:48:03,2024-09-01 01:11:41,145,49,6.175,1418,22.1,0.0,0.61,1.96,0.0,0.0,4.93,22.25,N,N,N,N,N
HV0005,B03406,,2024-09-01 00:04:39,,2024-09-01 00:17:14,2024-09-01 00:30:29,148,137,2.264,795,11.59,0.0,0.32,1.03,2.75,0.0,0.0,10.84,N,N,N,N,N
HV0005,B03406,,2024-09-01 00:42:26,,2024-09-01 00:49:55,2024-09-01 01:17:47,100,265,6.107,1672,30.53,20.07,1.39,0.0,0.0,0.0,0.0,27.25,N,N,N,N,N
HV0003,B03404,B03404,2024-08-31 23:58:39,2024-09-01 00:03:29,2024-09-01 00:05:42,2024-09-01 00:44:10,97,205,16.23,2308,52.79,0.0,1.55,4.99,0.0,0.0,0.0,33.82,N,N,N,N,N
HV0003,B03404,B03404,2024-09-01 00:43:53,2024-09-01 00:45:01,2024-09-01 00:46:24,2024-09-01 00:50:43,205,215,0.94,259,8.93,0.0,0.24,0.8,0.0,0.0,0.0,4.1,N,N,N,N,N
HV0003,B03404,B03404,2024-09-01 00:49:17,2024-09-01 00:55:25,2024-09-01 00:55:43,2024-09-01 01:04:37,10,218,2.07,534,11.58,0.0,0.32,1.03,0.0,0.0,0.0,6.09,N,N,N,N,N
HV0003,B03404,B03404,2024-09-01 00:16:18,2024-09-01 00:16:58,2024-09-01 00:18:11,2024-09-01 00:40:16,211,37,4.89,1325,24.6,0.0,0.72,2.32,2.75,0.0,0.0,19.52,N,N,N,N,N
HV0003,B03404,B03404,2024-09-01 00:37:07,2024-09-01 00:44:50,2024-09-01 00:46:20,2024-09-01 01:11:38,37,82,5.78,1518,19.9,0.0,0.55,1.76,0.0,0.0,0.0,23.86,N,N,N,N,N
HV0003,B03404,B03404,2024-09-01 00:29:07,2024-09-01 00:35:10,2024-09-01 00:35:39,2024-09-01 00:38:45,240,265,1.45,186,8.03,0.0,0.22,0.71,0.0,0.0,3.0,8.0,N,N,N,N,N
HV0005,B03406,,2024-08-31 23:55:29,,2024-09-01 00:00:34,2024-09-01 00:23:45,183,265,6.901,1391,29.56,0.0,0.81,2.62,0.0,0.0,0.0,23.95,N,N,N,N,N
HV0003,B03404,B03404,2024-09-01 00:12:37,2024-09-01 00:13:14,2024-09-01 00:15:14,2024-09-01 00:35:26,193,56,7.55,1212,23.37,0.0,0.64,2.07,0.0,0.0,0.0,22.05,N,N,N,N,N
HV0003,B03404,B03404,2024-09-01 00:32:35,2024-09-01 00:37:06,2024-09-01 00:38:16,2024-09-01 00:48:14,56,173,1.46,598,10.59,0.0,0.29,0.94,0.0,0.0,0.0,7.8,Y,N,N,N,N
HV0003,B03404,B03404,2024-09-01 00:12:04,2024-09-01 00:20:54,2024-09-01 00:21:04,2024-09-01 00:33:27,157,255,2.41,743,19.63,0.0,0.54,1.74,0.0,0.0,0.0,12.0,N,N,N,N,N
HV0003,B03404,B03404,2024-09-01 00:24:54,2024-09-01 00:29:18,2024-09-01 00:31:18,2024-09-01 00:49:32,132,205,5.66,1094,14.21,0.0,0.39,1.26,0.0,0.0,0.0,18.33,N,N,N,N,N
HV0003,B03404,B03404,2024-09-01 00:50:37,2024-09-01 00:56:06,2024-09-01 00:57:17,2024-09-01 01:11:37,139,265,8.38,860,25.01,0.0,0.69,2.22,0.0,0.0,0.0,21.93,N,N,N,N,N
HV0003,B03404,B03404,2024-09-01 00:20:56,2024-09-01 00:25:50,2024-09-01 00:25:50,2024-09-01 00:40:19,220,265,3.84,869,19.6,0.0,0.54,1.74,0.0,0.0,0.0,15.54,N,N,N,N,N
HV0003,B03404,B03404,2024-09-01 00:30:52,2024-09-01 00:36:24,2024-09-01 00:38:08,2024-09-01 00:53:02,132,76,5.01,894,18.56,0.0,0.57,1.83,0.0,2.5,0.0,15.5,N,N,N,N,N
HV0003,B03404,B03404,2024-09-01 00:55:24,2024-09-01 00:57:48,2024-09-01 00:59:48,2024-09-01 01:18:43,76,39,3.78,1135,18.29,0.0,0.54,1.73,0.0,0.0,0.0,16.17,N,N,N,N,N
HV0003,B03404,B03404,2024-09-01 00:16:59,2024-09-01 00:19:59,2024-09-01 00:20:38,2024-09-01 00:25:27,263,74,1.48,289,8.62,0.0,0.25,0.82,2.75,0.0,3.0,5.4,N,N,N,N,N
HV0003,B03404,B03404,2024-09-01 00:24:39,2024-09-01 00:28:27,2024-09-01 00:29:34,2024-09-01 00:50:34,74,174,7.18,1260,19.23,0.0,0.53,1.71,0.0,0.0,0.0,22.0,N,N,N,N,N
HV0003,B03404,B03404,2024-09-01 00:52:02,2024-09-01 00:53:39,2024-09-01 00:54:48,2024-09-01 01:06:09,18,240,4.21,681,19.68,0.0,0.54,1.74,0.0,0.0,0.0,12.35,N,N,N,N,N
HV0003,B03404,B03404,2024-09-01 00:09:22,2024-09-01 00:12:08,2024-09-01 00:13:17,2024-09-01 00:20:46,89,89,1.26,449,9.84,0.0,0.27,0.88,0.0,0.0,0.0,6.07,N,N,N,N,N
HV0003,B03404,B03404,2024-09-01 00:28:35,2024-09-01 00:34:32,2024-09-01 00:34:34,2024-09-01 00:42:04,195,228,3.42,450,15.18,0.0,0.42,1.35,0.0,0.0,0.0,9.02,N,N,N,N,N
HV0003,B03404,B03404,2024-09-01 00:18:20,2024-09-01 00:21:21,2024-09-01 00:22:42,2024-09-01 00:39:02,125,224,2.33,980,18.09,0.0,0.49,1.6,2.75,0.0,2.29,12.69,N,N,N,N,N
HV0003,B03404,B03404,2024-09-01 00:39:49,2024-09-01 00:40:41,2024-09-01 00:42:00,2024-09-01 00:59:55,224,25,3.89,1075,23.33,0.0,0.65,2.07,2.75,0.0,0.0,15.74,N,N,N,N,N
HV0003,B03404,B03404,2024-09-01 00:04:49,2024-09-01 00:12:08,2024-09-01 00:12:31,2024-09-01 00:23:06,45,148,0.91,635,12.96,0.0,0.36,1.15,2.75,0.0,0.0,7.41,N,N,N,N,N
HV0003,B03404,B03404,2024-09-01 00:21:07,2024-09-01 00:32:48,2024-09-01 00:34:04,2024-09-01 01:12:09,148,41,7.9,2285,25.33,0.0,0.69,2.25,0.75,0.0,0.0,13.5,Y,Y,N,N,N
HV0003,B03404,B03404,2024-09-01 00:13:30,2024-09-01 00:34:10,2024-09-01 00:34:10,2024-09-01 01:03:29,148,74,6.59,1759,18.11,0.0,0.49,1.61,0.75,0.0,0.0,10.04,Y,Y,N,N,N
HV0003,B03404,B03404,2024-09-01 00:36:18,2024-09-01 00:44:08,2024-09-01 00:45:21,2024-09-01 01:18:14,79,42,7.63,1973,19.61,0.0,0.54,1.74,0.75,0.0,0.0,14.14,Y,Y,N,N,N
HV0003,B03404,B03404,2024-09-01 00:14:55,2024-09-01 00:22:08,2024-09-01 00:22:34,2024-09-01 00:35:06,36,76,3.22,752,19.63,0.0,0.54,1.75,0.0,0.0,0.0,11.68,N,N,N,N,N
HV0003,B03404,B03404,2024-09-01 00:35:41,2024-09-01 00:37:48,2024-09-01 00:38:07,2024-09-01 00:56:31,76,225,4.2,1104,22.39,0.0,0.62,1.98,0.0,0.0,0.0,16.44,N,N,N,N,N
HV0003,B03404,B03404,2024-09-01 00:09:45,2024-09-01 00:13:50,2024-09-01 00:14:49,2024-09-01 00:36:29,122,10,4.15,1300,29.16,0.0,0.81,2.59,0.0,0.0,2.44,18.6,N,N,N,N,N
HV0003,B03404,B03404,2024-09-01 00:34:04,2024-09-01 00:41:18,2024-09-01 00:41:23,2024-09-01 00:49:05,216,10,1.55,462,8.31,0.0,0.22,0.72,0.0,0.0,0.0,6.6,N,N,N,N,N
HV0003,B03404,B03404,2024-09-01 00:46:33,2024-09-01 00:55:58,2024-09-01 00:57:59,2024-09-01 01:28:23,215,77,7.93,1824,26.2,0.0,0.76,2.47,0.0,0.0,0.0,28.51,N,N,N,N,N
HV0003,B03404,B03404,2024-09-01 00:04:40,2024-09-01 00:08:48,2024-09-01 00:09:18,2024-09-01 00:22:11,17,37,2.41,773,14.31,0.0,0.39,1.27,0.0,0.0,5.0,10.79,N,N,N,N,N
HV0003,B03404,B03404,2024-09-01 00:19:24,2024-09-01 00:25:32,2024-09-01 00:25:58,2024-09-01 01:06:46,37,211,6.6,2448,32.81,0.0,0.9,2.92,2.75,0.0,0.0,32.77,N,N,N,N,N
HV0003,B03404,B03404,2024-09-01 00:35:51,2024-09-01 00:37:59,2024-09-01 00:39:59,2024-09-01 00:52:54,119,127,2.37,775,15.31,0.0,0.44,1.45,0.0,0.0,0.0,10.75,N,N,N,N,N
HV0003,B03404,B03404,2024-09-01 00:22:52,2024-09-01 00:38:09,2024-09-01 00:39:56,2024-09-01 01:21:33,181,265,21.19,2497,88.75,0.0,2.43,7.85,0.0,0.0,0.0,58.77,N,N,N,N,N
HV0003,B03404,B03404,2024-09-01 00:13:20,2024-09-01 00:13:43,2024-09-01 00:13:54,2024-09-01 00:28:17,170,50,2.09,863,18.07,0.0,0.49,1.6,2.75,0.0,0.0,11.22,N,N,N,N,N
HV0003,B03404,B03404,2024-09-01 00:29:16,2024-09-01 00:30:11,2024-09-01 00:32:11,2024-09-01 00:47:59,50,141,3.71,948,21.31,0.0,0.59,1.89,2.75,0.0,0.0,14.26,N,N,N,N,N
HV0003,B03404,B03404,2024-09-01 00:34:30,2024-09-01 00:38:21,2024-09-01 00:39:10,2024-09-01 00:48:55,157,56,3.6,585,14.49,0.0,0.4,1.29,0.0,0.0,0.0,10.58,N,N,N,N,N
HV0005,B03406,,2024-09-01 00:00:14,,2024-09-01 00:05:22,2024-09-01 00:16:56,80,260,2.849,694,25.8,0.0,0.71,2.29,0.0,0.0,0.0,10.66,N,N,N,N,N
HV0003,B03404,B03404,2024-09-01 00:36:43,2024-09-01 00:37:42,2024-09-01 00:42:42,2024-09-01 01:00:59,68,125,2.68,1097,51.65,0.0,1.51,4.87,2.75,0.0,0.0,33.01,N,N,N,N,N
HV0003,B03404,B03404,2024-09-01 00:11:55,2024-09-01 00:15:19,2024-09-01 00:16:35,2024-09-01 00:24:20,185,185,1.45,465,10.04,0.0,0.29,0.95,0.0,0.0,0.0,6.49,N,N,N,N,N
HV0003,B03404,B03404,2024-09-01 00:25:22,2024-09-01 00:25:43,2024-09-01 00:27:44,2024-09-01 00:42:36,185,254,4.59,892,18.87,0.0,0.52,1.67,0.0,0.0,0.0,14.92,N,N,N,N,N
HV0005,B03406,,2024-09-01 00:47:46,,2024-09-01 00:52:56,2024-09-01 01:03:48,174,127,4.734,652,18.94,0.0,0.46,1.5,0.0,0.0,0.0,12.82,N,N,N,N,N
HV0003,B03404,B03404,2024-09-01 00:04:51,2024-09-01 00:06:33,2024-09-01 00:08:01,2024-09-01 00:13:10,48,230,0.73,309,8.19,0.0,0.22,0.72,2.75,0.0,0.0,5.39,N,N,N,N,N
HV0003,B03404,B03404,2024-09-01 00:14:59,2024-09-01 00:15:37,2024-09-01 00:17:37,2024-09-01 00:26:37,230,50,0.91,540,10.04,0.0,0.27,0.89,2.75,0.0,0.0,7.49,N,N,N,N,N
HV0003,B03404,B03404,2024-09-01 00:23:46,2024-09-01 00:25:25,2024-09-01 00:26:43,2024-09-01 01:04:14,50,121,14.5,2251,42.18,0.0,1.14,3.69,2.75,0.0,0.0,41.59,N,N,N,N,N
HV0003,B03404,B03404,2024-08-31 23:59:03,2024-09-01 00:03:36,2024-09-01 00:04:09,2024-09-01 00:18:55,229,186,2.56,886,21.63,0.0,0.59,1.92,2.75,0.0,2.68,12.09,N,N,N,N,N
HV0003,B03404,B03404,2024-09-01 00:20:59,2024-09-01 00:23:36,2024-09-01 00:25:37,2024-09-01 00:37:36,164,163,2.13,719,17.8,0.0,0.49,1.61,2.75,0.0,0.0,9.88,N,N,N,N,N
HV0003,B03404,B03404,2024-09-01 00:21:06,2024-09-01 00:26:59,2024-09-01 00:27:06,2024-09-01 00:42:27,230,74,4.2,921,22.51,0.0,0.62,2.0,2.75,0.0,0.0,14.89,N,N,N,N,N
HV0003,B03404,B03404,2024-09-01 00:48:01,2024-09-01 00:53:07,2024-09-01 00:53:53,2024-09-01 01:11:51,41,69,5.71,1078,22.38,0.0,0.62,1.99,0.0,0.0,0.0,18.25,N,N,N,N,N
HV0003,B03404,B03404,2024-09-01 00:21:39,2024-09-01 00:25:24,2024-09-01 00:26:07,2024-09-01 00:35:56,66,34,1.24,589,12.51,0.0,0.34,1.11,0.0,0.0,0.0,8.67,N,N,N,N,N
HV0003,B03404,B03404,2024-09-01 00:44:10,2024-09-01 00:48:32,2024-09-01 00:49:04,2024-09-01 01:18:23,148,51,20.02,1759,59.68,6.94,1.64,5.92,2.75,0.0,0.0,44.32,N,N,N,N,N
HV0005,B03406,,2024-09-01 00:42:05,,2024-09-01 00:51:32,2024-09-01 01:19:23,188,76,4.883,1671,25.98,0.0,0.71,2.3,0.0,0.0,0.0,22.96,N,N,N,N,N
HV0003,B03404,B03404,2024-09-01 00:33:50,2024-09-01 00:38:12,2024-09-01 00:38:23,2024-09-01 00:47:04,161,163,0.7,521,17.63,0.0,0.48,1.56,2.75,0.0,4.48,12.13,N,N,N,N,N
HV0003,B03404,B03404,2024-09-01 00:57:12,2024-09-01 00:58:00,2024-09-01 00:59:27,2024-09-01 01:09:04,237,142,1.76,577,22.38,0.0,0.61,1.97,2.75,0.0,0.0,14.9,N,N,N,N,N
HV0003,B03404,B03404,2024-09-01 00:36:34,2024-09-01 00:39:45,2024-09-01 00:40:47,2024-09-01 00:50:40,185,32,1.79,593,12.02,0.0,0.33,1.07,0.0,0.0,0.0,8.19,N,N,N,N,N
HV0003,B03404,B03404,2024-09-01 00:51:41,2024-09-01 00:54:13,2024-09-01 00:56:14,2024-09-01 01:14:02,32,241,3.29,1068,19.0,0.0,0.56,1.8,0.0,0.0,0.0,14.86,N,N,N,N,N
HV0003,B03404,B03404,2024-09-01 00:08:53,2024-09-01 00:12:14,2024-09-01 00:12:48,2024-09-01 00:35:46,140,183,12.07,1378,27.93,6.94,0.82,3.25,2.75,0.0,0.0,29.81,N,N,N,N,N
HV0005,B03406,,2024-09-01 00:18:38,,2024-09-01 00:26:33,2024-09-01 00:46:22,36,148,3.767,1189,37.57,0.0,1.03,3.33,2.75,0.0,0.0,19.74,N,N,N,N,N
HV0005,B03406,,2024-09-01 00:45:21,,2024-09-01 00:54:23,2024-09-01 01:16:48,45,230,3.967,1345,26.16,0.22,0.73,2.34,2.75,0.0,0.0,18.53,N,N,N,N,N
HV0003,B03404,B03404,2024-09-01 00:02:50,2024-09-01 00:06:45,2024-09-01 00:06:45,2024-09-01 00:15:49,129,82,1.13,544,11.6,0.0,0.32,1.03,0.0,0.0,0.0,6.83,N,N,N,N,N
HV0003,B03404,B03404,2024-09-01 00:17:53,2024-09-01 00:20:48,2024-09-01 00:20:48,2024-09-01 00:27:47,129,82,1.09,419,11.59,0.0,0.32,1.03,0.0,0.0,0.0,5.55,N,N,N,N,N
HV0003,B03404,B03404,2024-09-01 00:30:36,2024-09-01 00:32:55,2024-09-01 00:32:55,2024-09-01 00:43:37,129,173,1.51,642,11.58,0.0,0.32,1.03,0.0,0.0,0.0,8.29,N,N,N,N,N
HV0003,B03404,B03404,2024-09-01 00:45:49,2024-09-01 00:48:51,2024-09-01 00:49:24,2024-09-01 01:06:18,129,134,4.65,1014,20.57,0.0,0.57,1.82,0.0,0.0,0.0,16.17,N,N,N,N,N
HV0005,B03406,,2024-08-31 23:53:23,,2024-09-01 00:11:23,2024-09-01 00:19:42,74,74,0.869,499,7.14,0.0,0.2,0.63,0.0,0.0,0.0,6.05,N,N,N,N,N
HV0005,B03406,,2024-09-01 00:22:04,,2024-09-01 00:26:24,2024-09-01 00:32:40,74,75,1.167,376,7.75,0.0,0.21,0.69,0.0,0.0,0.0,5.47,N,N,N,N,N
HV0005,B03406,,2024-09-01 00:45:55,,2024-09-01 00:47:38,2024-09-01 01:32:10,239,177,20.786,2672,47.69,1.81,1.3,4.19,2.75,0.0,11.55,54.43,N,N,N,N,N
HV0003,B03404,B03404,2024-09-01 00:08:58,2024-09-01 00:09:43,2024-09-01 00:11:22,2024-09-01 00:14:10,166,152,0.64,168,8.92,0.0,0.24,0.79,0.0,0.0,0.0,5.39,N,N,N,N,N
HV0003,B03404,B03404,2024-09-01 00:51:24,2024-09-01 00:53:35,2024-09-01 00:55:37,2024-09-01 01:31:45,142,34,8.62,2168,59.55,0.0,1.63,5.29,2.75,0.0,0.0,34.16,N,N,N,N,N
HV0003,B03404,B03404,2024-09-01 00:53:27,2024-09-01 00:56:20,2024-09-01 00:58:22,2024-09-01 01:19:33,89,232,8.2,1271,28.13,0.0,0.77,2.49,2.75,0.0,0.0,23.51,N,N,N,N,N
HV0005,B03406,,2024-09-01 00:09:54,,2024-09-01 00:13:28,2024-09-01 00:23:06,72,39,1.811,578,11.71,0.0,0.29,0.93,0.0,0.0,0.0,8.11,N,N,N,N,N
HV0005,B03406,,2024-09-01 00:19:00,,2024-09-01 00:26:49,2024-09-01 00:51:56,39,89,3.989,1507,24.64,0.0,0.68,2.19,0.0,0.0,0.0,20.14,N,N,N,N,N
HV0003,B03404,B03404,2024-09-01 00:01:11,2024-09-01 00:03:18,2024-09-01 00:03:46,2024-09-01 00:16:09,144,158,1.74,743,16.26,0.0,0.44,1.44,2.75,0.0,0.0,9.59,N,N,N,N,N
HV0003,B03404,B03404,2024-09-01 00:10:56,2024-09-01 00:16:14,2024-09-01 00:18:15,2024-09-01 00:42:35,158,79,3.52,1460,14.81,0.0,0.4,1.31,0.75,0.0,0.0,14.01,Y,Y,N,N,N
HV0003,B03404,B03404,2024-09-01 00:16:05,2024-09-01 00:16:50,2024-09-01 00:18:51,2024-09-01 00:32:18,158,234,2.1,807,12.45,0.0,0.34,1.11,0.75,0.0,0.0,5.73,Y,Y,N,N,N
HV0003,B03404,B03404,2024-09-01 00:39:52,2024-09-01 00:45:30,2024-09-01 00:46:12,2024-09-01 01:10:00,79,87,4.02,1428,23.08,0.0,0.63,2.05,2.75,0.0,0.0,20.35,N,N,N,N,N
HV0003,B03404,B03404,2024-08-31 23:56:55,2024-09-01 00:03:40,2024-09-01 00:05:26,2024-09-01 00:15:18,42,42,1.5,592,12.46,0.0,0.34,1.11,0.0,0.0,0.0,7.79,N,N,N,N,N
HV0003,B03404,B03404,2024-09-01 00:14:55,2024-09-01 00:17:56,2024-09-01 00:18:49,2024-09-01 01:00:28,41,61,13.51,2499,44.2,6.94,1.21,4.54,0.0,0.0,0.0,42.65,N,N,N,N,N
HV0005,B03406,,2024-09-01 00:17:23,,2024-09-01 00:25:46,2024-09-01 00:41:39,126,159,1.634,953,27.27,0.0,0.67,2.15,0.0,0.0,4.51,29.05,N,N,N,N,N
HV0003,B03404,B03404,2024-09-01 00:10:46,2024-09-01 00:11:39,2024-09-01 00:12:07,2024-09-01 00:28:30,263,50,3.73,983,20.78,0.0,0.57,1.82,2.75,0.0,0.0,14.62,N,N,N,N,N
HV0003,B03404,B03404,2024-09-01 00:29:10,2024-09-01 00:32:19,2024-09-01 00:34:20,2024-09-01 01:05:06,246,261,5.82,1846,31.38,0.0,0.86,2.78,2.75,0.0,0.0,25.86,N,N,N,N,N
HV0005,B03406,,2024-09-01 00:04:35,,2024-09-01 00:11:46,2024-09-01 00:29:44,230,249,2.604,1078,18.85,0.0,0.52,1.67,2.75,0.0,0.0,14.06,N,N,N,N,N
HV0005,B03406,,2024-09-01 00:29:28,,2024-09-01 00:35:13,2024-09-01 00:52:49,114,163,3.091,1056,21.44,0.0,0.59,1.9,2.75,0.0,1.0,14.52,N,N,N,N,N
HV0005,B03406,,2024-09-01 00:53:19,,2024-09-01 00:55:59,2024-09-01 01:15:25,142,265,5.444,1166,24.67,20.04,1.23,0.0,0.0,0.0,9.19,20.39,N,N,N,N,N
HV0003,B03404,B03404,2024-09-01 00:10:56,2024-09-01 00:15:51,2024-09-01 00:16:06,2024-09-01 00:48:25,205,259,16.87,1939,43.32,0.0,1.19,3.84,0.0,0.0,5.59,41.78,N,N,N,N,N
HV0003,B03404,B03404,2024-09-01 00:30:46,2024-09-01 00:33:08,2024-09-01 00:33:19,2024-09-01 00:36:26,237,237,0.72,187,9.14,0.0,0.25,0.81,2.75,0.0,1.0,5.4,N,N,N,N,N
HV0003,B03404,B03404,2024-09-01 00:39:36,2024-09-01 00:42:32,2024-09-01 00:42:52,2024-09-01 01:31:39,162,265,37.33,2927,149.34,6.94,4.11,13.87,2.75,0.0,26.55,90.46,N,N,N,N,N
HV0003,B03404,B03404,2024-08-31 23:57:28,2024-09-01 00:00:47,2024-09-01 00:02:47,2024-09-01 00:22:43,130,7,9.2,1196,25.1,0.0,0.7,2.23,0.0,0.0,2.0,24.14,N,N,N,N,N
HV0003,B03404,B03404,2024-09-01 00:13:25,2024-09-01 00:21:40,2024-09-01 00:23:42,2024-09-01 00:39:00,204,187,10.23,918,31.25,0.0,0.86,2.77,0.0,0.0,0.0,22.83,N,N,N,N,N
HV0003,B03404,B03404,2024-09-01 00:37:34,2024-09-01 00:41:08,2024-09-01 00:42:18,2024-09-01 00:51:20,251,245,2.56,542,16.04,0.0,0.44,1.42,0.0,0.0,0.0,8.74,N,N,N,N,N
HV0003,B03404,B03404,2024-09-01 00:51:30,2024-09-01 00:52:12,2024-09-01 00:52:30,2024-09-01 01:04:11,245,187,4.86,701,18.54,0.0,0.51,1.64,0.0,0.0,0.0,13.42,N,N,N,N,N
HV0003,B03404,B03404,2024-09-01 00:05:22,2024-09-01 00:06:45,2024-09-01 00:08:42,2024-09-01 00:16:13,164,162,1.16,451,7.94,0.0,0.22,0.73,2.75,0.0,0.0,5.96,N,N,N,N,N
HV0003,B03404,B03404,2024-09-01 00:14:29,2024-09-01 00:30:29,2024-09-01 00:32:30,2024-09-01 00:38:14,100,186,0.82,344,15.4,0.0,0.42,1.36,2.75,0.0,0.0,7.7,N,N,N,N,N
HV0003,B03404,B03404,2024-09-01 00:40:21,2024-09-01 00:40:29,2024-09-01 00:41:10,2024-09-01 01:43:31,186,72,13.07,3741,27.73,0.0,0.76,2.46,0.75,0.0,0.0,24.59,Y,Y,N,N,N
HV0003,B03404,B03404,2024-09-01 00:39:11,2024-09-01 00:43:41,2024-09-01 00:43:55,2024-09-01 01:17:42,164,181,8.58,2027,22.72,0.0,0.63,2.02,0.75,0.0,0.0,12.24,Y,Y,N,N,N
HV0003,B03404,B03404,2024-09-01 00:49:08,2024-09-01 00:56:09,2024-09-01 00:57:18,2024-09-01 01:56:46,79,39,13.43,3568,39.69,0.0,1.09,3.53,0.75,0.0,0.0,28.78,Y,Y,N,N,N
HV0003,B03404,B03404,2024-09-01 00:37:18,2024-09-01 00:39:14,2024-09-01 00:39:25,2024-09-01 00:52:04,79,141,3.56,759,17.21,0.0,0.48,1.53,2.75,0.0,0.0,14.33,N,N,N,N,N
HV0003,B03404,B03404,2024-09-01 00:22:55,2024-09-01 00:25:59,2024-09-01 00:26:22,2024-09-01 00:42:53,161,186,1.87,991,17.18,0.0,0.47,1.52,2.75,0.0,0.0,12.17,N,N,N,N,N
HV0003,B03404,B03404,2024-09-01 00:44:54,2024-09-01 00:46:59,2024-09-01 00:49:01,2024-09-01 01:20:18,164,159,8.06,1877,37.1,0.0,1.08,3.5,2.75,0.0,0.0,29.21,N,N,N,N,N
HV0003,B03404,B03404,2024-09-01 00:40:35,2024-09-01 00:42:41,2024-09-01 00:43:25,2024-09-01 00:56:34,137,50,2.67,789,18.07,0.0,0.49,1.6,2.75,0.0,0.0,11.3,N,N,N,N,N
HV0003,B03404,B03404,2024-09-01 00:24:31,2024-09-01 00:29:30,2024-09-01 00:29:50,2024-09-01 00:50:55,112,52,5.81,1265,34.92,0.0,0.96,3.09,0.0,0.0,0.0,20.19,N,N,N,N,N
HV0003,B03404,B03404,2024-09-01 00:52:49,2024-09-01 00:57:30,2024-09-01 00:58:12,2024-09-01 01:04:07,25,106,1.25,355,11.59,0.0,0.32,1.03,0.0,0.0,0.0,7.89,N,N,N,N,N
HV0003,B03404,B03404,2024-09-01 00:05:15,2024-09-01 00:11:36,2024-09-01 00:11:44,2024-09-01 00:29:38,208,265,9.11,1074,26.82,0.0,0.74,2.38,0.0,0.0,0.0,24.77,N,N,N,N,N
HV0003,B03404,B03404,2024-09-01 00:12:13,2024-09-01 00:18:29,2024-09-01 00:19:25,2024-09-01 00:44:14,36,140,6.63,1489,36.35,0.0,1.06,3.42,2.75,0.0,0.0,26.49,N,N,N,N,N
HV0003,B03404,B03404,2024-09-01 00:00:31,2024-09-01 00:03:29,2024-09-01 00:04:10,2024-09-01 00:37:39,41,205,16.12,2009,44.23,6.94,1.22,4.55,0.0,0.0,0.0,41.44,N,N,N,N,N
HV0003,B03404,B03404,2024-09-01 00:45:04,2024-09-01 00:47:25,2024-09-01 00:48:17,2024-09-01 01:06:27,10,63,10.2,1090,27.83,0.0,0.75,2.42,0.0,0.0,0.0,24.46,N,N,N,N,N
HV0005,B03406,,2024-09-01 00:11:13,,2024-09-01 00:13:17,2024-09-01 00:51:31,49,143,8.827,2294,36.85,0.0,0.97,3.13,2.75,0.0,0.0,34.42,N,N,N,N,N
HV0003,B03404,B03404,2024-08-31 23:59:26,2024-09-01 00:05:56,2024-09-01 00:06:26,2024-09-01 00:19:26,102,76,3.97,780,21.81,0.0,0.64,2.06,0.0,0.0,0.0,12.98,N,N,N,N,N
HV0005,B03406,,2024-09-01 00:00:11,,2024-09-01 00:02:46,2024-09-01 00:22:46,144,140,4.479,1200,24.38,0.0,0.67,2.16,2.75,0.0,0.0,17.81,N,N,N,N,N
HV0005,B03406,,2024-09-01 00:37:40,,2024-09-01 00:40:46,2024-09-01 01:38:38,79,116,8.635,3472,34.02,0.14,0.9,2.91,2.75,0.0,0.0,45.64,N,N,N,N,N
HV0003,B03404,B03404,2024-08-31 23:58:02,2024-09-01 00:00:01,2024-09-01 00:00:08,2024-09-01 00:32:17,79,133,10.25,1929,31.6,0.0,0.87,2.81,2.75,0.0,0.0,32.68,N,N,N,N,N
HV0005,B03406,,2024-09-01 00:34:22,,2024-09-01 00:39:15,2024-09-01 01:06:36,133,55,12.929,1641,28.99,0.0,0.71,2.29,0.0,0.0,0.0,33.64,N,N,N,N,N
HV0005,B03406,,2024-09-01 00:03:03,,2024-09-01 00:05:59,2024-09-01 00:14:17,90,68,0.805,498,8.11,0.0,0.22,0.72,2.75,0.0,5.0,5.95,N,N,N,N,N
HV0005,B03406,,2024-09-01 00:10:28,,2024-09-01 00:14:35,2024-09-01 00:28:13,68,143,1.739,818,19.04,0.0,0.35,1.13,2.75,0.0,0.0,10.72,N,N,N,N,N
HV0005,B03406,,2024-09-01 00:41:25,,2024-09-01 00:42:32,2024-09-01 00:46:39,143,239,1.295,247,8.28,0.0,0.23,0.73,2.75,0.0,0.0,5.47,N,N,N,N,N
HV0005,B03406,,2024-09-01 00:54:18,,2024-09-01 00:57:04,2024-09-01 01:45:27,48,188,13.392,2903,54.31,3.34,1.52,4.92,2.75,0.0,0.0,46.58,N,N,N,N,N
HV0003,B03404,B03404,2024-09-01 00:01:08,2024-09-01 00:05:59,2024-09-01 00:07:59,2024-09-01 00:38:12,167,166,4.1,1813,28.33,0.0,0.78,2.51,0.0,0.0,0.0,23.2,N,N,N,N,N
HV0003,B03404,B03404,2024-09-01 00:38:48,2024-09-01 00:41:39,2024-09-01 00:42:22,2024-09-01 00:53:39,166,244,3.62,677,17.03,0.0,0.47,1.51,0.0,0.0,0.0,11.5,N,N,N,N,N
HV0005,B03406,,2024-09-01 00:19:56,,2024-09-01 00:24:21,2024-09-01 00:37:33,79,158,1.778,792,13.63,0.0,0.37,1.21,2.75,0.0,0.0,10.15,N,N,N,N,N
HV0005,B03406,,2024-09-01 00:39:55,,2024-09-01 00:42:59,2024-09-01 00:55:04,158,48,2.92,725,21.92,0.0,0.6,1.95,2.75,0.0,0.0,11.05,N,N,N,N,N
HV0003,B03404,B03404,2024-09-01 00:04:58,2024-09-01 00:09:19,2024-09-01 00:09:25,2024-09-01 00:19:17,35,76,2.21,592,14.3,0.0,0.39,1.27,0.0,0.0,0.0,8.76,N,N,N,N,N
HV0003,B03404,B03404,2024-09-01 00:18:36,2024-09-01 00:21:15,2024-09-01 00:23:16,2024-09-01 00:32:21,76,76,1.55,545,13.42,0.0,0.37,1.19,0.0,0.0,0.0,8.37,N,N,N,N,N
HV0003,B03404,B03404,2024-09-01 00:26:38,2024-09-01 00:36:47,2024-09-01 00:36:47,2024-09-01 00:43:56,76,77,1.62,429,10.98,0.0,0.3,0.98,0.0,0.0,0.0,6.37,N,N,N,N,N
HV0003,B03404,B03404,2024-09-01 00:55:35,2024-09-01 00:58:07,2024-09-01 00:58:38,2024-09-01 01:23:03,61,39,5.18,1465,26.85,0.0,0.74,2.38,0.0,0.0,0.0,21.28,N,N,N,N,N
HV0003,B03404,B03404,2024-08-31 23:57:27,2024-09-01 00:05:41,2024-09-01 00:05:44,2024-09-01 00:23:37,25,14,6.29,1073,11.77,0.0,0.32,1.04,0.0,0.0,0.0,11.1,Y,Y,N,N,N
HV0003,B03404,B03404,2024-09-01 00:00:47,2024-09-01 00:09:17,2024-09-01 00:10:21,2024-09-01 00:29:42,25,14,7.7,1161,12.4,0.0,0.35,1.1,0.0,0.0,2.0,13.88,Y,Y,N,N,N
HV0003,B03404,B03404,2024-09-01 00:31:30,2024-09-01 00:33:49,2024-09-01 00:35:50,2024-09-01 00:55:27,14,232,7.95,1177,23.8,0.0,0.65,2.11,2.75,0.0,0.0,22.25,N,N,N,N,N
HV0003,B03404,B03404,2024-09-01 00:11:08,2024-09-01 00:17:14,2024-09-01 00:18:44,2024-09-01 00:26:06,175,16,2.45,442,9.35,0.0,0.27,0.88,0.0,0.0,0.0,7.63,N,N,N,N,N
HV0003,B03404,B03404,2024-09-01 00:26:06,2024-09-01 00:30:14,2024-09-01 00:30:35,2024-09-01 00:34:41,171,73,0.75,246,8.89,0.0,0.24,0.78,0.0,0.0,0.0,5.39,N,N,N,N,N
HV0003,B03404,B03404,2024-09-01 00:34:39,2024-09-01 00:37:30,2024-09-01 00:39:30,2024-09-01 00:47:43,171,9,1.18,493,9.94,0.0,0.29,0.94,0.0,0.0,0.0,6.96,N,N,N,N,N
HV0003,B03404,B03404,2024-09-01 00:48:29,2024-09-01 00:54:02,2024-09-01 00:54:46,2024-09-01 01:11:10,9,197,5.2,984,17.35,0.0,0.48,1.54,0.0,0.0,0.0,16.63,Y,N,N,N,N
HV0003,B03404,B03404,2024-09-01 00:31:26,2024-09-01 00:39:57,2024-09-01 00:40:16,2024-09-01 00:47:57,255,37,1.57,461,20.57,0.0,0.56,1.83,0.0,0.0,0.0,10.29,N,N,N,N,N
HV0003,B03404,B03404,2024-09-01 00:46:44,2024-09-01 00:52:21,2024-09-01 00:52:28,2024-09-01 01:05:02,37,37,1.91,754,17.1,0.0,0.48,1.56,0.0,0.0,0.0,11.18,N,N,N,N,N
HV0003,B03404,B03404,2024-09-01 00:16:02,2024-09-01 00:19:17,2024-09-01 00:19:57,2024-09-01 00:45:11,129,145,4.12,1514,22.68,0.0,0.67,2.14,0.0,0.0,0.0,21.31,N,N,N,N,N
HV0003,B03404,B03404,2024-09-01 00:44:14,2024-09-01 00:48:49,2024-09-01 00:49:10,2024-09-01 01:10:48,145,66,6.28,1298,28.6,0.0,0.79,2.53,0.0,0.0,0.0,21.15,N,N,N,N,N
HV0003,B03404,B03404,2024-09-01 00:03:10,2024-09-01 00:04:57,2024-09-01 00:06:35,2024-09-01 00:54:11,42,85,14.76,2856,33.56,6.94,0.96,3.55,0.0,0.0,0.0,47.82,N,N,N,N,N
HV0005,B03406,,2024-09-01 00:03:28,,2024-09-01 00:08:32,2024-09-01 00:15:47,40,25,1.477,435,8.69,0.0,0.24,0.77,0.0,0.0,0.0,6.26,N,N,N,N,N
HV0005,B03406,,2024-09-01 00:13:47,,2024-09-01 00:18:30,2024-09-01 00:34:21,25,249,4.056,951,34.22,0.0,0.94,3.04,2.75,0.0,0.0,14.8,N,N,N,N,N
HV0005,B03406,,2024-09-01 00:31:43,,2024-09-01 00:36:23,2024-09-01 01:33:37,114,140,4.716,3434,56.15,0.0,1.54,4.98,2.75,0.0,9.81,39.91,N,N,N,N,N
HV0003,B03404,B03404,2024-09-01 00:38:35,2024-09-01 00:42:02,2024-09-01 00:44:01,2024-09-01 01:05:27,168,3,8.72,1286,26.8,0.0,0.78,2.53,0.0,0.0,0.0,24.35,N,N,N,N,N
HV0003,B03404,B03404,2024-09-01 00:32:03,2024-09-01 00:35:14,2024-09-01 00:35:15,2024-09-01 00:48:35,7,119,5.9,800,24.5,6.94,0.67,2.78,0.0,0.0,0.0,15.79,N,N,N,N,N
HV0003,B03404,B03404,2024-09-01 00:52:24,2024-09-01 00:56:13,2024-09-01 00:56:48,2024-09-01 01:11:11,42,69,2.72,863,13.73,0.0,0.37,1.22,0.0,0.0,0.0,12.08,N,N,N,N,N
HV0003,B03404,B03404,2024-09-01 00:03:23,2024-09-01 00:05:00,2024-09-01 00:05:30,2024-09-01 00:24:14,47,74,6.96,1124,28.6,0.0,0.78,2.54,0.0,0.0,0.0,20.39,N,N,N,N,N
HV0003,B03404,B03404,2024-09-01 00:24:08,2024-09-01 00:26:45,2024-09-01 00:28:45,2024-09-01 00:33:30,74,74,0.38,285,7.58,0.0,0.21,0.67,0.0,0.0,0.0,6.22,N,N,N,N,N
HV0003,B03404,B03404,2024-09-01 00:33:55,2024-09-01 00:35:44,2024-09-01 00:37:40,2024-09-01 00:51:01,74,7,4.44,801,17.33,6.94,0.48,2.15,0.0,0.0,0.0,13.82,N,N,N,N,N
HV0003,B03404,B03404,2024-09-01 00:54:14,2024-09-01 00:56:00,2024-09-01 00:56:32,2024-09-01 01:04:55,7,223,1.73,503,13.36,0.0,0.36,1.19,0.0,0.0,0.0,7.24,N,N,N,N,N
HV0003,B03404,B03404,2024-09-01 00:23:13,2024-09-01 00:26:05,2024-09-01 00:26:44,2024-09-01 00:56:55,177,106,5.33,1811,27.71,0.0,0.76,2.46,0.0,0.0,0.0,24.84,N,N,N,N,N
HV0003,B03404,B03404,2024-09-01 00:55:52,2024-09-01 00:58:16,2024-09-01 00:58:16,2024-09-01 01:39:48,106,265,17.49,2492,73.96,26.94,2.04,0.0,0.0,0.0,0.0,51.75,N,N,N,N,N
HV0005,B03406,,2024-09-01 00:15:10,,2024-09-01 00:26:54,2024-09-01 01:08:33,97,216,17.932,2499,53.46,0.0,1.47,4.74,0.0,0.0,0.0,55.85,N,N,N,N,Y
HV0003,B03404,B03404,2024-09-01 00:04:41,2024-09-01 00:09:28,2024-09-01 00:09:28,2024-09-01 00:22:16,249,4,1.63,768,16.15,0.0,0.47,1.53,2.75,0.0,0.0,9.68,N,N,N,N,N
HV0003,B03404,B03404,2024-09-01 00:20:49,2024-09-01 00:22:17,2024-09-01 00:24:17,2024-09-01 00:37:20,4,158,2.3,783,18.87,0.0,0.51,1.66,2.75,0.0,0.0,10.74,N,N,N,N,N
HV0003,B03404,B03404,2024-09-01 00:34:17,2024-09-01 00:38:31,2024-09-01 00:39:02,2024-09-01 01:08:33,158,167,12.82,1771,41.33,0.0,1.14,3.67,2.75,0.0,0.0,34.65,N,N,N,N,N
HV0003,B03404,B03404,2024-09-01 00:06:17,2024-09-01 00:08:27,2024-09-01 00:09:50,2024-09-01 00:21:50,211,246,2.46,720,18.13,0.0,0.49,1.61,2.75,0.0,2.29,10.35,N,N,N,N,N
HV0003,B03404,B03404,2024-09-01 00:26:14,2024-09-01 00:26:51,2024-09-01 00:28:51,2024-09-01 00:43:58,90,261,2.78,907,20.83,0.0,0.57,1.85,2.75,0.0,0.0,12.59,N,N,N,N,N
HV0003,B03404,B03404,2024-09-01 00:47:15,2024-09-01 00:49:15,2024-09-01 00:51:15,2024-09-01 01:05:52,231,100,3.21,877,23.97,0.0,0.66,2.13,2.75,0.0,0.0,13.11,N,N,N,N,N
HV0003,B03404,B03404,2024-09-01 00:02:00,2024-09-01 00:04:11,2024-09-01 00:04:33,2024-09-01 00:11:30,82,82,1.4,417,9.71,0.0,0.26,0.86,0.0,0.0,0.0,5.95,N,N,N,N,N
HV0003,B03404,B03404,2024-09-01 00:09:28,2024-09-01 00:12:39,2024-09-01 00:12:50,2024-09-01 00:24:22,82,157,2.51,692,17.81,0.0,0.49,1.58,0.0,0.0,0.0,10.13,N,N,N,N,N
HV0003,B03404,B03404,2024-09-01 00:24:40,2024-09-01 00:33:24,2024-09-01 00:33:47,2024-09-01 00:51:50,80,83,4.88,1083,26.66,0.0,0.78,2.51,0.0,0.0,0.0,19.66,N,N,N,N,N
HV0003,B03404,B03404,2024-09-01 00:50:25,2024-09-01 00:54:35,2024-09-01 00:55:24,2024-09-01 01:17:48,82,258,5.27,1344,23.0,0.0,0.64,2.04,0.0,0.0,0.0,20.23,N,N,N,N,N
HV0005,B03406,,2024-09-01 00:49:12,,2024-09-01 00:55:25,2024-09-01 01:17:37,148,263,5.324,1332,47.58,0.0,1.31,4.22,2.75,0.0,0.0,30.14,N,N,N,N,N
HV0003,B03404,B03404,2024-09-01 00:04:00,2024-09-01 00:07:00,2024-09-01 00:07:15,2024-09-01 00:18:09,4,13,3.92,654,19.93,0.0,0.55,1.77,2.75,0.0,5.0,11.68,N,N,N,N,N
HV0003,B03404,B03404,2024-09-01 00:20:18,2024-09-01 00:21:32,2024-09-01 00:21:40,2024-09-01 00:38:23,13,17,6.92,1003,23.79,6.94,0.69,2.86,2.75,0.0,0.0,19.16,N,N,N,N,N
HV0003,B03404,B03404,2024-09-01 00:40:55,2024-09-01 00:44:58,2024-09-01 00:46:32,2024-09-01 00:54:01,37,61,1.67,449,11.82,0.0,0.34,1.11,0.0,0.0,0.0,7.88,N,N,N,N,N
HV0003,B03404,B03404,2024-09-01 00:53:46,2024-09-01 00:57:14,2024-09-01 00:57:27,2024-09-01 01:03:57,225,225,0.91,390,7.51,0.0,0.21,0.66,0.0,0.0,0.0,5.4,N,N,N,N,N
HV0003,B03404,B03404,2024-09-01 00:04:59,2024-09-01 00:05:45,2024-09-01 00:07:28,2024-09-01 00:36:19,140,175,16.64,1731,42.63,6.94,1.17,4.39,2.75,0.0,2.0,39.45,N,N,N,N,N
HV0003,B03404,B03404,2024-09-01 00:50:07,2024-09-01 00:52:33,2024-09-01 00:52:50,2024-09-01 01:03:33,121,131,2.44,643,10.87,0.0,0.3,0.96,0.0,0.0,0.0,9.57,N,N,N,N,N
HV0003,B03404,B03404,2024-09-01 00:18:55,2024-09-01 00:22:57,2024-09-01 00:23:18,2024-09-01 00:28:38,159,47,1.06,320,8.03,0.0,0.22,0.72,0.0,0.0,0.0,5.39,N,N,N,N,N
HV0003,B03404,B03404,2024-09-01 00:10:45,2024-09-01 00:14:04,2024-09-01 00:14:22,2024-09-01 00:43:33,112,76,14.0,1751,51.04,0.0,1.4,4.53,0.0,0.0,0.0,37.05,N,N,N,N,N
HV0003,B03404,B03404,2024-09-01 00:48:49,2024-09-01 00:51:52,2024-09-01 00:53:46,2024-09-01 01:09:03,37,157,2.85,917,19.64,0.0,0.54,1.75,0.0,0.0,0.0,12.79,N,N,N,N,N
HV0003,B03404,B03404,2024-09-01 00:30:07,2024-09-01 00:31:49,2024-09-01 00:31:58,2024-09-01 00:36:31,137,107,0.94,273,8.25,0.0,0.23,0.74,2.75,0.0,3.0,5.39,N,N,N,N,N
HV0003,B03404,B03404,2024-09-01 00:36:18,2024-09-01 00:39:25,2024-09-01 00:40:02,2024-09-01 00:45:25,79,170,1.31,323,9.06,0.0,0.21,0.67,2.75,0.0,1.0,5.39,N,N,N,N,N
HV0003,B03404,B03404,2024-09-01 00:50:19,2024-09-01 00:52:49,2024-09-01 00:53:53,2024-09-01 01:16:57,100,265,6.18,1384,32.96,20.0,0.91,0.0,0.0,0.0,0.0,23.73,N,N,N,N,N
HV0003,B03404,B03404,2024-09-01 00:09:48,2024-09-01 00:12:09,2024-09-01 00:13:09,2024-09-01 00:22:36,143,68,1.93,567,19.3,0.0,0.53,1.71,2.75,0.0,0.0,8.68,N,N,N,N,N
HV0003,B03404,B03404,2024-09-01 00:23:05,2024-09-01 00:25:04,2024-09-01 00:25:51,2024-09-01 00:56:53,100,239,2.11,1862,19.84,0.0,0.54,1.76,2.75,0.0,3.73,21.2,N,N,N,N,N
HV0003,B03404,B03404,2024-09-01 00:45:39,2024-09-01 00:49:24,2024-09-01 00:50:12,2024-09-01 01:04:39,161,68,2.42,867,24.28,0.0,0.66,2.15,2.75,0.0,0.0,12.1,N,N,N,N,N
HV0003,B03404,B03404,2024-09-01 00:23:00,2024-09-01 00:27:26,2024-09-01 00:28:47,2024-09-01 01:14:36,129,265,18.54,2749,54.52,20.0,1.53,0.0,0.0,0.0,0.0,58.41,N,N,N,N,N
HV0005,B03406,,2024-09-01 00:17:42,,2024-09-01 00:21:00,2024-09-01 00:24:55,129,129,0.713,235,8.06,0.0,0.22,0.71,0.0,0.0,0.0,8.72,N,N,N,N,N
HV0003,B03404,B03404,2024-09-01 00:39:40,2024-09-01 00:41:42,2024-09-01 00:43:44,2024-09-01 00:55:04,209,148,1.64,680,14.8,0.0,0.4,1.31,2.75,0.0,0.0,8.85,N,N,N,N,N
HV0003,B03404,B03404,2024-09-01 00:52:39,2024-09-01 00:56:06,2024-09-01 00:56:21,2024-09-01 01:25:54,148,177,6.99,1773,33.42,0.0,0.92,2.97,2.75,0.0,0.0,26.74,N,N,N,N,N
HV0005,B03406,,2024-09-01 00:04:16,,2024-09-01 00:11:10,2024-09-01 00:28:18,256,33,3.219,1028,15.22,0.0,0.42,1.35,0.0,0.0,0.0,17.41,N,N,N,N,N
HV0005,B03406,,2024-09-01 00:05:36,,2024-09-01 00:12:44,2024-09-01 00:25:35,9,130,6.357,771,21.49,0.0,0.59,1.91,0.0,0.0,0.0,16.19,N,N,N,N,N
HV0005,B03406,,2024-09-01 00:22:41,,2024-09-01 00:26:02,2024-09-01 00:36:36,130,197,2.768,634,17.87,0.0,0.44,1.41,0.0,0.0,0.0,12.96,N,N,N,N,N
HV0005,B03406,,2024-09-01 00:34:57,,2024-09-01 00:42:23,2024-09-01 00:45:43,180,258,0.692,200,8.95,0.0,0.25,0.79,0.0,0.0,0.0,5.47,N,N,N,N,N
HV0005,B03406,,2024-09-01 00:47:38,,2024-09-01 00:51:45,2024-09-01 00:59:29,258,180,1.891,464,11.56,0.0,0.3,0.97,0.0,0.0,0.0,7.1,N,N,N,N,N
HV0005,B03406,,2024-09-01 00:27:07,,2024-09-01 00:28:45,2024-09-01 00:32:44,148,144,0.512,239,8.1,0.0,0.22,0.72,2.75,0.0,2.0,5.47,N,N,N,N,N
HV0005,B03406,,2024-09-01 00:35:17,,2024-09-01 00:39:00,2024-09-01 00:58:01,148,265,3.874,1141,34.5,21.04,1.39,0.0,0.0,0.0,10.25,17.35,N,N,N,N,N
HV0003,B03404,B03404,2024-09-01 00:13:56,2024-09-01 00:15:48,2024-09-01 00:16:11,2024-09-01 00:23:30,113,224,0.85,439,7.94,0.0,0.23,0.75,2.75,0.0,1.0,5.43,N,N,N,N,N
HV0003,B03404,B03404,2024-09-01 00:24:14,2024-09-01 00:27:47,2024-09-01 00:28:48,2024-09-01 00:46:29,107,265,4.49,1061,27.21,20.0,0.75,0.0,0.0,0.0,0.0,18.3,N,N,N,N,N
HV0003,B03404,B03404,2024-09-01 00:04:40,2024-09-01 00:06:25,2024-09-01 00:06:38,2024-09-01 00:11:20,223,7,1.07,282,8.36,0.0,0.24,0.79,0.0,0.0,1.0,5.4,N,N,N,N,N
HV0003,B03404,B03404,2024-09-01 00:52:16,2024-09-01 00:56:33,2024-09-01 00:57:01,2024-09-01 01:18:36,129,17,8.7,1295,26.09,0.0,0.76,2.46,0.0,0.0,0.0,24.41,N,N,N,N,N
HV0003,B03404,B03404,2024-09-01 00:04:02,2024-09-01 00:13:05,2024-09-01 00:13:42,2024-09-01 00:33:01,216,102,4.34,1159,22.4,0.0,0.66,2.11,0.0,0.0,0.0,19.2,N,N,Y,N,N
HV0003,B03404,B03404,2024-09-01 00:35:51,2024-09-01 00:39:25,2024-09-01 00:41:27,2024-09-01 00:56:11,102,180,3.58,884,20.75,0.0,0.61,1.96,0.0,0.0,0.0,13.47,N,N,N,N,N
HV0003,B03404,B03404,2024-09-01 00:18:11,2024-09-01 00:21:03,2024-09-01 00:21:56,2024-09-01 00:31:23,61,37,1.73,567,12.16,0.0,0.33,1.08,0.0,0.0,0.0,7.86,N,N,N,N,N
HV0003,B03404,B03404,2024-09-01 00:40:53,2024-09-01 00:42:23,2024-09-01 00:43:38,2024-09-01 00:58:29,198,225,2.45,891,12.97,0.0,0.35,1.12,0.0,0.0,0.0,11.99,N,N,N,N,N
HV0003,B03404,B03404,2024-09-01 00:43:37,2024-09-01 00:45:07,2024-09-01 00:47:09,2024-09-01 00:57:49,91,85,1.86,640,11.61,0.0,0.32,1.03,0.0,0.0,0.0,8.76,N,N,N,N,N
HV0003,B03404,B03404,2024-08-31 23:59:01,2024-09-01 00:02:01,2024-09-01 00:03:01,2024-09-01 00:20:34,69,254,10.34,1053,24.25,0.0,0.67,2.16,0.0,0.0,5.41,25.92,N,N,N,N,N
HV0003,B03404,B03404,2024-09-01 00:36:50,2024-09-01 00:40:31,2024-09-01 00:42:33,2024-09-01 00:57:59,82,196,2.49,926,13.33,0.0,0.36,1.18,0.0,0.0,0.0,12.4,N,N,N,N,N
HV0003,B03404,B03404,2024-09-01 00:01:06,2024-09-01 00:01:48,2024-09-01 00:03:50,2024-09-01 00:11:37,79,234,1.12,467,9.37,0.0,0.26,0.84,2.75,0.0,3.0,6.22,N,N,N,N,N
HV0003,B03404,B03404,2024-09-01 00:12:08,2024-09-01 00:18:08,2024-09-01 00:18:44,2024-09-01 00:29:50,113,125,1.72,666,13.88,0.0,0.39,1.26,2.75,0.0,3.0,8.81,N,N,N,N,N
HV0003,B03404,B03404,2024-09-01 00:29:00,2024-09-01 00:32:08,2024-09-01 00:34:09,2024-09-01 00:52:31,158,65,3.59,1102,19.93,0.0,0.59,1.88,2.75,0.0,0.0,15.58,N,N,N,N,N
HV0003,B03404,B03404,2024-09-01 00:55:01,2024-09-01 00:56:16,2024-09-01 00:57:19,2024-09-01 01:07:05,65,256,3.12,586,17.15,0.0,0.44,1.45,0.0,0.0,0.0,9.94,N,N,N,N,N
HV0003,B03404,B03404,2024-08-31 23:59:16,2024-09-01 00:03:35,2024-09-01 00:03:44,2024-09-01 00:23:51,198,7,5.93,1207,25.05,0.0,0.69,2.21,0.0,0.0,0.0,19.79,N,N,N,N,N
HV0003,B03404,B03404,2024-09-01 00:24:08,2024-09-01 00:25:35,2024-09-01 00:25:47,2024-09-01 00:34:23,7,223,2.3,516,9.63,0.0,0.26,0.85,0.0,0.0,3.0,8.14,N,N,N,N,N
HV0003,B03404,B03404,2024-09-01 00:17:07,2024-09-01 00:18:02,2024-09-01 00:20:03,2024-09-01 00:36:54,213,127,7.22,1011,26.79,0.0,0.73,2.38,0.0,0.0,0.0,19.64,N,N,N,N,N
HV0003,B03404,B03404,2024-09-01 00:36:16,2024-09-01 00:37:34,2024-09-01 00:39:35,2024-09-01 00:51:17,127,243,1.77,702,11.33,0.0,0.31,1.01,0.0,0.0,0.0,9.23,N,N,N,N,N
HV0003,B03404,B03404,2024-09-01 00:55:11,2024-09-01 00:58:10,2024-09-01 00:58:53,2024-09-01 01:16:11,243,69,2.42,1038,13.37,0.0,0.36,1.18,0.0,0.0,0.0,13.38,N,N,N,N,N
HV0003,B03404,B03404,2024-09-01 00:09:58,2024-09-01 00:13:58,2024-09-01 00:14:41,2024-09-01 00:53:41,234,17,6.48,2340,31.79,0.0,0.89,2.86,2.75,0.0,0.0,35.37,N,N,N,N,N
HV0003,B03404,B03404,2024-09-01 00:13:01,2024-09-01 00:17:04,2024-09-01 00:18:08,2024-09-01 00:33:05,69,244,2.31,897,14.26,0.0,0.39,1.26,0.0,0.0,0.0,11.86,N,N,N,N,N
HV0003,B03404,B03404,2024-09-01 00:36:20,2024-09-01 00:43:52,2024-09-01 00:44:19,2024-09-01 00:54:21,116,244,1.65,602,9.26,0.0,0.27,0.88,0.0,0.0,3.0,8.09,N,N,N,N,N
HV0003,B03404,B03404,2024-09-01 00:55:35,2024-09-01 00:59:16,2024-09-01 00:59:42,2024-09-01 01:25:05,243,82,9.93,1523,29.88,6.94,0.83,3.26,0.0,0.0,0.0,28.3,N,N,N,N,N
HV0003,B03404,B03404,2024-09-01 00:24:25,2024-09-01 00:25:03,2024-09-01 00:26:12,2024-09-01 00:48:13,258,36,5.24,1321,16.56,0.0,0.49,1.56,0.0,0.0,0.0,19.97,N,N,N,N,N
HV0003,B03404,B03404,2024-09-01 00:37:16,2024-09-01 00:49:35,2024-09-01 00:49:52,2024-09-01 01:12:42,37,34,2.82,1370,28.65,0.0,0.78,2.55,0.0,0.0,0.0,17.59,N,N,N,N,N
HV0005,B03406,,2024-09-01 00:00:44,,2024-09-01 00:04:12,2024-09-01 00:54:14,164,175,16.433,3002,78.19,33.56,3.07,9.92,2.75,0.0,0.0,55.27,N,N,N,N,N
HV0003,B03404,B03404,2024-08-31 23:59:35,2024-09-01 00:00:56,2024-09-01 00:00:56,2024-09-01 00:16:41,16,28,8.4,945,27.59,0.0,0.7,2.28,0.0,0.0,0.0,20.6,N,N,N,N,N
HV0003,B03404,B03404,2024-09-01 00:16:19,2024-09-01 00:19:13,2024-09-01 00:20:01,2024-09-01 00:51:18,28,143,13.79,1877,38.66,0.0,1.06,3.42,2.75,0.0,0.0,36.99,N,N,N,N,N
HV0005,B03406,,2024-09-01 00:11:39,,2024-09-01 00:13:19,2024-09-01 00:51:46,163,265,14.305,2307,49.06,20.9,1.92,0.0,0.0,0.0,0.0,46.5,N,N,N,N,N
HV0005,B03406,,2024-09-01 00:33:21,,2024-09-01 00:45:22,2024-09-01 00:59:30,37,17,2.388,848,13.29,0.0,0.37,1.18,0.0,0.0,0.0,14.53,N,N,N,N,N
HV0005,B03406,,2024-09-01 00:04:39,,2024-09-01 00:07:19,2024-09-01 00:18:19,186,249,1.535,660,14.31,0.0,0.33,1.07,2.75,0.0,2.77,9.12,N,N,N,N,Y
HV0005,B03406,,2024-09-01 00:17:44,,2024-09-01 00:24:03,2024-09-01 01:00:48,249,223,8.631,2205,39.44,2.14,1.08,3.49,2.75,0.0,7.34,36.62,N,N,N,N,Y
HV0003,B03404,B03404,2024-09-01 00:12:05,2024-09-01 00:16:30,2024-09-01 00:18:14,2024-09-01 00:58:34,25,239,11.45,2420,53.1,0.0,1.46,4.71,2.75,0.0,6.2,39.08,N,N,N,N,N
HV0005,B03406,,2024-09-01 00:08:44,,2024-09-01 00:13:11,2024-09-01 00:36:11,65,106,2.32,1380,11.56,0.0,0.32,1.03,0.0,0.0,0.0,16.62,N,N,N,N,N
HV0005,B03406,,2024-09-01 00:29:56,,2024-09-01 00:38:39,2024-09-01 00:54:07,106,49,2.971,928,15.22,0.0,0.42,1.35,0.0,0.0,0.0,16.1,N,N,N,N,N
HV0005,B03406,,2024-09-01 00:47:25,,2024-09-01 00:58:27,2024-09-01 01:21:14,189,112,4.284,1367,25.55,0.0,0.7,2.27,0.0,0.0,0.0,23.18,N,N,N,N,N
HV0003,B03404,B03404,2024-09-01 00:06:24,2024-09-01 00:07:03,2024-09-01 00:09:04,2024-09-01 00:17:14,113,90,1.31,490,12.11,0.0,0.33,1.08,2.75,0.0,0.0,6.54,N,N,N,N,N
HV0003,B03404,B03404,2024-09-01 00:25:10,2024-09-01 00:26:47,2024-09-01 00:27:31,2024-09-01 00:46:01,100,13,4.19,1110,33.28,0.0,0.92,2.95,2.75,0.0,5.98,16.49,N,N,N,N,N
HV0003,B03404,B03404,2024-09-01 00:46:18,2024-09-01 00:46:31,2024-09-01 00:48:32,2024-09-01 01:22:40,13,216,18.7,2048,56.86,6.94,1.66,5.98,2.75,0.0,0.0,45.84,N,N,N,N,N
HV0003,B03404,B03404,2024-09-01 00:09:15,2024-09-01 00:12:17,2024-09-01 00:13:12,2024-09-01 00:30:47,241,212,4.74,1055,16.05,0.0,0.45,1.42,0.0,0.0,0.0,16.7,N,N,N,N,N
HV0003,B03404,B03404,2024-09-01 00:05:33,2024-09-01 00:07:34,2024-09-01 00:09:35,2024-09-01 00:22:14,91,39,2.5,759,13.82,0.0,0.38,1.22,0.0,0.0,0.0,10.77,N,N,N,N,N
HV0003,B03404,B03404,2024-09-01 00:14:27,2024-09-01 00:25:14,2024-09-01 00:25:39,2024-09-01 00:43:08,39,216,7.58,1049,25.25,0.0,0.69,2.24,0.0,0.0,0.0,20.5,Y,N,N,N,N
HV0003,B03404,B03404,2024-09-01 00:42:41,2024-09-01 00:46:58,2024-09-01 00:47:08,2024-09-01 01:02:05,216,205,3.21,897,17.82,0.0,0.49,1.58,0.0,0.0,0.0,13.09,N,N,N,N,N
HV0003,B03404,B03404,2024-08-31 23:59:05,2024-09-01 00:02:44,2024-09-01 00:03:12,2024-09-01 00:52:06,48,49,11.42,2934,20.5,0.0,0.6,1.94,0.75,0.0,0.0,29.44,Y,Y,N,N,N
HV0003,B03404,B03404,2024-09-01 00:01:46,2024-09-01 00:08:32,2024-09-01 00:09:32,2024-09-01 00:39:02,48,25,8.82,1770,23.2,0.0,0.65,2.07,0.75,0.0,0.0,14.6,Y,Y,N,N,N
HV0003,B03404,B03404,2024-09-01 00:52:31,2024-09-01 00:54:24,2024-09-01 00:55:33,2024-09-01 01:13:46,49,112,3.11,1093,18.0,0.0,0.49,1.6,0.0,0.0,3.01,16.6,N,N,N,N,N
HV0003,B03404,B03404,2024-09-01 00:00:10,2024-09-01 00:02:31,2024-09-01 00:03:09,2024-09-01 00:14:58,237,41,3.19,709,16.78,0.0,0.46,1.49,2.75,0.0,0.0,11.23,N,N,N,N,N
HV0003,B03404,B03404,2024-09-01 00:38:58,2024-09-01 00:42:27,2024-09-01 00:43:23,2024-09-01 01:02:19,145,114,4.23,1136,21.18,6.94,0.59,2.49,2.75,0.0,0.0,19.04,N,N,N,N,N
HV0003,B03404,B03404,2024-08-31 23:59:49,2024-09-01 00:00:56,2024-09-01 00:05:10,2024-09-01 00:21:17,61,37,3.49,967,37.93,0.0,1.05,3.37,0.0,0.0,0.0,22.55,N,N,N,N,N
HV0003,B03404,B03404,2024-09-01 00:17:29,2024-09-01 00:27:24,2024-09-01 00:28:02,2024-09-01 00:38:54,36,198,2.02,652,34.62,0.0,0.97,3.15,0.0,0.0,0.0,19.47,N,N,N,N,N
HV0003,B03404,B03404,2024-08-31 23:53:10,2024-09-01 00:30:07,2024-09-01 00:31:40,2024-09-01 01:01:08,93,259,16.35,1768,95.02,6.94,2.62,9.05,0.0,0.0,17.01,66.66,N,N,N,N,N
HV0005,B03406,,2024-08-31 23:51:00,,2024-09-01 00:05:57,2024-09-01 00:15:18,186,161,0.993,561,10.07,0.0,0.28,0.89,2.75,0.0,0.0,6.82,N,N,N,N,N
HV0005,B03406,,2024-09-01 00:15:06,,2024-09-01 00:16:57,2024-09-01 00:27:03,170,48,1.054,606,10.76,0.0,0.3,0.96,2.75,0.0,1.0,7.35,N,N,N,N,N
HV0003,B03404,B03404,2024-08-31 23:58:08,2024-08-31 23:59:50,2024-09-01 00:01:48,2024-09-01 00:17:54,229,87,5.79,966,29.73,0.0,0.82,2.63,2.75,0.0,0.0,18.19,N,N,N,N,N
HV0003,B03404,B03404,2024-09-01 00:16:26,2024-09-01 00:21:30,2024-09-01 00:22:07,2024-09-01 01:00:37,88,225,7.17,2310,34.22,0.0,0.94,3.04,2.75,0.0,0.0,33.13,N,N,N,N,N
HV0003,B03404,B03404,2024-09-01 00:12:49,2024-09-01 00:16:11,2024-09-01 00:16:40,2024-09-01 00:33:55,133,71,2.57,1035,17.02,0.0,0.46,1.51,0.0,0.0,0.0,13.56,N,N,N,N,N
HV0003,B03404,B03404,2024-09-01 00:36:20,2024-09-01 00:37:43,2024-09-01 00:39:45,2024-09-01 00:57:33,85,97,4.35,1068,17.31,0.0,0.48,1.54,0.0,0.0,0.0,16.3,N,N,N,N,N
HV0005,B03406,,2024-09-01 00:05:56,,2024-09-01 00:15:05,2024-09-01 00:26:19,144,261,2.668,674,13.47,0.0,0.37,1.2,2.75,0.0,0.0,10.21,N,N,N,N,N
HV0005,B03406,,2024-09-01 00:28:16,,2024-09-01 00:32:10,2024-09-01 01:03:05,231,120,10.903,1855,36.91,0.0,1.02,3.28,2.75,0.0,0.0,32.97,N,N,N,N,N
HV0003,B03404,B03404,2024-09-01 00:09:20,2024-09-01 00:12:37,2024-09-01 00:13:10,2024-09-01 00:23:21,231,148,1.61,611,14.8,0.0,0.39,1.27,2.75,0.0,0.0,8.12,N,N,N,N,N
HV0003,B03404,B03404,2024-09-01 00:21:36,2024-09-01 00:26:33,2024-09-01 00:28:16,2024-09-01 00:53:26,148,246,4.12,1510,26.27,0.0,0.77,2.48,2.75,0.0,0.0,20.27,N,N,N,N,N
HV0003,B03404,B03404,2024-09-01 00:53:32,2024-09-01 00:53:43,2024-09-01 00:55:44,2024-09-01 01:06:58,246,163,1.26,674,14.61,0.0,0.4,1.3,2.75,0.0,0.0,8.27,N,N,N,N,N
HV0003,B03404,B03404,2024-09-01 00:33:58,2024-09-01 00:34:52,2024-09-01 00:36:31,2024-09-01 00:47:29,68,249,1.63,658,12.68,0.0,0.35,1.13,2.75,0.0,0.0,8.62,N,N,N,N,N
HV0003,B03404,B03404,2024-09-01 00:47:04,2024-09-01 00:52:12,2024-09-01 00:52:24,2024-09-01 01:22:42,113,152,9.17,1818,33.33,0.0,0.92,2.96,2.75,0.0,0.0,30.13,N,N,N,N,N
HV0005,B03406,,2024-09-01 00:21:16,,2024-09-01 00:31:09,2024-09-01 00:47:22,97,225,2.748,973,16.82,0.0,0.46,1.49,0.0,0.0,0.0,13.24,N,N,N,N,N
HV0005,B03406,,2024-09-01 00:45:23,,2024-09-01 00:50:57,2024-09-01 01:39:09,225,265,13.209,2892,91.13,22.5,3.12,0.0,0.0,0.0,0.0,49.23,N,N,N,N,N
HV0005,B03406,,2024-09-01 00:02:43,,2024-09-01 00:09:10,2024-09-01 00:27:19,131,129,6.987,1089,31.46,0.0,0.87,2.79,0.0,0.0,0.0,20.16,N,N,N,N,N
HV0005,B03406,,2024-09-01 00:52:19,,2024-09-01 00:59:06,2024-09-01 01:19:45,255,90,5.773,1239,27.52,1.39,0.79,2.54,2.75,0.0,0.0,22.96,N,N,N,N,N
HV0003,B03404,B03404,2024-09-01 00:05:02,2024-09-01 00:18:23,2024-09-01 00:20:25,2024-09-01 00:30:54,259,51,1.95,629,13.03,0.0,0.36,1.16,0.0,0.0,0.0,8.77,N,N,N,N,N
HV0003,B03404,B03404,2024-09-01 00:33:42,2024-09-01 00:39:11,2024-09-01 00:39:37,2024-09-01 00:51:52,81,259,2.54,735,12.91,0.0,0.33,1.08,0.0,0.0,0.0,10.59,N,N,N,N,N
HV0005,B03406,,2024-08-31 23:57:24,,2024-09-01 00:01:08,2024-09-01 00:07:00,254,259,1.1,352,8.8,0.0,0.24,0.78,0.0,0.0,0.0,5.47,N,N,N,N,N
HV0005,B03406,,2024-09-01 00:18:18,,2024-09-01 00:19:56,2024-09-01 00:26:06,209,66,1.737,370,10.98,0.0,0.3,0.95,2.75,0.0,3.1,5.98,N,N,N,N,N
HV0005,B03406,,2024-09-01 00:25:20,,2024-09-01 00:38:27,2024-09-01 00:44:06,33,25,0.775,339,10.17,0.0,0.28,0.9,0.0,0.0,5.0,5.47,N,N,N,N,N
HV0005,B03406,,2024-09-01 00:36:03,,2024-09-01 00:55:33,2024-09-01 01:06:19,181,97,1.066,646,10.75,0.0,0.36,1.18,0.0,2.5,0.0,10.75,N,N,N,N,N
HV0003,B03404,B03404,2024-09-01 00:21:30,2024-09-01 00:22:39,2024-09-01 00:22:58,2024-09-01 00:28:27,7,179,1.12,329,8.41,0.0,0.24,0.8,0.0,0.0,0.0,5.89,N,N,N,N,N
HV0003,B03404,B03404,2024-09-01 00:33:43,2024-09-01 00:37:15,2024-09-01 00:39:16,2024-09-01 00:47:43,145,141,1.89,507,6.16,0.0,0.18,0.58,2.75,0.0,0.0,8.0,N,N,N,N,N
HV0003,B03404,B03404,2024-09-01 00:54:06,2024-09-01 00:56:11,2024-09-01 00:56:40,2024-09-01 01:05:36,229,186,1.77,536,15.38,0.0,0.42,1.37,2.75,0.0,3.0,8.12,N,N,N,N,N
HV0003,B03404,B03404,2024-08-31 23:53:08,2024-08-31 23:59:54,2024-09-01 00:00:45,2024-09-01 00:16:49,37,134,5.89,964,17.67,0.0,0.46,1.49,0.0,0.0,0.0,17.38,N,N,N,N,N
HV0003,B03404,B03404,2024-09-01 00:28:02,2024-09-01 00:32:06,2024-09-01 00:33:18,2024-09-01 00:43:59,95,258,2.27,641,13.03,0.0,0.35,1.15,0.0,0.0,3.0,11.07,N,N,N,N,N
HV0003,B03404,B03404,2024-09-01 00:41:24,2024-09-01 00:44:45,2024-09-01 00:45:25,2024-09-01 01:05:48,258,129,4.92,1223,16.77,0.0,0.47,1.49,0.0,0.0,0.0,18.57,N,N,N,N,N
HV0003,B03404,B03404,2024-09-01 00:03:26,2024-09-01 00:05:48,2024-09-01 00:06:28,2024-09-01 00:25:03,144,162,2.9,1115,22.52,0.0,0.61,2.0,2.75,0.0,4.18,17.86,N,N,N,N,Y
HV0003,B03404,B03404,2024-09-01 00:25:29,2024-09-01 00:26:59,2024-09-01 00:26:59,2024-09-01 00:36:15,162,107,2.04,556,15.41,0.0,0.42,1.37,2.75,0.0,0.0,10.92,N,N,N,N,Y
HV0003,B03404,B03404,2024-09-01 00:42:37,2024-09-01 00:51:40,2024-09-01 00:51:56,2024-09-01 01:05:34,233,114,2.44,818,21.37,0.0,0.58,1.89,2.75,0.0,0.0,14.57,N,N,N,N,Y
HV0005,B03406,,2024-09-01 00:01:59,,2024-09-01 00:06:15,2024-09-01 00:33:40,157,262,7.798,1645,27.41,1.48,0.79,2.56,2.75,0.0,0.0,26.68,N,N,N,N,N
HV0005,B03406,,2024-09-01 00:42:17,,2024-09-01 00:44:41,2024-09-01 01:03:35,229,257,10.671,1134,31.19,1.93,0.91,2.94,2.75,0.0,0.0,25.62,N,N,N,N,N
HV0003,B03404,B03404,2024-09-01 00:10:29,2024-09-01 00:18:28,2024-09-01 00:18:35,2024-09-01 00:44:46,92,65,12.96,1571,47.05,0.0,1.29,4.18,0.0,0.0,0.0,35.29,N,N,N,N,N
HV0003,B03404,B03404,2024-09-01 00:53:06,2024-09-01 00:54:36,2024-09-01 00:54:56,2024-09-01 01:16:06,97,146,6.41,1270,26.89,0.0,0.79,2.53,0.0,0.0,0.0,23.81,N,N,N,N,N
HV0003,B03404,B03404,2024-09-01 00:10:05,2024-09-01 00:16:31,2024-09-01 00:16:40,2024-09-01 00:30:02,69,182,5.89,802,20.19,0.0,0.54,1.74,0.0,0.0,0.0,15.8,N,N,N,N,N
HV0005,B03406,,2024-08-31 23:54:08,,2024-09-01 00:02:49,2024-09-01 00:18:33,145,229,3.618,944,18.29,1.63,0.55,1.77,2.75,0.0,0.0,14.14,N,N,N,N,N
HV0005,B03406,,2024-09-01 00:25:26,,2024-09-01 00:29:01,2024-09-01 00:35:42,145,112,1.468,401,11.62,0.0,0.3,0.98,0.0,0.0,0.0,5.91,N,N,N,N,N
HV0005,B03406,,2024-09-01 00:30:18,,2024-09-01 00:37:09,2024-09-01 01:06:08,112,181,5.506,1739,29.87,0.0,0.74,2.38,0.0,0.0,0.0,24.47,N,N,N,N,N
HV0003,B03404,B03404,2024-09-01 00:14:29,2024-09-01 00:17:14,2024-09-01 00:17:18,2024-09-01 00:27:11,41,42,1.9,593,12.51,0.0,0.34,1.11,0.0,0.0,0.0,8.34,N,N,N,N,N
HV0003,B03404,B03404,2024-09-01 00:27:45,2024-09-01 00:29:14,2024-09-01 00:31:13,2024-09-01 00:41:54,42,235,2.43,641,11.94,0.0,0.32,1.06,0.0,0.0,0.0,9.52,N,N,N,N,N
HV0003,B03404,B03404,2024-09-01 00:32:37,2024-09-01 00:46:42,2024-09-01 00:48:17,2024-09-01 00:57:42,235,136,2.48,565,13.4,0.0,0.36,1.19,0.0,0.0,0.0,8.86,N,N,N,N,N
HV0003,B03404,B03404,2024-09-01 00:12:16,2024-09-01 00:15:06,2024-09-01 00:15:32,2024-09-01 00:24:51,89,91,1.64,559,9.3,0.0,0.27,0.88,0.0,0.0,0.0,7.66,N,N,N,N,N
HV0003,B03404,B03404,2024-09-01 00:28:18,2024-09-01 00:31:18,2024-09-01 00:33:19,2024-09-01 00:44:10,91,39,1.73,651,12.63,0.0,0.34,1.12,0.0,0.0,0.0,8.68,N,N,N,N,N
HV0003,B03404,B03404,2024-09-01 00:44:17,2024-09-01 00:47:18,2024-09-01 00:48:28,2024-09-01 00:55:26,39,72,1.56,418,10.07,0.0,0.29,0.95,0.0,0.0,0.0,6.18,N,N,N,N,N
HV0003,B03404,B03404,2024-09-01 00:54:21,2024-09-01 00:57:46,2024-09-01 00:58:07,2024-09-01 01:14:47,72,76,2.95,1000,18.75,0.0,0.51,1.67,0.0,0.0,0.0,13.73,N,N,N,N,N
HV0003,B03404,B03404,2024-08-31 23:59:36,2024-09-01 00:06:17,2024-09-01 00:07:28,2024-09-01 00:16:54,125,186,1.5,566,10.45,0.0,0.28,0.93,2.75,0.0,5.0,7.78,N,N,N,N,N
HV0003,B03404,B03404,2024-09-01 00:23:11,2024-09-01 00:27:33,2024-09-01 00:29:34,2024-09-01 00:35:53,249,249,0.47,379,14.51,0.0,0.4,1.29,2.75,0.0,0.0,7.15,N,N,N,N,N
HV0003,B03404,B03404,2024-09-01 00:32:50,2024-09-01 00:40:01,2024-09-01 00:41:52,2024-09-01 00:52:18,249,186,1.63,626,9.91,0.0,0.29,0.94,2.75,0.0,0.0,8.56,N,N,N,N,N
HV0003,B03404,B03404,2024-08-31 23:52:51,2024-09-01 00:00:13,2024-09-01 00:02:14,2024-09-01 00:23:09,138,208,9.93,1255,37.45,6.94,1.1,4.16,0.0,2.5,0.0,28.05,N,N,N,N,N
HV0003,B03404,B03404,2024-09-01 00:12:46,2024-09-01 00:14:13,2024-09-01 00:15:05,2024-09-01 00:22:51,231,144,1.03,466,9.92,0.0,0.2,0.64,2.75,0.0,0.0,5.93,N,N,N,N,N
HV0003,B03404,B03404,2024-09-01 00:23:37,2024-09-01 00:27:00,2024-09-01 00:27:08,2024-09-01 00:43:52,112,36,3.14,1004,25.24,0.0,0.74,2.39,0.0,0.0,0.0,15.52,N,N,N,N,N
HV0003,B03404,B03404,2024-09-01 00:41:59,2024-09-01 00:47:00,2024-09-01 00:48:00,2024-09-01 00:55:59,36,198,1.19,479,14.3,0.0,0.39,1.27,0.0,0.0,0.0,6.27,N,N,N,N,N
HV0003,B03404,B03404,2024-08-31 23:57:56,2024-09-01 00:05:38,2024-09-01 00:06:06,2024-09-01 00:19:17,26,165,2.29,791,16.09,0.0,0.44,1.43,0.0,0.0,0.0,10.79,N,N,N,N,N
HV0003,B03404,B03404,2024-09-01 00:17:57,2024-09-01 00:23:18,2024-09-01 00:24:22,2024-09-01 00:45:35,89,35,3.94,1273,20.57,0.0,0.57,1.82,0.0,0.0,0.0,17.73,N,N,N,N,N
HV0003,B03404,B03404,2024-09-01 00:00:23,2024-09-01 00:02:32,2024-09-01 00:04:31,2024-09-01 00:25:53,94,244,3.23,1282,21.45,0.0,0.59,1.91,0.0,0.0,3.59,16.85,N,N,N,N,N
HV0003,B03404,B03404,2024-09-01 00:32:26,2024-09-01 00:36:52,2024-09-01 00:38:53,2024-09-01 00:57:12,74,169,5.13,1099,20.45,0.0,0.56,1.82,0.0,0.0,0.0,17.67,N,N,N,N,N
HV0003,B03404,B03404,2024-09-01 00:29:18,2024-09-01 00:31:30,2024-09-01 00:31:51,2024-09-01 00:38:29,76,76,1.61,398,11.67,0.0,0.32,1.05,0.0,0.0,0.0,6.06,N,N,N,N,N
HV0003,B03404,B03404,2024-09-01 00:43:50,2024-09-01 00:46:26,2024-09-01 00:48:03,2024-09-01 01:19:38,77,265,16.84,1895,48.75,0.0,1.43,4.6,0.0,0.0,0.0,45.06,N,N,N,N,N
HV0005,B03406,,2024-09-01 00:31:31,,2024-09-01 00:38:57,2024-09-01 00:49:06,129,70,1.422,609,13.57,0.0,0.29,0.94,0.0,0.0,0.0,7.88,N,N,N,N,N
HV0005,B03406,,2024-09-01 00:51:19,,2024-09-01 00:56:08,2024-09-01 01:09:47,129,57,1.892,819,14.48,0.0,0.31,1.01,0.0,0.0,0.0,10.57,N,N,N,N,N
HV0005,B03406,,2024-09-01 00:22:36,,2024-09-01 00:24:04,2024-09-01 00:55:46,229,196,7.274,1902,31.9,1.26,0.91,2.94,2.75,0.0,0.0,28.48,N,N,N,N,N
HV0005,B03406,,2024-09-01 00:05:28,,2024-09-01 00:13:01,2024-09-01 00:15:22,3,3,0.516,141,6.99,0.0,0.19,0.62,0.0,0.0,0.0,5.47,N,N,N,N,N
HV0005,B03406,,2024-09-01 00:27:01,,2024-09-01 00:32:35,2024-09-01 00:50:00,20,265,9.769,1045,25.91,0.0,0.71,2.3,0.0,0.0,0.0,25.45,N,N,N,N,N
HV0005,B03406,,2024-08-31 23:59:19,,2024-09-01 00:01:44,2024-09-01 00:09:31,85,89,0.92,467,7.3,0.0,0.17,0.56,0.0,0.0,0.0,5.8,N,N,N,N,N
HV0005,B03406,,2024-09-01 00:16:53,,2024-09-01 00:18:47,2024-09-01 00:32:47,89,181,3.086,840,19.11,0.0,0.41,1.33,0.0,0.0,0.0,12.4,N,N,N,N,N
HV0005,B03406,,2024-09-01 00:25:21,,2024-09-01 00:40:51,2024-09-01 01:09:46,181,97,1.141,1735,18.99,0.0,0.59,1.91,0.0,2.5,0.0,18.48,N,N,N,N,N
HV0005,B03406,,2024-09-01 00:08:13,,2024-09-01 00:20:35,2024-09-01 00:44:29,80,56,5.117,1434,19.93,0.0,0.41,1.33,0.0,0.0,0.0,20.96,N,N,N,N,N
HV0005,B03406,,2024-09-01 00:37:06,,2024-09-01 00:51:05,2024-09-01 01:01:33,93,95,2.214,628,12.54,0.0,0.34,1.11,0.0,0.0,0.0,9.14,N,N,N,N,N
HV0003,B03404,B03404,2024-08-31 23:59:37,2024-09-01 00:03:31,2024-09-01 00:04:13,2024-09-01 00:22:53,254,247,8.9,1120,23.2,0.0,0.63,2.05,0.0,0.0,0.0,22.98,N,N,N,N,N
HV0003,B03404,B03404,2024-09-01 00:17:52,2024-09-01 00:24:53,2024-09-01 00:24:53,2024-09-01 00:38:52,247,147,2.57,839,14.96,0.0,0.41,1.32,0.0,0.0,0.0,11.65,Y,N,N,N,N
HV0003,B03404,B03404,2024-09-01 00:38:28,2024-09-01 00:39:59,2024-09-01 00:42:00,2024-09-01 00:51:59,147,212,2.42,599,13.19,0.0,0.36,1.16,0.0,0.0,0.0,9.12,N,N,N,N,N
HV0003,B03404,B03404,2024-09-01 00:05:59,2024-09-01 00:07:58,2024-09-01 00:08:22,2024-09-01 00:23:07,17,61,2.49,885,17.03,0.0,0.46,1.51,0.0,0.0,0.0,11.99,N,N,N,N,N
HV0003,B03404,B03404,2024-09-01 00:25:47,2024-09-01 00:28:18,2024-09-01 00:28:25,2024-09-01 00:48:17,62,255,3.9,1192,22.84,0.0,0.63,2.03,0.0,0.0,3.82,16.88,N,N,N,N,N
HV0003,B03404,B03404,2024-09-01 00:44:17,2024-09-01 00:48:28,2024-09-01 00:48:28,2024-09-01 00:53:51,255,112,0.9,323,7.96,0.0,0.22,0.7,0.0,0.0,0.0,7.14,N,N,N,N,N
HV0003,B03404,B03404,2024-09-01 00:51:42,2024-09-01 00:58:54,2024-09-01 00:59:45,2024-09-01 01:14:40,112,224,4.49,895,27.09,6.94,0.75,3.02,2.75,0.0,6.08,16.31,N,N,N,N,N
HV0005,B03406,,2024-09-01 00:10:49,,2024-09-01 00:14:27,2024-09-01 00:40:04,211,157,5.626,1537,30.2,0.45,0.84,2.72,2.75,0.0,0.0,22.66,N,N,N,N,N
HV0005,B03406,,2024-09-01 00:32:48,,2024-09-01 00:42:50,2024-09-01 00:53:24,157,112,2.196,634,12.54,0.0,0.34,1.11,0.0,0.0,0.0,12.18,N,N,N,N,N
HV0003,B03404,B03404,2024-09-01 00:27:04,2024-09-01 00:28:34,2024-09-01 00:30:06,2024-09-01 00:45:25,234,41,4.94,919,23.51,0.0,0.65,2.09,2.75,0.0,0.0,15.65,N,N,N,N,N
HV0003,B03404,B03404,2024-09-01 00:50:41,2024-09-01 00:54:18,2024-09-01 00:54:29,2024-09-01 00:57:36,239,238,0.53,187,4.51,0.0,0.13,0.42,0.75,0.0,0.0,5.4,Y,N,N,N,N
HV0003,B03404,B03404,2024-09-01 00:12:17,2024-09-01 00:14:27,2024-09-01 00:14:55,2024-09-01 00:52:48,87,177,6.48,2273,24.01,0.0,0.66,2.13,2.75,0.0,0.0,30.89,N,N,N,N,N
HV0003,B03404,B03404,2024-09-01 00:53:35,2024-09-01 00:55:27,2024-09-01 00:56:12,2024-09-01 01:16:50,177,49,4.14,1238,25.03,0.0,0.69,2.22,0.0,0.0,0.0,17.66,N,N,N,N,N
HV0003,B03404,B03404,2024-09-01 00:15:41,2024-09-01 00:18:05,2024-09-01 00:18:41,2024-09-01 00:41:50,144,189,3.06,1389,21.67,0.0,0.59,1.93,2.75,0.0,0.0,17.66,N,N,N,N,N
HV0003,B03404,B03404,2024-09-01 00:37:04,2024-09-01 00:44:57,2024-09-01 00:46:45,2024-09-01 01:03:30,189,72,3.39,1005,31.25,0.0,0.86,2.78,0.0,0.0,0.0,17.13,N,N,N,N,N
HV0003,B03404,B03404,2024-08-31 23:55:48,2024-09-01 00:01:58,2024-09-01 00:02:49,2024-09-01 00:17:13,255,114,3.44,864,35.63,0.0,0.98,3.16,2.75,0.0,0.0,17.81,N,N,N,N,N
HV0003,B03404,B03404,2024-09-01 00:15:09,2024-09-01 00:20:02,2024-09-01 00:20:52,2024-09-01 00:51:12,79,225,5.57,1820,42.71,0.0,1.25,4.03,2.75,0.0,10.69,26.14,N,N,N,N,N
HV0003,B03404,B03404,2024-09-01 00:51:18,2024-09-01 00:54:18,2024-09-01 00:56:14,2024-09-01 01:13:32,225,256,2.84,1038,20.16,0.0,0.59,1.91,0.0,0.0,0.0,13.95,N,N,N,N,N
HV0003,B03404,B03404,2024-09-01 00:15:22,2024-09-01 00:17:56,2024-09-01 00:18:12,2024-09-01 00:41:08,67,71,7.68,1376,30.35,0.0,0.85,2.77,0.0,0.0,0.0,23.81,N,N,N,N,N
HV0003,B03404,B03404,2024-09-01 00:40:17,2024-09-01 00:41:09,2024-09-01 00:43:10,2024-09-01 01:03:10,71,17,3.61,1200,21.72,0.0,0.6,1.93,0.0,0.0,0.0,16.57,N,N,N,N,N
HV0005,B03406,,2024-09-01 00:19:32,,2024-09-01 00:31:24,2024-09-01 00:57:32,80,189,4.541,1568,29.56,0.0,0.81,2.62,0.0,0.0,8.25,21.48,N,N,N,N,N
HV0003,B03404,B03404,2024-08-31 23:57:28,2024-08-31 23:59:37,2024-09-01 00:00:44,2024-09-01 00:16:20,196,157,3.55,936,25.9,0.0,0.72,2.3,0.0,0.0,0.0,16.94,N,N,N,N,N
HV0003,B03404,B03404,2024-09-01 00:13:05,2024-09-01 00:25:33,2024-09-01 00:26:26,2024-09-01 00:55:41,80,229,7.93,1755,73.53,6.94,1.57,5.67,2.75,0.0,0.0,32.49,N,N,N,N,N
HV0003,B03404,B03404,2024-09-01 00:04:05,2024-09-01 00:04:50,2024-09-01 00:05:07,2024-09-01 00:15:55,181,62,2.76,648,15.18,0.0,0.41,1.35,0.0,0.0,1.0,10.05,N,N,N,N,N
HV0003,B03404,B03404,2024-09-01 00:18:29,2024-09-01 00:20:30,2024-09-01 00:20:52,2024-09-01 00:34:48,62,72,2.81,836,13.37,0.0,0.36,1.19,0.0,0.0,0.0,11.94,N,N,N,N,N
HV0003,B03404,B03404,2024-09-01 00:29:08,2024-09-01 00:36:50,2024-09-01 00:36:54,2024-09-01 00:45:56,72,85,1.93,542,11.08,0.0,0.3,0.98,0.0,0.0,0.0,7.88,Y,N,N,N,N
HV0003,B03404,B03404,2024-09-01 00:46:37,2024-09-01 00:48:50,2024-09-01 00:49:05,2024-09-01 00:54:09,71,71,0.96,304,8.9,0.0,0.24,0.79,0.0,0.0,0.0,5.4,N,N,N,N,N
HV0003,B03404,B03404,2024-09-01 00:02:54,2024-09-01 00:07:10,2024-09-01 00:08:12,2024-09-01 00:22:16,83,129,1.95,844,9.85,0.0,0.27,0.87,0.0,0.0,0.0,12.85,N,N,N,N,N
HV0003,B03404,B03404,2024-09-01 00:22:25,2024-09-01 00:24:58,2024-09-01 00:25:10,2024-09-01 00:28:45,173,70,0.58,215,6.11,0.0,0.18,0.57,0.0,0.0,3.0,7.39,N,N,N,N,N
HV0003,B03404,B03404,2024-09-01 00:30:50,2024-09-01 00:34:26,2024-09-01 00:35:58,2024-09-01 00:44:48,70,179,2.9,530,13.12,0.0,0.36,1.16,0.0,0.0,1.0,11.09,N,N,N,N,N
HV0003,B03404,B03404,2024-09-01 00:48:53,2024-09-01 00:52:50,2024-09-01 00:54:52,2024-09-01 01:11:26,179,226,2.3,995,16.73,0.0,0.46,1.48,0.0,0.0,3.0,14.8,N,N,N,N,N
HV0005,B03406,,2024-09-01 00:05:46,,2024-09-01 00:11:47,2024-09-01 00:42:36,186,243,10.627,1849,33.36,0.0,0.92,2.96,2.75,0.0,0.0,32.53,N,N,N,N,N
HV0003,B03404,B03404,2024-09-01 00:25:23,2024-09-01 00:27:44,2024-09-01 00:29:45,2024-09-01 01:00:57,177,7,11.12,1872,39.24,0.0,1.08,3.48,0.0,0.0,0.0,33.31,N,N,N,N,N
HV0003,B03404,B03404,2024-09-01 00:22:06,2024-09-01 00:24:54,2024-09-01 00:25:56,2024-09-01 00:51:05,77,85,4.57,1509,24.05,0.0,0.64,2.05,0.0,0.0,0.0,20.88,N,N,N,N,N
HV0003,B03404,B03404,2024-09-01 00:03:47,2024-09-01 00:05:05,2024-09-01 00:07:05,2024-09-01 00:17:43,146,263,3.0,638,14.65,0.0,0.4,1.3,2.75,0.0,0.0,10.28,N,N,N,N,N
HV0003,B03404,B03404,2024-09-01 00:25:39,2024-09-01 00:27:17,2024-09-01 00:27:37,2024-09-01 00:49:14,140,97,8.52,1297,30.68,0.0,0.84,2.73,2.75,0.0,0.0,24.19,N,N,N,N,N
HV0003,B03404,B03404,2024-09-01 00:51:03,2024-09-01 00:52:09,2024-09-01 00:53:35,2024-09-01 01:18:06,97,130,12.97,1471,46.49,0.0,1.28,4.13,0.0,0.0,0.0,33.69,N,N,N,N,N
HV0003,B03404,B03404,2024-09-01 00:48:37,2024-09-01 00:51:25,2024-09-01 00:52:02,2024-09-01 00:56:50,235,169,0.62,288,8.56,0.0,0.15,0.48,0.0,0.0,0.0,5.39,N,N,N,N,N
HV0003,B03404,B03404,2024-09-01 00:31:15,2024-09-01 00:33:11,2024-09-01 00:34:13,2024-09-01 00:47:17,90,143,2.49,784,18.14,0.0,0.49,1.61,2.75,0.0,0.0,11.01,N,N,N,N,N
HV0005,B03406,,2024-08-31 23:59:04,,2024-09-01 00:01:45,2024-09-01 00:24:30,229,68,3.098,1365,26.34,0.0,0.72,2.34,2.75,0.0,0.0,17.54,N,N,N,N,N
HV0005,B03406,,2024-09-01 00:51:31,,2024-09-01 00:57:09,2024-09-01 01:14:02,230,43,3.347,1013,19.65,0.0,0.54,1.74,2.75,0.0,0.0,14.44,N,N,N,N,N
HV0003,B03404,B03404,2024-09-01 00:28:58,2024-09-01 00:31:37,2024-09-01 00:32:19,2024-09-01 00:53:04,142,226,4.68,1245,23.2,0.0,0.64,2.06,2.75,0.0,4.29,18.46,N,N,N,N,N
HV0003,B03404,B03404,2024-09-01 00:31:05,2024-09-01 00:37:44,2024-09-01 00:38:33,2024-09-01 01:03:02,80,145,4.31,1469,34.34,0.0,0.95,3.05,0.0,0.0,0.0,23.63,N,N,N,N,N
HV0003,B03404,B03404,2024-08-31 23:58:44,2024-09-01 00:00:39,2024-09-01 00:01:44,2024-09-01 00:11:58,97,209,2.92,614,18.66,0.0,0.54,1.77,2.75,0.0,0.0,11.95,N,N,N,N,N
HV0003,B03404,B03404,2024-09-01 00:10:18,2024-09-01 00:15:23,2024-09-01 00:17:24,2024-09-01 00:33:31,87,158,3.62,967,21.39,0.0,0.59,1.9,2.75,0.0,0.0,16.34,N,N,N,N,N
HV0003,B03404,B03404,2024-09-01 00:32:18,2024-09-01 00:35:23,2024-09-01 00:35:54,2024-09-01 00:49:58,158,170,2.62,844,21.71,0.0,0.59,1.92,2.75,0.0,0.0,13.78,N,N,N,N,N
HV0003,B03404,B03404,2024-09-01 00:12:49,2024-09-01 00:16:49,2024-09-01 00:17:11,2024-09-01 01:18:00,158,61,12.17,3649,31.91,2.32,0.88,3.03,0.75,0.0,0.0,28.53,Y,Y,N,N,N
HV0003,B03404,B03404,2024-09-01 00:13:59,2024-09-01 00:24:19,2024-09-01 00:24:19,2024-09-01 01:07:23,249,225,9.49,2584,28.29,2.32,0.79,2.72,0.75,0.0,0.0,14.53,Y,Y,N,N,N
HV0003,B03404,B03404,2024-09-01 00:24:31,2024-09-01 00:30:33,2024-09-01 00:31:03,2024-09-01 01:00:33,234,36,7.13,1770,21.81,2.32,0.61,2.13,0.75,0.0,0.0,8.97,Y,Y,N,N,N
HV0005,B03406,,2024-09-01 00:01:54,,2024-09-01 00:02:42,2024-09-01 00:25:46,164,213,9.47,1384,28.52,2.99,0.87,2.8,2.75,0.0,0.0,26.41,N,N,N,N,N
HV0005,B03406,,2024-09-01 00:50:59,,2024-09-01 00:56:33,2024-09-01 01:05:16,79,125,1.365,523,11.8,0.0,0.32,1.05,2.75,0.0,0.0,6.96,N,N,N,N,N
HV0003,B03404,B03404,2024-09-01 00:11:12,2024-09-01 00:16:15,2024-09-01 00:17:37,2024-09-01 00:41:11,228,85,4.71,1414,25.91,0.0,0.71,2.29,0.0,0.0,0.0,20.15,N,N,N,N,N
HV0003,B03404,B03404,2024-09-01 00:42:06,2024-09-01 00:42:55,2024-09-01 00:43:59,2024-09-01 00:49:50,85,188,0.97,351,8.94,0.0,0.24,0.8,0.0,0.0,0.0,5.39,N,N,N,N,N
HV0003,B03404,B03404,2024-09-01 00:48:36,2024-09-01 00:49:23,2024-09-01 00:50:09,2024-09-01 01:05:49,188,35,3.13,940,17.66,0.0,0.52,1.67,0.0,0.0,0.0,13.4,N,N,N,N,N
HV0003,B03404,B03404,2024-08-31 23:55:13,2024-09-01 00:04:21,2024-09-01 00:05:40,2024-09-01 00:27:25,33,22,8.53,1305,21.91,0.0,0.6,1.94,0.0,0.0,2.44,24.28,N,N,N,N,N
HV0005,B03406,,2024-09-01 00:46:36,,2024-09-01 00:51:07,2024-09-01 01:01:01,234,114,1.557,594,14.5,0.0,0.4,1.29,2.75,0.0,0.0,7.91,N,N,N,N,N
HV0003,B03404,B03404,2024-09-01 00:44:25,2024-09-01 00:46:19,2024-09-01 00:47:20,2024-09-01 00:56:34,211,261,1.69,554,26.48,0.0,0.73,2.34,2.75,0.0,0.0,14.5,N,N,N,N,N
HV0003,B03404,B03404,2024-09-01 00:05:10,2024-09-01 00:12:56,2024-09-01 00:13:05,2024-09-01 00:24:12,36,37,1.8,667,17.37,0.0,0.48,1.54,0.0,0.0,1.0,10.85,N,N,N,N,N
HV0003,B03404,B03404,2024-09-01 00:21:08,2024-09-01 00:26:28,2024-09-01 00:27:34,2024-09-01 00:38:43,36,36,1.71,669,13.04,0.0,0.36,1.16,0.0,0.0,3.0,9.1,N,N,N,N,N
HV0003,B03404,B03404,2024-09-01 00:32:35,2024-09-01 00:39:24,2024-09-01 00:39:38,2024-09-01 01:14:42,36,166,12.11,2104,39.87,6.94,1.17,4.38,0.0,0.0,0.0,38.67,N,N,N,N,N
HV0003,B03404,B03404,2024-09-01 00:04:41,2024-09-01 00:15:50,2024-09-01 00:17:51,2024-09-01 00:42:57,80,92,6.33,1506,46.19,0.0,1.27,4.1,0.0,0.0,0.0,26.52,N,N,N,N,N
HV0003,B03404,B03404,2024-08-31 23:59:46,2024-09-01 00:02:00,2024-09-01 00:03:24,2024-09-01 00:16:20,225,177,2.7,776,11.75,0.0,0.32,1.04,0.0,0.0,0.0,11.21,N,N,N,N,N
HV0003,B03404,B03404,2024-09-01 00:17:41,2024-09-01 00:22:32,2024-09-01 00:22:32,2024-09-01 00:38:54,37,76,3.34,982,19.47,0.0,0.54,1.73,0.0,0.0,0.0,14.08,N,N,N,N,N
HV0003,B03404,B03404,2024-09-01 00:41:43,2024-09-01 00:53:31,2024-09-01 00:53:31,2024-09-01 01:04:01,35,76,1.77,630,10.71,0.0,0.29,0.95,0.0,0.0,0.0,8.53,N,N,N,N,N
HV0003,B03404,B03404,2024-09-01 00:47:49,2024-09-01 00:51:05,2024-09-01 00:52:39,2024-09-01 01:23:37,163,265,17.39,1858,72.21,20.0,1.99,0.0,0.0,0.0,18.84,47.39,N,N,N,N,N
HV0003,B03404,B03404,2024-08-31 23:53:54,2024-08-31 23:58:55,2024-09-01 00:00:18,2024-09-01 00:10:22,177,258,3.38,604,11.59,0.0,0.32,1.03,0.0,0.0,0.0,10.47,N,N,N,N,N
HV0003,B03404,B03404,2024-09-01 00:07:38,2024-09-01 00:16:43,2024-09-01 00:16:59,2024-09-01 00:25:19,63,76,1.56,500,9.56,0.0,0.26,0.85,0.0,0.0,0.0,6.98,N,N,N,N,N
HV0003,B03404,B03404,2024-09-01 00:27:34,2024-09-01 00:35:59,2024-09-01 00:37:53,2024-09-01 01:20:29,124,56,17.62,2556,87.52,0.0,2.56,8.26,0.0,0.0,10.39,48.8,N,N,N,N,N
HV0005,B03406,,2024-09-01 00:05:59,,2024-09-01 00:12:27,2024-09-01 00:21:43,36,17,1.788,556,19.69,0.0,0.54,1.75,0.0,0.0,0.0,7.86,N,N,N,N,N
HV0005,B03406,,2024-09-01 00:21:41,,2024-09-01 00:25:28,2024-09-01 00:40:43,17,36,2.518,915,15.94,0.0,0.44,1.42,0.0,0.0,0.0,12.36,N,N,N,N,N
HV0005,B03406,,2024-09-01 00:34:40,,2024-09-01 00:44:27,2024-09-01 00:52:52,36,37,1.408,505,11.65,0.0,0.25,0.81,0.0,0.0,1.27,9.35,N,N,N,N,N
HV0005,B03406,,2024-09-01 00:53:32,,2024-09-01 00:54:54,2024-09-01 00:57:33,37,37,0.127,159,6.98,0.0,0.19,0.62,0.0,0.0,0.0,5.47,N,N,N,N,N
HV0005,B03406,,2024-08-31 23:52:50,,2024-09-01 00:08:00,2024-09-01 00:17:35,255,80,1.193,575,10.66,0.0,0.29,0.95,0.0,0.0,0.0,7.24,N,N,N,N,N
HV0005,B03406,,2024-09-01 00:09:43,,2024-09-01 00:23:14,2024-09-01 00:46:58,256,114,3.439,1424,23.41,0.0,0.75,2.43,2.75,0.0,0.0,25.58,N,N,N,N,N
HV0005,B03406,,2024-09-01 00:46:14,,2024-09-01 00:49:25,2024-09-01 00:57:07,211,113,1.279,462,9.87,0.0,0.27,0.88,2.75,0.0,0.0,6.25,N,N,N,N,N
HV0005,B03406,,2024-09-01 00:56:33,,2024-09-01 00:59:12,2024-09-01 01:18:19,234,238,5.183,1147,22.61,0.0,0.62,2.01,2.75,0.0,0.0,18.25,N,N,N,N,N
HV0003,B03404,B03404,2024-09-01 00:13:38,2024-09-01 00:16:05,2024-09-01 00:16:24,2024-09-01 00:24:09,230,68,1.13,465,13.63,0.0,0.37,1.21,2.75,0.0,0.0,6.06,N,N,N,N,N
HV0003,B03404,B03404,2024-09-01 00:27:09,2024-09-01 00:36:29,2024-09-01 00:38:29,2024-09-01 01:00:06,186,265,6.04,1297,22.73,20.0,0.63,0.0,0.0,0.0,0.0,22.8,N,N,N,N,N
HV0005,B03406,,2024-09-01 00:29:58,,2024-09-01 00:34:41,2024-09-01 00:56:55,130,208,11.812,1334,34.6,7.06,1.02,3.29,0.0,0.0,0.0,29.13,N,N,N,N,N
HV0003,B03404,B03404,2024-09-01 00:34:03,2024-09-01 00:38:18,2024-09-01 00:40:19,2024-09-01 00:52:17,142,164,2.43,718,21.07,0.0,0.61,1.99,2.75,0.0,0.0,10.67,N,N,N,N,N
HV0003,B03404,B03404,2024-09-01 00:51:08,2024-09-01 00:52:54,2024-09-01 00:53:13,2024-09-01 01:20:40,164,265,4.99,1647,24.25,20.0,0.67,0.0,0.0,0.0,0.0,23.36,N,N,N,N,N
HV0003,B03404,B03404,2024-09-01 00:01:43,2024-09-01 00:03:03,2024-09-01 00:05:04,2024-09-01 00:37:11,148,243,12.89,1927,30.67,0.0,0.84,2.73,2.75,0.0,0.0,36.26,N,N,N,N,N
HV0003,B03404,B03404,2024-09-01 00:57:01,2024-09-01 00:57:19,2024-09-01 00:58:01,2024-09-01 01:12:10,48,146,3.7,849,22.04,0.0,0.65,2.08,2.75,0.0,0.0,13.28,N,N,N,N,N
HV0003,B03404,B03404,2024-09-01 00:18:30,2024-09-01 00:21:54,2024-09-01 00:23:53,2024-09-01 00:37:56,61,17,2.21,843,16.23,0.0,0.44,1.44,0.0,0.0,0.0,11.2,N,N,N,N,N
HV0003,B03404,B03404,2024-09-01 00:39:05,2024-09-01 00:41:21,2024-09-01 00:41:21,2024-09-01 00:53:54,17,36,1.97,753,13.42,0.0,0.37,1.19,0.0,0.0,0.0,10.0,N,N,N,N,N
HV0003,B03404,B03404,2024-09-01 00:45:44,2024-09-01 00:55:54,2024-09-01 00:57:44,2024-09-01 01:03:23,36,37,1.03,339,15.46,0.0,0.41,1.32,0.0,0.0,0.0,6.78,N,N,N,N,N
HV0003,B03404,B03404,2024-09-01 00:34:57,2024-09-01 00:38:01,2024-09-01 00:38:53,2024-09-01 00:53:37,3,18,2.85,884,13.42,0.0,0.36,1.2,0.0,0.0,0.0,12.47,N,N,N,N,N
HV0003,B03404,B03404,2024-09-01 00:00:50,2024-09-01 00:07:41,2024-09-01 00:07:55,2024-09-01 00:38:30,170,92,12.47,1835,19.32,3.47,0.56,2.03,0.75,0.0,0.0,15.49,Y,Y,N,N,N
HV0003,B03404,B03404,2024-09-01 00:18:47,2024-09-01 00:26:13,2024-09-01 00:28:14,2024-09-01 00:49:41,56,242,9.81,1287,20.59,3.47,0.59,2.09,0.0,0.0,0.0,12.83,Y,Y,N,N,N
HV0005,B03406,,2024-09-01 00:18:32,,2024-09-01 00:27:50,2024-09-01 00:50:15,82,229,5.192,1345,22.59,0.91,0.65,2.09,2.75,0.0,0.0,20.2,N,N,N,N,N
HV0005,B03406,,2024-09-01 00:50:34,,2024-09-01 00:54:55,2024-09-01 01:08:55,233,48,1.673,840,14.48,0.0,0.51,1.64,2.75,0.0,0.0,14.48,N,N,N,N,N
HV0003,B03404,B03404,2024-09-01 00:11:27,2024-09-01 00:14:52,2024-09-01 00:15:01,2024-09-01 00:35:04,126,247,4.06,1203,19.64,0.0,0.54,1.74,0.0,0.0,0.0,17.21,N,N,N,N,N
HV0003,B03404,B03404,2024-09-01 00:37:03,2024-09-01 00:39:28,2024-09-01 00:41:29,2024-09-01 00:57:18,247,174,4.29,949,17.97,0.0,0.5,1.59,0.0,0.0,0.0,15.06,N,N,N,N,N
HV0003,B03404,B03404,2024-09-01 00:19:23,2024-09-01 00:20:25,2024-09-01 00:20:51,2024-09-01 00:32:57,66,217,2.35,726,15.91,0.0,0.46,1.5,0.0,0.0,0.0,10.25,N,N,N,N,N
HV0003,B03404,B03404,2024-09-01 00:30:14,2024-09-01 00:37:37,2024-09-01 00:38:10,2024-09-01 01:26:55,80,136,15.06,2925,42.94,0.0,1.25,4.05,2.75,0.0,0.0,49.9,N,N,N,N,N
HV0003,B03404,B03404,2024-09-01 00:14:52,2024-09-01 00:18:35,2024-09-01 00:18:54,2024-09-01 00:28:53,114,79,1.41,599,12.83,0.0,0.37,1.21,2.75,0.0,0.0,7.74,N,N,N,N,N
HV0003,B03404,B03404,2024-09-01 00:29:19,2024-09-01 00:34:27,2024-09-01 00:35:17,2024-09-01 00:56:29,4,37,4.5,1272,30.52,0.0,0.89,2.87,2.75,0.0,0.0,19.73,N,N,N,N,N
HV0003,B03404,B03404,2024-08-31 23:47:15,2024-08-31 23:59:41,2024-09-01 00:00:29,2024-09-01 00:25:41,76,177,3.47,1512,15.58,0.0,0.43,1.39,0.0,0.0,0.0,9.72,Y,Y,N,N,N
HV0003,B03404,B03404,2024-09-01 00:37:58,2024-09-01 00:41:09,2024-09-01 00:41:46,2024-09-01 00:45:35,225,225,0.75,229,8.96,0.0,0.25,0.79,0.0,0.0,1.0,5.4,N,N,N,N,N
HV0003,B03404,B03404,2024-09-01 00:45:37,2024-09-01 00:48:17,2024-09-01 00:48:42,2024-09-01 01:34:35,225,41,12.48,2753,43.9,0.0,1.21,3.9,2.75,0.0,0.0,43.72,N,N,N,N,N
HV0003,B03404,B03404,2024-09-01 00:19:51,2024-09-01 00:26:40,2024-09-01 00:27:43,2024-09-01 00:39:36,32,78,2.31,713,10.1,0.0,0.27,0.9,0.0,0.0,0.0,10.07,N,N,N,N,N
HV0003,B03404,B03404,2024-09-01 00:48:12,2024-09-01 00:48:44,2024-09-01 00:49:27,2024-09-01 01:00:16,169,78,1.41,649,10.68,0.0,0.29,0.95,0.0,0.0,1.0,8.23,N,N,N,N,N
HV0003,B03404,B03404,2024-09-01 00:07:20,2024-09-01 00:10:56,2024-09-01 00:11:17,2024-09-01 00:39:06,243,129,9.74,1669,28.08,6.94,0.78,3.11,0.0,0.0,0.0,29.47,N,N,N,N,N
HV0003,B03404,B03404,2024-09-01 00:37:16,2024-09-01 00:41:00,2024-09-01 00:41:29,2024-09-01 00:49:13,129,129,1.0,464,9.76,0.0,0.27,0.87,0.0,0.0,0.0,5.87,N,N,N,N,N
HV0003,B03404,B03404,2024-09-01 00:16:47,2024-09-01 00:17:53,2024-09-01 00:18:01,2024-09-01 00:33:21,188,62,2.29,920,12.52,0.0,0.34,1.11,0.0,0.0,0.0,12.05,N,N,N,N,N
HV0003,B03404,B03404,2024-09-01 00:33:36,2024-09-01 00:37:33,2024-09-01 00:38:05,2024-09-01 00:55:37,61,255,3.97,1052,19.35,0.0,0.57,1.83,0.0,0.0,0.0,15.62,N,N,N,N,N
HV0005,B03406,,2024-09-01 00:44:12,,2024-09-01 00:57:18,2024-09-01 01:31:08,181,63,7.248,2030,51.89,0.0,1.43,4.61,0.0,0.0,10.43,50.42,N,N,N,N,N
HV0005,B03406,,2024-09-01 00:08:31,,2024-09-01 00:11:26,2024-09-01 00:27:59,152,69,2.775,993,18.95,0.0,0.41,1.32,0.0,0.0,0.0,13.47,N,N,N,N,N
HV0005,B03406,,2024-09-01 00:27:43,,2024-09-01 00:30:43,2024-09-01 00:47:05,69,174,4.136,982,24.04,0.0,0.66,2.13,0.0,0.0,0.0,15.22,N,N,N,N,N
HV0005,B03406,,2024-09-01 00:47:31,,2024-09-01 00:51:25,2024-09-01 00:58:54,174,18,0.989,449,8.91,0.0,0.24,0.79,0.0,0.0,0.0,5.73,N,N,N,N,N
HV0003,B03404,B03404,2024-09-01 00:00:26,2024-09-01 00:03:19,2024-09-01 00:04:09,2024-09-01 00:14:24,216,197,1.79,615,13.36,0.0,0.36,1.19,0.0,0.0,0.0,11.59,N,N,N,N,N
HV0003,B03404,B03404,2024-09-01 00:13:48,2024-09-01 00:16:39,2024-09-01 00:17:18,2024-09-01 00:33:09,197,76,3.56,951,15.66,0.0,0.43,1.39,0.0,0.0,0.0,17.26,N,N,N,N,N
HV0003,B03404,B03404,2024-09-01 00:33:21,2024-09-01 00:38:27,2024-09-01 00:40:09,2024-09-01 00:47:25,76,77,1.29,436,9.83,0.0,0.27,0.88,0.0,0.0,0.0,9.17,N,N,N,N,N
HV0003,B03404,B03404,2024-09-01 00:18:20,2024-09-01 00:23:05,2024-09-01 00:25:06,2024-09-01 00:33:09,14,14,0.94,483,9.79,0.0,0.27,0.87,0.0,0.0,0.0,6.08,N,N,N,N,N
HV0003,B03404,B03404,2024-09-01 00:43:14,2024-09-01 00:46:13,2024-09-01 00:46:42,2024-09-01 00:55:03,227,227,1.22,501,9.78,0.0,0.27,0.87,0.0,0.0,0.0,6.53,N,N,N,N,N
HV0003,B03404,B03404,2024-08-31 23:51:55,2024-08-31 23:59:38,2024-09-01 00:01:17,2024-09-01 00:11:50,97,34,1.54,633,11.81,0.0,0.31,1.03,0.0,0.0,0.0,8.24,N,N,N,N,N
HV0003,B03404,B03404,2024-09-01 00:29:56,2024-09-01 00:33:28,2024-09-01 00:33:43,2024-09-01 00:41:50,255,112,1.68,487,14.59,0.0,0.4,1.3,0.0,0.0,5.0,8.51,N,N,N,N,N
HV0003,B03404,B03404,2024-09-01 00:36:30,2024-09-01 00:48:13,2024-09-01 00:48:13,2024-09-01 01:22:48,112,198,6.37,2075,17.82,0.0,0.49,1.58,0.0,0.0,0.0,14.63,Y,Y,N,N,N
HV0003,B03404,B03404,2024-09-01 00:40:46,2024-09-01 00:49:36,2024-09-01 00:51:00,2024-09-01 01:11:18,112,225,3.52,1218,15.46,0.0,0.42,1.37,0.0,0.0,0.0,8.58,Y,Y,N,N,N
HV0003,B03404,B03404,2024-09-01 00:08:33,2024-09-01 00:14:25,2024-09-01 00:16:02,2024-09-01 00:23:00,225,37,1.08,418,9.17,0.0,0.27,0.87,0.0,0.0,0.0,5.53,N,N,N,N,N
HV0005,B03406,,2024-09-01 00:16:13,,2024-09-01 00:24:40,2024-09-01 00:31:03,37,80,1.349,383,9.66,0.0,0.27,0.86,0.0,0.0,0.0,8.08,N,N,N,N,N
HV0005,B03406,,2024-09-01 00:27:00,,2024-09-01 00:41:20,2024-09-01 01:03:09,80,261,6.555,1309,35.11,0.0,0.96,3.11,2.75,0.0,0.0,24.71,N,N,N,N,N
HV0003,B03404,B03404,2024-09-01 00:03:32,2024-09-01 00:05:36,2024-09-01 00:07:38,2024-09-01 00:18:54,181,62,1.96,676,11.73,0.0,0.32,1.04,0.0,0.0,3.0,9.25,N,N,N,N,N
HV0005,B03406,,2024-09-01 00:21:30,,2024-09-01 00:27:40,2024-09-01 00:36:06,61,17,1.69,506,12.86,0.0,0.24,0.77,0.0,0.0,0.0,7.24,N,N,N,N,N
HV0005,B03406,,2024-09-01 00:34:40,,2024-09-01 00:41:04,2024-09-01 00:49:51,17,225,1.002,527,8.97,0.0,0.25,0.8,0.0,0.0,5.0,6.5,N,N,N,N,N
HV0005,B03406,,2024-09-01 00:50:50,,2024-09-01 00:55:01,2024-09-01 01:10:45,225,80,2.487,944,13.42,0.0,0.37,1.19,0.0,0.0,0.0,12.6,N,N,N,N,N
HV0003,B03404,B03404,2024-09-01 00:01:41,2024-09-01 00:05:21,2024-09-01 00:05:27,2024-09-01 00:22:30,97,88,4.62,1023,23.53,0.0,0.65,2.08,2.75,0.0,0.0,16.22,N,N,N,N,N
HV0003,B03404,B03404,2024-09-01 00:26:36,2024-09-01 00:29:01,2024-09-01 00:29:06,2024-09-01 00:50:07,88,248,14.44,1261,40.42,6.94,1.11,4.21,2.75,0.0,0.0,31.89,N,N,N,N,N
HV0003,B03404,B03404,2024-09-01 00:08:00,2024-09-01 00:17:27,2024-09-01 00:17:27,2024-09-01 00:51:51,230,265,9.05,2064,48.26,21.32,1.32,0.0,0.0,0.0,0.0,35.82,N,N,N,N,N
HV0003,B03404,B03404,2024-09-01 00:41:09,2024-09-01 00:45:37,2024-09-01 00:47:38,2024-09-01 01:27:34,130,155,13.4,2396,28.89,0.0,0.8,2.56,0.0,0.0,0.0,41.51,Y,N,N,N,N
HV0003,B03404,B03404,2024-09-01 00:02:29,2024-09-01 00:06:46,2024-09-01 00:07:28,2024-09-01 00:30:18,151,174,12.04,1370,30.01,3.18,0.83,2.94,0.0,0.0,0.0,35.87,N,N,Y,Y,Y
HV0003,B03404,B03404,2024-09-01 00:32:11,2024-09-01 00:34:38,2024-09-01 00:35:15,2024-09-01 00:43:44,174,240,1.5,509,8.86,0.0,0.24,0.79,0.0,0.0,0.0,8.95,N,N,N,N,Y
HV0003,B03404,B03404,2024-09-01 00:04:25,2024-09-01 00:08:51,2024-09-01 00:09:31,2024-09-01 00:33:15,255,263,8.32,1424,48.52,0.0,1.33,4.3,2.75,0.0,8.53,27.65,N,N,N,N,N
HV0003,B03404,B03404,2024-09-01 00:33:20,2024-09-01 00:36:27,2024-09-01 00:37:24,2024-09-01 00:47:44,262,74,2.68,620,11.52,0.0,0.32,1.04,2.75,0.0,0.0,9.66,N,N,N,N,N
HV0003,B03404,B03404,2024-09-01 00:11:41,2024-09-01 00:16:03,2024-09-01 00:16:19,2024-09-01 00:26:22,90,114,1.42,603,12.73,0.0,0.35,1.13,2.75,0.0,0.0,7.79,N,N,N,N,N
HV0003,B03404,B03404,2024-09-01 00:25:07,2024-09-01 00:28:23,2024-09-01 00:30:24,2024-09-01 00:42:22,125,87,1.96,718,19.44,0.0,0.53,1.72,2.75,0.0,4.88,9.97,N,N,N,N,N
HV0003,B03404,B03404,2024-09-01 00:42:30,2024-09-01 00:45:43,2024-09-01 00:46:03,2024-09-01 01:09:11,87,129,8.52,1388,45.68,0.0,1.25,4.06,2.75,0.0,0.0,25.07,N,N,N,N,N
HV0003,B03404,B03404,2024-09-01 00:15:16,2024-09-01 00:17:20,2024-09-01 00:18:28,2024-09-01 00:26:46,246,234,1.62,498,26.67,0.0,0.73,2.36,2.75,0.0,0.0,13.78,N,N,N,N,N
HV0003,B03404,B03404,2024-09-01 00:26:40,2024-09-01 00:28:23,2024-09-01 00:28:23,2024-09-01 00:34:25,234,162,1.47,362,19.31,0.0,0.53,1.73,2.75,0.0,4.89,12.04,N,N,N,N,N
HV0003,B03404,B03404,2024-09-01 00:46:08,2024-09-01 00:48:40,2024-09-01 00:49:23,2024-09-01 01:04:58,234,163,2.61,935,31.97,0.0,0.87,2.82,2.75,0.0,0.0,20.4,N,N,N,N,N
HV0003,B03404,B03404,2024-09-01 00:06:40,2024-09-01 00:08:39,2024-09-01 00:10:18,2024-09-01 00:30:19,41,68,6.64,1201,29.44,0.0,0.8,2.59,2.75,0.0,0.0,25.04,N,N,N,N,Y
HV0003,B03404,B03404,2024-09-01 00:34:03,2024-09-01 00:34:27,2024-09-01 00:35:30,2024-09-01 00:50:52,68,261,2.78,922,20.8,0.0,0.57,1.85,2.75,0.0,0.0,15.53,N,N,N,N,Y
HV0003,B03404,B03404,2024-09-01 00:20:28,2024-09-01 00:25:11,2024-09-01 00:26:03,2024-09-01 01:01:36,87,197,15.91,2133,39.87,0.0,1.17,3.76,2.75,0.0,0.0,42.37,N,N,N,N,N
HV0003,B03404,B03404,2024-08-31 23:55:27,2024-09-01 00:02:53,2024-09-01 00:03:05,2024-09-01 00:20:09,137,7,4.73,1024,14.93,0.0,0.41,1.32,0.75,0.0,0.0,8.19,Y,Y,N,N,N
HV0003,B03404,B03404,2024-09-01 00:36:47,2024-09-01 00:42:33,2024-09-01 00:42:56,2024-09-01 00:52:16,82,56,1.74,560,13.38,0.0,0.37,1.19,0.0,0.0,0.0,7.81,N,N,N,N,N
HV0003,B03404,B03404,2024-09-01 00:51:20,2024-09-01 00:59:13,2024-09-01 00:59:27,2024-09-01 01:08:05,173,82,1.61,518,12.5,0.0,0.34,1.11,0.0,0.0,0.0,7.22,N,N,N,N,N
HV0003,B03404,B03404,2024-09-01 00:13:31,2024-09-01 00:17:25,2024-09-01 00:17:46,2024-09-01 00:38:49,234,41,4.97,1263,24.01,0.0,0.66,2.13,2.75,0.0,0.0,19.03,N,N,N,N,N
HV0003,B03404,B03404,2024-09-01 00:47:47,2024-09-01 00:50:54,2024-09-01 00:53:15,2024-09-01 01:19:16,100,265,12.0,1561,44.44,20.0,1.22,0.0,0.0,0.0,0.0,35.59,N,N,N,N,N
HV0003,B03404,B03404,2024-09-01 00:31:45,2024-09-01 00:34:52,2024-09-01 00:35:11,2024-09-01 00:46:48,144,170,2.17,697,18.12,0.0,0.49,1.61,2.75,0.0,2.29,9.72,N,N,N,N,N
HV0003,B03404,B03404,2024-09-01 00:46:26,2024-09-01 00:49:12,2024-09-01 00:49:24,2024-09-01 01:05:32,164,75,4.16,968,19.01,0.0,0.53,1.68,2.75,0.0,0.0,15.06,N,N,N,N,N
HV0003,B03404,B03404,2024-09-01 00:04:32,2024-09-01 00:09:11,2024-09-01 00:11:12,2024-09-01 00:51:03,251,37,18.16,2391,39.71,0.0,1.09,3.52,0.0,0.0,0.0,47.94,N,N,N,N,N
HV0003,B03404,B03404,2024-09-01 00:51:42,2024-09-01 00:52:47,2024-09-01 00:54:47,2024-09-01 00:59:58,37,177,1.02,311,7.73,0.0,0.21,0.69,0.0,0.0,0.0,5.59,N,N,N,N,N
HV0003,B03404,B03404,2024-09-01 00:21:02,2024-09-01 00:24:08,2024-09-01 00:24:32,2024-09-01 00:38:42,231,148,1.73,850,15.34,0.0,0.42,1.36,2.75,0.0,0.0,12.87,N,N,N,N,N
HV0003,B03404,B03404,2024-09-01 00:37:32,2024-09-01 00:39:16,2024-09-01 00:39:42,2024-09-01 00:54:39,148,90,2.37,897,29.76,0.0,0.81,2.63,2.75,0.0,0.0,17.13,N,N,N,N,N
HV0005,B03406,,2024-09-01 00:03:36,,2024-09-01 00:07:14,2024-09-01 00:27:06,61,258,5.288,1192,22.98,0.0,0.63,2.04,0.0,0.0,0.0,18.85,N,N,N,N,N
HV0005,B03406,,2024-09-01 00:23:50,,2024-09-01 00:32:32,2024-09-01 00:41:15,258,258,1.076,523,11.25,0.0,0.28,0.89,0.0,0.0,0.0,7.07,N,N,N,N,N
HV0005,B03406,,2024-09-01 00:44:20,,2024-09-01 00:50:06,2024-09-01 01:08:02,102,226,6.518,1076,25.66,0.0,0.71,2.28,0.0,0.0,0.0,19.39,N,N,N,N,N
HV0003,B03404,B03404,2024-08-31 23:49:48,2024-09-01 00:02:05,2024-09-01 00:02:44,2024-09-01 00:07:57,255,112,1.02,313,12.5,0.0,0.34,1.11,0.0,0.0,0.0,5.67,N,N,N,N,N
HV0003,B03404,B03404,2024-09-01 00:01:59,2024-09-01 00:12:09,2024-09-01 00:12:30,2024-09-01 00:20:15,112,226,1.58,465,6.94,0.0,0.19,0.62,0.0,0.0,0.0,8.2,N,N,N,N,N
HV0003,B03404,B03404,2024-09-01 00:21:51,2024-09-01 00:25:13,2024-09-01 00:27:14,2024-09-01 00:41:28,226,82,3.81,854,16.67,0.0,0.49,1.57,0.0,0.0,0.0,13.77,N,N,N,N,N
HV0003,B03404,B03404,2024-09-01 00:48:49,2024-09-01 00:52:17,2024-09-01 00:52:54,2024-09-01 00:58:06,83,83,0.99,312,8.65,0.0,0.2,0.65,0.0,0.0,0.0,5.67,N,N,N,N,N
HV0003,B03404,B03404,2024-09-01 00:53:25,2024-09-01 00:59:17,2024-09-01 00:59:26,2024-09-01 01:16:53,83,186,6.32,1047,21.72,6.94,0.64,2.65,0.75,0.0,0.0,19.05,Y,N,N,N,N
HV0003,B03404,B03404,2024-09-01 00:00:04,2024-09-01 00:05:49,2024-09-01 00:06:34,2024-09-01 00:10:45,179,223,0.81,251,8.92,0.0,0.24,0.79,0.0,0.0,0.0,5.39,N,N,N,N,N
HV0003,B03404,B03404,2024-09-01 00:11:21,2024-09-01 00:14:29,2024-09-01 00:15:39,2024-09-01 00:41:45,179,179,3.29,1566,22.13,0.0,0.65,2.09,0.0,0.0,0.0,20.59,N,N,N,N,N
HV0003,B03404,B03404,2024-09-01 00:45:24,2024-09-01 00:47:18,2024-09-01 00:47:41,2024-09-01 01:01:58,179,56,7.15,857,20.54,0.0,0.56,1.82,0.0,0.0,0.0,18.05,N,N,N,N,N
HV0003,B03404,B03404,2024-09-01 00:17:51,2024-09-01 00:21:44,2024-09-01 00:22:32,2024-09-01 01:31:22,217,75,8.5,4130,40.1,0.0,1.08,3.55,2.75,0.0,4.75,52.94,N,N,N,N,N
HV0003,B03404,B03404,2024-09-01 00:13:35,2024-09-01 00:16:42,2024-09-01 00:18:34,2024-09-01 00:29:30,129,173,1.28,656,11.59,0.0,0.31,1.02,0.0,0.0,0.0,8.11,N,N,N,N,N
HV0003,B03404,B03404,2024-09-01 00:27:14,2024-09-01 00:33:42,2024-09-01 00:34:45,2024-09-01 00:55:50,173,145,8.58,1265,26.85,0.0,0.73,2.38,0.0,0.0,0.0,25.21,N,N,N,N,N
HV0003,B03404,B03404,2024-09-01 00:55:32,2024-09-01 00:58:30,2024-09-01 00:58:43,2024-09-01 01:18:25,145,48,4.12,1182,23.84,0.0,0.66,2.11,2.75,0.0,0.0,17.09,N,N,N,N,N
HV0003,B03404,B03404,2024-08-31 23:58:00,2024-09-01 00:09:44,2024-09-01 00:11:45,2024-09-01 00:57:10,205,225,11.81,2725,27.34,0.0,0.74,2.38,0.0,0.0,0.0,23.14,Y,Y,N,N,N
HV0003,B03404,B03404,2024-09-01 00:12:00,2024-09-01 00:16:32,2024-09-01 00:18:02,2024-09-01 01:10:59,205,49,13.38,3177,32.48,0.0,0.9,2.88,0.0,0.0,0.0,23.92,Y,Y,N,N,N
HV0003,B03404,B03404,2024-09-01 00:43:54,2024-09-01 00:50:44,2024-09-01 00:52:22,2024-09-01 01:21:36,177,97,5.08,1754,15.64,0.0,0.46,1.48,0.0,0.0,0.0,15.71,Y,Y,N,N,N
HV0003,B03404,B03404,2024-09-01 00:01:25,2024-09-01 00:05:19,2024-09-01 00:05:21,2024-09-01 00:18:01,65,97,1.68,760,7.98,0.0,0.18,0.59,0.0,0.0,5.0,9.67,N,N,N,N,N
HV0003,B03404,B03404,2024-09-01 00:18:14,2024-09-01 00:20:51,2024-09-01 00:22:04,2024-09-01 00:34:28,213,250,2.9,744,16.97,0.0,0.46,1.51,0.0,0.0,0.0,11.17,N,N,N,N,N
HV0003,B03404,B03404,2024-09-01 00:40:37,2024-09-01 00:42:43,2024-09-01 00:43:27,2024-09-01 00:48:44,250,213,0.95,317,8.89,0.0,0.24,0.79,0.0,0.0,0.0,5.39,N,N,N,N,N
HV0003,B03404,B03404,2024-09-01 00:52:32,2024-09-01 00:55:03,2024-09-01 00:56:43,2024-09-01 01:11:10,213,243,6.31,867,22.76,0.0,0.67,2.13,0.0,0.0,0.0,17.0,N,N,N,N,N
HV0003,B03404,B03404,2024-09-01 00:07:26,2024-09-01 00:12:30,2024-09-01 00:13:43,2024-09-01 00:40:52,112,238,7.05,1629,48.51,0.0,1.33,4.31,2.75,0.0,0.0,26.67,N,N,N,N,N
HV0003,B03404,B03404,2024-09-01 00:48:11,2024-09-01 00:50:46,2024-09-01 00:51:50,2024-09-01 01:02:40,48,170,1.88,650,17.16,0.0,0.47,1.52,2.75,0.0,0.0,8.87,N,N,N,N,N
HV0003,B03404,B03404,2024-08-31 23:59:53,2024-09-01 00:06:49,2024-09-01 00:07:08,2024-09-01 00:22:11,42,147,3.65,903,19.67,0.0,0.54,1.75,0.0,0.0,0.0,13.89,N,N,N,N,N
HV0003,B03404,B03404,2024-09-01 00:20:11,2024-09-01 00:25:25,2024-09-01 00:27:18,2024-09-01 01:02:50,168,72,18.56,2132,50.55,6.94,1.39,5.1,0.0,0.0,0.0,46.11,N,N,N,N,N
HV0003,B03404,B03404,2024-09-01 00:01:17,2024-09-01 00:05:08,2024-09-01 00:07:09,2024-09-01 00:16:40,90,186,0.78,571,12.75,0.0,0.35,1.13,2.75,0.0,1.0,6.61,N,N,N,N,N
HV0003,B03404,B03404,2024-09-01 00:17:22,2024-09-01 00:21:24,2024-09-01 00:21:43,2024-09-01 00:28:45,186,68,0.89,422,9.14,0.0,0.25,0.81,2.75,0.0,0.0,5.39,N,N,N,N,N
HV0003,B03404,B03404,2024-09-01 00:28:40,2024-09-01 00:29:07,2024-09-01 00:30:33,2024-09-01 00:35:21,68,186,0.9,288,14.44,0.0,0.4,1.28,2.75,0.0,0.0,7.23,N,N,N,N,N
HV0003,B03404,B03404,2024-09-01 00:35:39,2024-09-01 00:36:45,2024-09-01 00:36:45,2024-09-01 01:04:35,68,265,13.35,1670,33.78,22.03,1.04,0.0,0.0,0.0,0.0,39.19,N,N,N,N,N
HV0003,B03404,B03404,2024-09-01 00:06:21,2024-09-01 00:15:06,2024-09-01 00:15:21,2024-09-01 00:21:49,36,36,1.39,388,11.61,0.0,0.32,1.03,0.0,0.0,3.0,5.66,N,N,N,N,N
HV0003,B03404,B03404,2024-09-01 00:17:31,2024-09-01 00:22:38,2024-09-01 00:23:22,2024-09-01 00:48:07,36,226,3.98,1485,25.83,0.0,0.75,2.44,0.0,0.0,0.0,13.89,Y,Y,N,N,N
HV0003,B03404,B03404,2024-09-01 00:17:06,2024-09-01 00:30:22,2024-09-01 00:31:40,2024-09-01 00:58:08,80,82,5.65,1588,31.93,0.0,0.87,2.82,0.0,0.0,0.0,15.56,Y,Y,N,N,N
HV0003,B03404,B03404,2024-09-01 00:27:34,2024-09-01 00:38:38,2024-09-01 00:38:55,2024-09-01 01:05:51,80,56,6.73,1616,19.83,0.0,0.55,1.76,0.0,0.0,0.0,17.27,Y,Y,N,N,N
HV0003,B03404,B03404,2024-09-01 00:07:53,2024-09-01 00:12:48,2024-09-01 00:14:49,2024-09-01 00:31:48,218,130,5.27,1019,19.36,0.0,0.53,1.72,0.0,0.0,0.0,17.07,N,N,N,N,N
HV0003,B03404,B03404,2024-09-01 00:32:05,2024-09-01 00:33:08,2024-09-01 00:33:19,2024-09-01 00:49:56,130,131,2.47,997,18.73,0.0,0.51,1.66,0.0,0.0,0.0,13.05,N,N,N,N,N
HV0003,B03404,B03404,2024-09-01 00:14:57,2024-09-01 00:21:03,2024-09-01 00:21:06,2024-09-01 00:41:07,79,265,4.69,1201,26.19,20.0,0.72,0.0,0.0,0.0,7.03,19.93,N,N,N,N,N
HV0003,B03404,B03404,2024-09-01 00:40:00,2024-09-01 00:29:44,2024-09-01 00:29:51,2024-09-01 01:06:14,80,228,10.64,2183,14.01,0.0,0.41,1.3,0.0,0.0,0.0,42.82,N,N,N,N,N
HV0005,B03406,,2024-09-01 00:12:24,,2024-09-01 00:16:29,2024-09-01 00:22:55,7,179,1.337,386,8.03,0.0,0.2,0.63,0.0,0.0,0.0,5.59,N,N,N,N,N
HV0005,B03406,,2024-09-01 00:26:29,,2024-09-01 00:29:54,2024-09-01 00:45:34,7,137,4.146,940,23.63,0.31,0.66,2.12,2.75,0.0,5.3,14.83,N,N,N,N,N
HV0005,B03406,,2024-09-01 00:50:30,,2024-09-01 00:54:03,2024-09-01 01:03:35,107,144,1.417,572,15.94,0.0,0.44,1.41,2.75,0.0,0.0,7.82,N,N,N,N,N
HV0003,B03404,B03404,2024-09-01 00:34:39,2024-09-01 00:37:53,2024-09-01 00:39:10,2024-09-01 00:53:44,62,72,2.64,874,20.02,0.0,0.55,1.77,0.0,0.0,0.0,12.5,N,N,N,N,N
HV0003,B03404,B03404,2024-09-01 00:11:45,2024-09-01 00:22:37,2024-09-01 00:22:48,2024-09-01 00:40:32,93,215,6.7,1064,41.18,0.0,1.13,3.66,0.0,0.0,6.89,26.95,N,N,N,N,N
HV0003,B03404,B03404,2024-09-01 00:47:48,2024-09-01 00:52:21,2024-09-01 00:53:36,2024-09-01 00:57:57,205,215,1.03,261,7.7,0.0,0.21,0.69,0.0,0.0,0.0,5.4,N,N,N,N,N
HV0003,B03404,B03404,2024-09-01 00:13:33,2024-09-01 00:17:02,2024-09-01 00:17:15,2024-09-01 00:31:13,145,256,3.04,838,19.38,0.0,0.51,1.67,0.0,0.0,0.0,12.27,N,N,N,N,N
HV0003,B03404,B03404,2024-09-01 00:29:15,2024-09-01 00:34:42,2024-09-01 00:35:07,2024-09-01 01:07:08,255,238,7.64,1921,40.47,0.0,1.11,3.59,2.75,0.0,0.0,30.81,N,N,N,N,N
HV0005,B03406,,2024-09-01 00:09:33,,2024-09-01 00:15:29,2024-09-01 00:24:25,164,90,0.768,536,16.94,0.0,0.47,1.5,2.75,0.0,0.0,12.41,N,N,N,N,N
HV0005,B03406,,2024-09-01 00:24:57,,2024-09-01 00:27:52,2024-09-01 01:02:54,75,61,11.625,2102,37.88,1.45,1.08,3.49,2.75,0.0,0.0,36.37,N,N,N,N,N
HV0005,B03406,,2024-09-01 00:13:21,,2024-09-01 00:17:32,2024-09-01 01:12:17,249,63,9.81,3285,47.0,3.13,1.32,4.25,2.75,0.0,0.0,45.42,N,N,N,N,N
HV0003,B03404,B03404,2024-09-01 00:04:56,2024-09-01 00:13:21,2024-09-01 00:13:41,2024-09-01 00:20:38,77,76,1.61,417,11.39,0.0,0.32,1.03,0.0,0.0,0.0,6.24,N,N,N,N,N
HV0003,B03404,B03404,2024-09-01 00:21:55,2024-09-01 00:24:49,2024-09-01 00:26:20,2024-09-01 00:34:43,76,102,1.93,503,9.22,0.0,0.25,0.82,0.0,0.0,0.0,7.51,N,N,N,N,N
HV0003,B03404,B03404,2024-09-01 00:34:50,2024-09-01 00:38:13,2024-09-01 00:40:12,2024-09-01 00:51:15,36,36,1.65,663,12.6,0.0,0.37,1.19,0.0,0.0,0.0,8.68,N,N,N,N,N
HV0003,B03404,B03404,2024-09-01 00:45:57,2024-09-01 00:52:53,2024-09-01 00:53:01,2024-09-01 01:00:56,36,157,1.75,475,22.35,0.0,0.61,1.98,0.0,0.0,0.0,11.19,N,N,N,N,N
HV0003,B03404,B03404,2024-09-01 00:40:28,2024-09-01 00:42:30,2024-09-01 00:43:45,2024-09-01 01:20:34,55,179,21.95,2209,55.49,0.0,1.53,4.93,0.0,0.0,12.39,53.82,N,N,N,N,N
HV0005,B03406,,2024-09-01 00:37:26,,2024-09-01 00:42:04,2024-09-01 00:56:03,231,107,2.418,839,16.94,0.0,0.47,1.5,2.75,0.0,0.0,11.48,N,N,N,N,N
HV0003,B03404,B03404,2024-09-01 00:45:07,2024-09-01 00:54:10,2024-09-01 00:54:15,2024-09-01 01:15:03,140,79,3.6,1248,16.2,0.0,0.48,1.53,2.75,0.0,2.19,17.03,N,N,N,N,N
HV0003,B03404,B03404,2024-08-31 23:57:08,2024-09-01 00:01:50,2024-09-01 00:03:11,2024-09-01 00:08:08,215,215,1.02,297,7.94,0.0,0.22,0.71,0.0,0.0,0.0,5.41,N,N,N,N,N
HV0003,B03404,B03404,2024-09-01 00:06:43,2024-09-01 00:14:18,2024-09-01 00:15:00,2024-09-01 00:30:39,205,265,3.56,939,24.1,0.0,0.67,2.14,0.0,0.0,0.0,14.58,N,N,N,N,N
HV0003,B03404,B03404,2024-08-31 23:58:35,2024-08-31 23:59:22,2024-09-01 00:01:22,2024-09-01 00:19:41,75,4,5.2,1099,21.9,0.0,0.6,1.95,2.75,0.0,0.0,20.57,N,N,N,N,Y
HV0003,B03404,B03404,2024-09-01 00:18:49,2024-09-01 00:19:50,2024-09-01 00:21:51,2024-09-01 00:34:53,4,170,1.88,782,13.35,0.0,0.39,1.26,2.75,0.0,0.0,11.66,N,N,N,N,Y
HV0005,B03406,,2024-08-31 23:58:11,,2024-09-01 00:01:02,2024-09-01 00:06:38,92,73,1.315,336,8.38,0.0,0.22,0.72,0.0,0.0,0.0,5.47,N,N,N,N,N
HV0005,B03406,,2024-09-01 00:07:13,,2024-09-01 00:09:54,2024-09-01 00:15:24,73,92,1.091,330,8.05,0.0,0.22,0.71,0.0,0.0,0.0,5.47,N,N,N,N,N
HV0005,B03406,,2024-09-01 00:15:08,,2024-09-01 00:19:45,2024-09-01 00:34:47,92,126,7.969,902,40.48,6.1,1.28,4.13,0.0,0.0,0.0,22.67,N,N,N,N,N
HV0005,B03406,,2024-09-01 00:36:00,,2024-09-01 00:40:48,2024-09-01 00:58:31,126,213,2.249,1063,18.67,0.0,0.51,1.66,0.0,0.0,0.0,13.43,N,N,N,N,N
HV0005,B03406,,2024-09-01 00:11:07,,2024-09-01 00:23:20,2024-09-01 00:35:05,25,65,1.32,705,8.95,0.0,0.25,0.79,0.0,0.0,0.0,8.68,N,N,N,N,N
HV0005,B03406,,2024-09-01 00:41:07,,2024-09-01 00:46:24,2024-09-01 01:00:36,22,108,2.911,852,15.01,0.0,0.41,1.33,0.0,0.0,0.0,12.28,N,N,N,N,N
HV0003,B03404,B03404,2024-09-01 00:08:20,2024-09-01 00:12:28,2024-09-01 00:12:35,2024-09-01 00:42:03,68,243,11.04,1768,36.87,0.0,1.02,3.27,2.75,0.0,0.0,33.19,N,N,N,N,N
HV0003,B03404,B03404,2024-09-01 00:46:46,2024-09-01 00:47:16,2024-09-01 00:48:05,2024-09-01 01:09:31,243,265,10.26,1286,29.97,3.18,0.83,2.95,0.0,0.0,0.0,28.52,N,N,N,N,N
HV0003,B03404,B03404,2024-09-01 00:01:43,2024-09-01 00:02:50,2024-09-01 00:03:10,2024-09-01 00:33:35,211,244,10.47,1825,45.36,0.0,1.25,4.03,2.75,0.0,9.0,45.9,N,N,N,N,N
HV0005,B03406,,2024-09-01 00:04:43,,2024-09-01 00:08:06,2024-09-01 00:36:27,181,225,5.064,1701,27.72,0.0,0.76,2.46,0.0,0.0,4.0,25.44,N,N,N,N,Y
HV0005,B03406,,2024-09-01 00:36:26,,2024-09-01 00:42:45,2024-09-01 00:58:09,37,80,1.976,924,14.92,0.0,0.41,1.32,0.0,0.0,0.0,12.46,N,N,N,N,Y
HV0005,B03406,,2024-08-31 23:58:02,,2024-09-01 00:02:28,2024-09-01 00:29:25,229,148,3.675,1617,22.89,0.0,0.63,2.03,2.75,0.0,0.0,20.78,N,N,N,N,N
HV0005,B03406,,2024-09-01 00:26:43,,2024-09-01 00:36:48,2024-09-01 00:58:31,148,48,3.318,1303,24.42,0.0,0.67,2.15,2.75,0.0,5.4,17.23,N,N,N,N,N
HV0005,B03406,,2024-09-01 00:57:40,,2024-09-01 00:59:52,2024-09-01 01:25:40,100,265,13.224,1548,42.11,20.0,1.71,0.0,0.0,0.0,0.0,37.37,N,N,N,N,N
HV0003,B03404,B03404,2024-09-01 00:04:42,2024-09-01 00:06:03,2024-09-01 00:06:44,2024-09-01 00:35:40,164,34,7.78,1736,28.37,6.94,0.83,3.29,2.75,0.0,0.0,27.45,N,N,N,N,N
HV0003,B03404,B03404,2024-09-01 00:26:40,2024-09-01 00:33:37,2024-09-01 00:34:26,2024-09-01 00:47:37,255,80,2.2,791,28.33,0.0,0.78,2.51,0.0,0.0,0.0,13.52,N,N,N,N,N
HV0003,B03404,B03404,2024-09-01 00:47:23,2024-09-01 00:55:05,2024-09-01 00:57:01,2024-09-01 01:14:51,80,164,6.4,1070,43.03,6.94,1.22,4.52,2.75,0.0,0.0,20.59,N,N,N,N,N
HV0003,B03404,B03404,2024-09-01 00:41:18,2024-09-01 00:47:22,2024-09-01 00:47:22,2024-09-01 01:10:07,95,229,9.89,1365,23.93,0.0,0.7,2.26,2.75,0.0,0.0,28.96,N,N,N,N,N
HV0003,B03404,B03404,2024-09-01 00:01:35,2024-09-01 00:03:47,2024-09-01 00:05:13,2024-09-01 00:14:43,116,247,1.77,570,11.6,0.0,0.32,1.03,0.0,0.0,0.0,7.95,N,N,N,N,N
HV0003,B03404,B03404,2024-09-01 00:09:19,2024-09-01 00:18:47,2024-09-01 00:19:57,2024-09-01 00:24:29,247,119,0.58,272,6.12,0.0,0.17,0.54,0.0,0.0,0.0,5.4,N,N,N,N,N
HV0003,B03404,B03404,2024-09-01 00:38:33,2024-09-01 00:40:43,2024-09-01 00:41:40,2024-09-01 00:49:48,244,116,1.51,488,9.77,0.0,0.27,0.87,0.0,0.0,0.0,6.79,N,N,N,N,N
HV0003,B03404,B03404,2024-09-01 00:50:46,2024-09-01 00:53:07,2024-09-01 00:55:07,2024-09-01 01:15:56,116,208,9.04,1249,29.56,0.0,0.81,2.63,0.0,0.0,0.0,24.43,N,N,N,N,N
HV0003,B03404,B03404,2024-09-01 00:05:38,2024-09-01 00:12:37,2024-09-01 00:14:38,2024-09-01 00:48:34,36,68,8.56,2036,32.47,6.94,0.9,3.5,2.75,0.0,0.0,31.94,N,N,N,N,N
HV0003,B03404,B03404,2024-09-01 00:48:13,2024-09-01 00:56:37,2024-09-01 00:57:24,2024-09-01 01:37:47,100,265,20.44,2423,72.52,0.0,1.99,6.44,2.75,0.0,0.0,53.22,N,N,N,N,N
HV0005,B03406,,2024-09-01 00:18:42,,2024-09-01 00:24:40,2024-09-01 00:39:29,72,39,2.157,889,13.88,0.0,0.38,1.23,0.0,0.0,0.0,11.62,N,N,N,N,N
HV0005,B03406,,2024-09-01 00:40:53,,2024-09-01 00:45:52,2024-09-01 00:58:21,39,72,2.237,749,15.85,0.0,0.34,1.1,0.0,0.0,0.0,10.36,N,N,N,N,N
HV0003,B03404,B03404,2024-09-01 00:17:05,2024-09-01 00:22:19,2024-09-01 00:23:19,2024-09-01 01:00:38,37,7,9.72,2239,28.17,0.0,0.78,2.5,0.0,0.0,0.0,23.88,Y,Y,N,N,N
HV0003,B03404,B03404,2024-09-01 00:27:04,2024-09-01 00:34:31,2024-09-01 00:35:45,2024-09-01 01:20:04,37,152,14.24,2659,39.72,6.94,1.1,4.14,0.0,0.0,0.0,34.11,Y,Y,N,N,N
HV0003,B03404,B03404,2024-09-01 00:16:43,2024-09-01 00:27:17,2024-09-01 00:28:52,2024-09-01 00:51:09,36,61,3.61,1337,29.4,0.0,0.86,2.78,0.0,0.0,0.0,22.72,N,N,N,N,Y
HV0003,B03404,B03404,2024-08-31 23:58:21,2024-09-01 00:06:32,2024-09-01 00:07:10,2024-09-01 00:36:41,160,265,15.91,1771,57.45,0.0,1.58,5.09,0.0,0.0,0.0,40.11,N,N,N,N,N
HV0003,B03404,B03404,2024-09-01 00:09:26,2024-09-01 00:16:07,2024-09-01 00:16:23,2024-09-01 00:38:14,112,246,4.76,1311,36.72,6.94,1.01,3.88,2.75,0.0,0.0,20.79,N,N,N,N,N
HV0003,B03404,B03404,2024-09-01 00:42:37,2024-09-01 00:45:23,2024-09-01 00:45:28,2024-09-01 01:05:22,90,148,3.09,1194,22.04,0.0,0.65,2.08,2.75,0.0,2.89,15.8,N,N,N,N,N
HV0003,B03404,B03404,2024-09-01 00:21:21,2024-09-01 00:22:58,2024-09-01 00:24:53,2024-09-01 00:44:21,37,148,3.62,1168,19.47,0.0,0.57,1.84,2.75,0.0,0.0,17.52,N,N,N,N,N
HV0003,B03404,B03404,2024-09-01 00:17:31,2024-09-01 00:18:17,2024-09-01 00:18:25,2024-09-01 00:31:56,43,113,2.6,811,19.03,0.0,0.52,1.68,2.75,0.0,4.79,11.42,N,N,N,N,N
HV0003,B03404,B03404,2024-09-01 00:29:32,2024-09-01 00:39:32,2024-09-01 00:39:32,2024-09-01 01:01:00,114,265,7.27,1288,34.0,20.0,0.93,0.0,0.0,0.0,0.0,24.29,N,N,N,N,N
HV0005,B03406,,2024-08-31 23:52:20,,2024-09-01 00:01:58,2024-09-01 00:32:18,216,53,10.647,1820,35.66,1.4,0.91,2.93,0.0,0.0,0.0,32.28,N,N,N,N,N
HV0005,B03406,,2024-09-01 00:21:23,,2024-09-01 00:36:03,2024-09-01 00:51:01,53,192,4.066,898,17.7,0.21,0.49,1.59,0.0,0.0,0.0,18.3,N,N,N,N,N
HV0003,B03404,B03404,2024-09-01 00:35:38,2024-09-01 00:39:40,2024-09-01 00:41:42,2024-09-01 00:53:04,18,127,1.71,682,12.52,0.0,0.36,1.18,0.0,0.0,0.0,8.96,N,N,N,N,N
HV0003,B03404,B03404,2024-09-01 00:20:06,2024-09-01 00:21:30,2024-09-01 00:21:38,2024-09-01 00:25:34,161,43,0.72,236,12.03,0.0,0.35,1.13,2.75,0.0,33.0,6.48,N,N,N,N,N
HV0003,B03404,B03404,2024-09-01 00:26:00,2024-09-01 00:28:22,2024-09-01 00:28:36,2024-09-01 00:51:26,142,145,4.32,1370,18.69,0.0,0.55,1.76,2.75,0.0,0.0,19.19,N,N,N,N,N
HV0005,B03406,,2024-09-01 00:05:05,,2024-09-01 00:08:18,2024-09-01 00:57:22,163,265,20.116,2944,54.47,20.01,1.91,0.0,0.0,0.0,0.0,62.91,N,N,N,N,N
HV0005,B03406,,2024-09-01 00:12:42,,2024-09-01 00:20:57,2024-09-01 00:32:39,256,17,1.837,702,11.5,0.0,0.32,1.02,0.0,0.0,0.0,9.35,N,N,N,N,N
HV0005,B03406,,2024-09-01 00:33:08,,2024-09-01 00:38:12,2024-09-01 00:58:08,225,76,4.727,1196,38.73,0.0,0.93,2.99,0.0,0.0,0.0,20.61,N,N,N,N,N
HV0003,B03404,B03404,2024-09-01 00:20:31,2024-09-01 00:24:53,2024-09-01 00:25:03,2024-09-01 00:30:49,218,139,1.42,346,9.78,0.0,0.27,0.87,0.0,0.0,0.0,5.39,N,N,N,N,N
HV0003,B03404,B03404,2024-09-01 00:30:32,2024-09-01 00:38:05,2024-09-01 00:39:36,2024-09-01 01:04:50,205,76,8.45,1514,19.07,0.0,0.51,1.65,0.0,0.0,0.0,26.2,N,N,N,N,N
HV0003,B03404,B03404,2024-09-01 00:47:44,2024-09-01 00:51:58,2024-09-01 00:52:18,2024-09-01 01:16:54,92,205,8.09,1476,23.21,0.0,0.68,2.19,0.0,0.0,0.0,30.09,N,N,N,N,N
HV0005,B03406,,2024-09-01 00:09:17,,2024-09-01 00:10:39,2024-09-01 00:37:23,246,74,6.911,1604,32.78,0.0,0.87,2.81,2.75,0.0,0.0,25.07,N,N,N,N,N
HV0005,B03406,,2024-09-01 00:36:28,,2024-09-01 00:40:30,2024-09-01 00:59:23,74,265,11.187,1133,30.64,0.41,0.85,2.76,0.0,0.0,0.0,26.77,N,N,N,N,N
HV0003,B03404,B03404,2024-08-31 23:59:32,2024-09-01 00:03:34,2024-09-01 00:05:35,2024-09-01 00:23:21,85,39,3.23,1066,19.19,0.0,0.53,1.71,0.0,0.0,0.0,14.76,N,N,N,N,N
HV0003,B03404,B03404,2024-09-01 00:04:32,2024-09-01 00:08:59,2024-09-01 00:10:07,2024-09-01 00:16:55,129,7,1.18,408,8.91,0.0,0.24,0.79,0.0,0.0,0.0,5.56,N,N,N,N,N
HV0003,B03404,B03404,2024-09-01 00:20:55,2024-09-01 00:25:43,2024-09-01 00:26:14,2024-09-01 00:37:50,7,7,2.01,696,11.67,0.0,0.32,1.04,0.0,0.0,0.0,9.49,N,N,N,N,N
HV0003,B03404,B03404,2024-09-01 00:02:46,2024-09-01 00:08:27,2024-09-01 00:09:15,2024-09-01 00:26:07,148,234,2.54,1012,22.68,0.0,0.61,1.97,2.75,0.0,0.0,15.9,N,N,N,N,N
HV0003,B03404,B03404,2024-09-01 00:49:53,2024-09-01 00:54:07,2024-09-01 00:56:08,2024-09-01 01:27:29,246,200,13.31,1881,40.07,3.18,1.11,3.84,2.75,0.0,0.0,38.74,N,N,N,N,N
HV0005,B03406,,2024-09-01 00:27:37,,2024-09-01 00:29:43,2024-09-01 00:40:10,234,68,1.483,627,20.56,0.0,0.57,1.82,2.75,0.0,0.0,14.84,N,N,N,N,N
HV0003,B03404,B03404,2024-08-31 23:58:11,2024-09-01 00:02:12,2024-09-01 00:04:12,2024-09-01 00:19:51,242,174,4.2,939,19.76,0.0,0.55,1.75,0.0,0.0,0.0,14.84,N,N,N,N,N
HV0003,B03404,B03404,2024-09-01 00:23:02,2024-09-01 00:25:28,2024-09-01 00:26:10,2024-09-01 00:52:45,174,196,13.83,1595,35.27,6.94,0.97,3.73,0.0,0.0,0.0,34.31,N,N,N,N,N
HV0003,B03404,B03404,2024-09-01 00:17:41,2024-09-01 00:20:39,2024-09-01 00:21:13,2024-09-01 00:44:39,181,255,4.26,1406,34.51,0.0,1.01,3.25,0.0,0.0,4.09,20.95,N,N,N,N,N
HV0005,B03406,,2024-09-01 00:03:29,,2024-09-01 00:17:49,2024-09-01 00:51:03,80,263,6.866,1994,45.65,0.23,1.26,4.07,2.75,0.0,8.09,30.31,N,N,N,N,N
HV0003,B03404,B03404,2024-09-01 00:14:39,2024-09-01 00:20:15,2024-09-01 00:20:31,2024-09-01 00:28:03,74,42,1.32,452,9.65,0.0,0.26,0.86,0.0,0.0,0.0,6.19,N,N,N,N,N
HV0003,B03404,B03404,2024-09-01 00:26:17,2024-09-01 00:29:38,2024-09-01 00:30:20,2024-09-01 00:43:05,42,69,2.34,765,15.18,0.0,0.41,1.34,0.0,0.0,0.0,10.61,N,N,N,N,N
HV0003,B03404,B03404,2024-09-01 00:42:58,2024-09-01 00:44:07,2024-09-01 00:45:05,2024-09-01 00:52:25,69,167,1.06,440,9.78,0.0,0.27,0.87,0.0,0.0,0.0,5.71,N,N,N,N,N
HV0003,B03404,B03404,2024-09-01 00:57:28,2024-09-01 00:58:03,2024-09-01 00:59:13,2024-09-01 01:04:40,159,69,1.06,327,6.53,0.0,0.18,0.58,0.0,0.0,0.0,5.39,N,N,N,N,N
HV0003,B03404,B03404,2024-09-01 00:12:01,2024-09-01 00:13:24,2024-09-01 00:14:00,2024-09-01 00:31:22,181,85,3.67,1042,19.71,0.0,0.55,1.75,0.0,0.0,4.4,17.71,N,N,N,N,N
HV0003,B03404,B03404,2024-09-01 00:30:42,2024-09-01 00:33:16,2024-09-01 00:35:02,2024-09-01 00:44:50,188,89,1.73,588,12.52,0.0,0.34,1.11,0.0,0.0,0.0,10.65,N,N,N,N,N
HV0003,B03404,B03404,2024-09-01 00:47:29,2024-09-01 00:50:20,2024-09-01 00:51:12,2024-09-01 01:22:45,257,126,19.89,1893,47.85,6.94,1.31,4.87,0.0,0.0,0.0,48.03,N,N,N,N,N
HV0005,B03406,,2024-09-01 00:03:43,,2024-09-01 00:12:20,2024-09-01 00:30:52,138,60,8.242,1112,31.77,6.94,1.06,3.66,0.0,2.5,0.0,22.09,N,N,N,N,N
HV0003,B03404,B03404,2024-09-01 00:31:17,2024-09-01 00:35:20,2024-09-01 00:37:05,2024-09-01 00:41:33,17,17,0.75,268,8.37,0.0,0.24,0.79,0.0,0.0,0.0,5.4,N,N,N,N,N
HV0003,B03404,B03404,2024-09-01 00:46:07,2024-09-01 00:51:20,2024-09-01 00:52:30,2024-09-01 01:26:00,49,244,15.46,2010,48.88,6.94,1.35,4.95,0.0,0.0,0.0,45.26,N,N,N,N,N
HV0003,B03404,B03404,2024-09-01 00:07:58,2024-09-01 00:19:50,2024-09-01 00:22:27,2024-09-01 00:48:15,224,151,6.34,1548,26.12,0.0,0.72,2.3,2.75,0.0,0.0,32.4,N,N,N,Y,Y
HV0003,B03404,B03404,2024-09-01 00:32:07,2024-09-01 00:38:38,2024-09-01 00:38:48,2024-09-01 00:50:20,64,265,2.04,692,17.75,0.0,0.48,1.57,0.0,0.0,0.0,10.58,N,N,N,N,N
HV0003,B03404,B03404,2024-09-01 00:07:45,2024-09-01 00:09:47,2024-09-01 00:10:02,2024-09-01 00:16:13,185,3,1.28,371,9.79,0.0,0.27,0.87,0.0,0.0,0.0,5.39,N,N,N,N,N
HV0003,B03404,B03404,2024-09-01 00:27:15,2024-09-01 00:32:27,2024-09-01 00:32:41,2024-09-01 00:40:46,81,51,2.07,485,12.53,0.0,0.34,1.11,0.0,0.0,0.0,8.53,N,N,N,N,N
HV0003,B03404,B03404,2024-09-01 00:49:49,2024-09-01 00:52:51,2024-09-01 00:54:51,2024-09-01 01:02:58,51,51,1.56,487,11.63,0.0,0.32,1.06,0.0,0.0,0.0,6.85,N,N,N,N,N
HV0003,B03404,B03404,2024-09-01 00:47:22,2024-09-01 00:47:32,2024-09-01 00:48:05,2024-09-01 00:54:47,238,166,1.79,402,8.07,0.0,0.22,0.72,2.75,0.0,0.0,6.34,N,N,N,N,N
HV0003,B03404,B03404,2024-09-01 00:13:10,2024-09-01 00:19:21,2024-09-01 00:20:33,2024-09-01 00:37:47,148,265,3.95,1034,24.28,20.0,0.74,0.0,0.0,0.0,0.0,19.05,N,N,N,N,N
HV0003,B03404,B03404,2024-09-01 00:25:39,2024-09-01 00:28:59,2024-09-01 00:30:24,2024-09-01 00:38:56,159,147,0.96,512,8.95,0.0,0.24,0.8,0.0,0.0,0.0,6.28,N,N,N,N,N
HV0005,B03406,,2024-09-01 00:04:18,,2024-09-01 00:16:55,2024-09-01 00:37:03,173,223,3.958,1208,39.4,0.0,1.0,3.23,0.0,0.0,0.0,20.17,N,N,N,N,N
HV0005,B03406,,2024-09-01 00:42:10,,2024-09-01 00:47:50,2024-09-01 01:15:35,260,216,7.402,1665,30.31,0.0,0.83,2.69,0.0,0.0,0.0,26.34,N,N,N,N,N
HV0003,B03404,B03404,2024-09-01 00:16:57,2024-09-01 00:18:53,2024-09-01 00:21:06,2024-09-01 00:29:41,100,68,0.52,515,17.56,0.0,0.48,1.56,2.75,0.0,0.0,11.41,N,N,N,N,N
HV0003,B03404,B03404,2024-09-01 00:29:37,2024-09-01 00:30:09,2024-09-01 00:31:56,2024-09-01 00:39:30,48,50,0.82,454,11.08,0.0,0.32,1.04,2.75,0.0,0.0,5.53,N,N,N,N,N
HV0003,B03404,B03404,2024-09-01 00:41:40,2024-09-01 00:44:01,2024-09-01 00:44:30,2024-09-01 01:06:43,48,265,11.84,1333,38.83,22.03,1.07,0.0,0.0,0.0,0.0,33.19,N,N,N,N,N
HV0003,B03404,B03404,2024-09-01 00:09:37,2024-09-01 00:11:32,2024-09-01 00:13:33,2024-09-01 00:28:42,79,236,4.31,909,25.88,0.0,0.71,2.29,2.75,0.0,3.16,14.69,N,N,N,N,N
HV0003,B03404,B03404,2024-09-01 00:46:57,2024-09-01 00:49:04,2024-09-01 00:49:07,2024-09-01 01:01:31,233,74,4.14,744,18.93,0.0,0.52,1.68,2.75,0.0,2.38,12.86,N,N,N,N,N
HV0005,B03406,,2024-09-01 00:15:35,,2024-09-01 00:21:13,2024-09-01 00:37:05,230,90,2.384,952,15.38,0.0,0.42,1.36,2.75,0.0,0.0,12.54,N,N,N,N,N
HV0005,B03406,,2024-09-01 00:44:44,,2024-09-01 00:47:44,2024-09-01 00:56:21,234,162,1.415,517,10.07,0.0,0.28,0.89,2.75,0.0,0.0,6.97,N,N,N,N,N
HV0003,B03404,B03404,2024-09-01 00:12:27,2024-09-01 00:14:41,2024-09-01 00:14:42,2024-09-01 00:21:43,170,230,0.96,421,9.59,0.0,0.26,0.86,2.75,0.0,0.0,5.4,N,N,N,N,N
HV0003,B03404,B03404,2024-09-01 00:19:59,2024-09-01 00:30:29,2024-09-01 00:31:14,2024-09-01 00:37:31,230,50,1.05,377,9.57,0.0,0.26,0.85,2.75,0.0,0.0,5.4,N,N,N,N,N
HV0003,B03404,B03404,2024-08-31 23:54:23,2024-09-01 00:33:49,2024-09-01 00:35:53,2024-09-01 01:02:31,93,144,13.29,1598,174.07,0.0,5.09,16.44,2.75,0.0,20.93,92.65,N,N,N,N,N
HV0005,B03406,,2024-08-31 23:58:06,,2024-09-01 00:06:41,2024-09-01 00:38:04,186,82,7.686,1883,34.48,6.94,1.13,3.65,2.75,0.0,0.0,28.85,N,N,N,N,N
HV0005,B03406,,2024-09-01 00:38:08,,2024-09-01 00:43:35,2024-09-01 00:52:20,129,82,0.746,525,7.72,0.0,0.21,0.69,0.0,0.0,0.0,6.14,N,N,N,N,N
HV0003,B03404,B03404,2024-09-01 00:05:48,2024-09-01 00:08:36,2024-09-01 00:09:51,2024-09-01 00:31:40,215,173,8.21,1309,28.43,0.0,0.78,2.52,0.0,0.0,0.0,23.89,N,N,N,N,N
HV0003,B03404,B03404,2024-09-01 00:29:17,2024-09-01 00:32:48,2024-09-01 00:34:34,2024-09-01 01:08:06,173,188,12.92,2012,32.47,0.0,0.9,2.88,0.0,0.0,7.24,37.12,N,N,N,N,N
HV0003,B03404,B03404,2024-09-01 00:12:53,2024-09-01 00:17:13,2024-09-01 00:17:27,2024-09-01 00:49:18,191,39,15.34,1911,30.22,0.0,0.82,2.64,0.0,0.0,0.0,39.73,N,N,Y,N,N
HV0003,B03404,B03404,2024-09-01 00:44:03,2024-09-01 00:48:33,2024-09-01 00:49:59,2024-09-01 01:13:33,39,197,10.57,1414,35.78,0.0,0.99,3.18,0.0,0.0,0.0,28.12,N,N,N,N,N
HV0003,B03404,B03404,2024-08-31 23:58:04,2024-08-31 23:59:06,2024-09-01 00:01:06,2024-09-01 00:08:53,137,79,1.16,467,8.8,0.0,0.24,0.78,2.75,0.0,0.0,6.12,N,N,N,N,N
HV0003,B03404,B03404,2024-09-01 00:08:27,2024-09-01 00:10:02,2024-09-01 00:10:25,2024-09-01 00:24:33,79,263,4.25,848,20.03,0.0,0.59,1.89,2.75,0.0,0.0,14.02,N,N,N,N,N
HV0003,B03404,B03404,2024-09-01 00:28:05,2024-09-01 00:29:30,2024-09-01 00:31:30,2024-09-01 00:45:01,263,146,3.26,811,19.37,0.0,0.54,1.72,2.75,0.0,0.0,12.31,N,N,N,N,N
HV0003,B03404,B03404,2024-09-01 00:44:53,2024-09-01 00:45:46,2024-09-01 00:47:47,2024-09-01 01:09:01,146,79,4.92,1274,21.15,0.0,0.58,1.88,2.75,0.0,0.0,20.33,N,N,N,N,N
HV0003,B03404,B03404,2024-09-01 00:05:34,2024-09-01 00:07:50,2024-09-01 00:09:21,2024-09-01 00:35:41,229,17,8.31,1580,29.25,6.94,0.8,3.21,2.75,0.0,0.0,29.38,N,N,N,N,N
HV0003,B03404,B03404,2024-09-01 00:37:07,2024-09-01 00:40:33,2024-09-01 00:40:59,2024-09-01 00:49:39,17,61,1.04,520,9.04,0.0,0.25,0.82,0.0,0.0,0.0,9.19,N,N,N,N,N
HV0003,B03404,B03404,2024-09-01 00:49:04,2024-09-01 00:58:13,2024-09-01 00:59:29,2024-09-01 01:11:06,62,61,1.79,697,12.45,0.0,0.34,1.11,0.0,0.0,0.0,11.93,N,N,N,N,N
HV0003,B03404,B03404,2024-09-01 00:24:28,2024-09-01 00:27:11,2024-09-01 00:27:44,2024-09-01 00:44:52,65,36,4.89,1028,21.9,0.0,0.64,2.07,0.0,0.0,3.9,16.64,N,N,N,N,N
HV0003,B03404,B03404,2024-09-01 00:39:30,2024-09-01 00:46:55,2024-09-01 00:47:10,2024-09-01 01:14:01,36,211,5.76,1611,38.77,0.0,1.07,3.44,2.75,0.0,6.9,24.48,N,N,N,N,N
HV0003,B03404,B03404,2024-09-01 00:05:56,2024-09-01 00:07:22,2024-09-01 00:07:51,2024-09-01 00:37:10,228,232,7.96,1759,27.92,0.0,0.76,2.48,2.75,0.0,0.0,27.92,N,N,N,N,N
HV0003,B03404,B03404,2024-09-01 00:34:52,2024-09-01 00:38:42,2024-09-01 00:40:04,2024-09-01 00:53:24,232,255,2.76,800,23.45,0.0,0.64,2.09,2.75,0.0,0.0,11.52,N,N,N,N,N
HV0003,B03404,B03404,2024-09-01 00:49:45,2024-09-01 00:54:10,2024-09-01 00:54:32,2024-09-01 01:14:23,255,189,5.06,1191,39.31,0.0,1.08,3.48,0.0,0.0,0.0,18.45,N,N,N,N,N
HV0003,B03404,B03404,2024-08-31 23:53:11,2024-09-01 00:01:08,2024-09-01 00:03:09,2024-09-01 00:35:39,7,130,11.41,1950,17.01,0.0,0.47,1.52,0.0,0.0,0.0,18.88,Y,Y,N,N,N
HV0003,B03404,B03404,2024-09-01 00:20:34,2024-09-01 00:27:04,2024-09-01 00:27:25,2024-09-01 01:01:41,130,191,6.84,2056,9.03,0.0,0.24,0.81,0.0,0.0,0.0,19.58,Y,Y,N,N,N
HV0003,B03404,B03404,2024-09-01 00:37:53,2024-09-01 00:43:36,2024-09-01 00:43:55,2024-09-01 00:57:30,215,38,3.31,815,13.99,0.0,0.38,1.24,0.0,0.0,0.0,6.2,Y,Y,N,N,N
HV0003,B03404,B03404,2024-09-01 00:16:22,2024-09-01 00:21:26,2024-09-01 00:21:40,2024-09-01 01:04:36,234,265,18.42,2576,89.99,20.0,2.61,0.0,0.0,0.0,0.0,57.58,N,N,N,N,N
HV0003,B03404,B03404,2024-09-01 00:27:14,2024-09-01 00:32:47,2024-09-01 00:32:47,2024-09-01 00:42:54,61,71,1.37,607,10.66,0.0,0.29,0.95,0.0,0.0,0.0,7.76,N,N,N,N,N
HV0003,B03404,B03404,2024-09-01 00:43:25,2024-09-01 00:46:13,2024-09-01 00:46:43,2024-09-01 00:58:10,72,89,2.57,687,13.37,0.0,0.36,1.18,0.0,0.0,0.0,10.18,N,N,N,N,N
HV0003,B03404,B03404,2024-09-01 00:53:21,2024-09-01 00:58:04,2024-09-01 00:59:06,2024-09-01 01:48:46,89,74,23.26,2980,39.02,6.94,1.08,4.08,0.0,0.0,0.0,49.62,Y,Y,N,N,N
HV0003,B03404,B03404,2024-09-01 00:32:53,2024-09-01 00:40:06,2024-09-01 00:41:54,2024-09-01 01:06:45,200,7,13.42,1491,28.06,6.94,0.81,3.11,0.0,0.0,3.89,34.42,Y,N,N,N,N
HV0005,B03406,,2024-09-01 00:07:31,,2024-09-01 00:12:18,2024-09-01 00:44:37,79,177,5.858,1939,35.32,0.57,0.99,3.19,2.75,0.0,18.84,26.9,N,N,N,N,N
HV0005,B03406,,2024-09-01 00:45:20,,2024-09-01 00:50:22,2024-09-01 01:18:58,225,52,5.405,1716,27.89,0.0,0.68,2.2,0.0,0.0,4.62,24.11,N,N,N,N,N
HV0003,B03404,B03404,2024-09-01 00:12:58,2024-09-01 00:16:43,2024-09-01 00:17:40,2024-09-01 00:42:35,39,25,5.37,1495,25.04,0.0,0.69,2.21,0.0,0.0,0.0,23.66,N,N,N,N,N
HV0003,B03404,B03404,2024-09-01 00:36:47,2024-09-01 00:44:55,2024-09-01 00:45:35,2024-09-01 01:10:58,25,108,11.77,1523,70.74,0.0,1.95,6.27,0.0,0.0,0.0,37.02,N,N,N,N,N
HV0003,B03404,B03404,2024-09-01 00:16:21,2024-09-01 00:22:38,2024-09-01 00:23:14,2024-09-01 00:56:08,29,217,18.05,1974,44.67,0.0,1.31,4.22,0.0,0.0,0.0,47.91,N,N,N,N,N
HV0003,B03404,B03404,2024-09-01 00:44:24,2024-09-01 00:45:41,2024-09-01 00:46:18,2024-09-01 00:55:45,229,262,2.45,567,15.37,0.0,0.42,1.36,2.75,0.0,0.0,8.84,N,N,N,N,N
HV0005,B03406,,2024-09-01 00:06:23,,2024-09-01 00:08:40,2024-09-01 00:25:52,243,168,5.664,1032,20.15,0.0,0.55,1.79,0.0,0.0,0.0,17.8,N,N,N,N,N
HV0003,B03404,B03404,2024-09-01 00:02:33,2024-09-01 00:06:07,2024-09-01 00:06:16,2024-09-01 00:17:26,234,211,2.24,670,17.0,0.0,0.49,1.6,2.75,0.0,0.0,9.56,N,N,N,N,N
HV0003,B03404,B03404,2024-09-01 00:16:53,2024-09-01 00:22:27,2024-09-01 00:24:27,2024-09-01 00:31:56,211,148,0.79,449,19.47,0.0,0.57,1.83,2.75,0.0,0.0,10.47,N,N,N,N,N
HV0003,B03404,B03404,2024-09-01 00:31:52,2024-09-01 00:37:27,2024-09-01 00:38:46,2024-09-01 01:12:49,148,61,6.29,2043,37.88,0.0,1.04,3.36,2.75,0.0,0.0,28.4,N,N,N,N,N
HV0003,B03404,B03404,2024-08-31 23:54:38,2024-09-01 00:02:25,2024-09-01 00:02:25,2024-09-01 00:19:22,255,225,3.07,1017,21.51,0.0,0.59,1.91,0.0,0.0,0.0,14.06,N,N,N,N,N
HV0003,B03404,B03404,2024-09-01 00:16:48,2024-09-01 00:20:18,2024-09-01 00:21:35,2024-09-01 00:30:17,225,17,1.25,522,7.98,0.0,0.22,0.71,0.0,0.0,0.0,8.02,N,N,N,N,N
HV0003,B03404,B03404,2024-09-01 00:29:41,2024-09-01 00:35:02,2024-09-01 00:35:08,2024-09-01 00:43:47,17,37,1.47,519,7.53,0.0,0.22,0.71,0.0,0.0,0.0,7.04,N,N,N,N,N
HV0003,B03404,B03404,2024-09-01 00:39:24,2024-09-01 00:46:22,2024-09-01 00:47:48,2024-09-01 00:53:35,37,37,0.95,347,13.11,0.0,0.36,1.17,0.0,0.0,0.0,6.48,N,N,N,N,N
HV0003,B03404,B03404,2024-09-01 00:52:44,2024-09-01 00:55:06,2024-09-01 00:57:00,2024-09-01 01:48:54,36,265,27.58,3114,75.07,6.94,2.07,7.28,0.0,0.0,18.18,71.78,N,N,N,N,N
HV0005,B03406,,2024-09-01 00:34:53,,2024-09-01 00:43:17,2024-09-01 00:57:19,242,259,5.028,842,20.64,0.0,0.51,1.63,0.0,0.0,0.0,15.07,N,N,N,N,N
HV0003,B03404,B03404,2024-09-01 00:34:34,2024-09-01 00:37:46,2024-09-01 00:38:10,2024-09-01 00:56:59,191,215,4.7,1129,25.07,0.0,0.69,2.22,0.0,0.0,0.0,17.36,N,N,N,N,N
HV0003,B03404,B03404,2024-09-01 00:05:24,2024-09-01 00:13:13,2024-09-01 00:13:18,2024-09-01 00:56:28,181,39,6.77,2590,30.51,0.0,0.84,2.71,0.0,0.0,0.0,28.91,Y,Y,N,N,N
HV0003,B03404,B03404,2024-09-01 00:07:29,2024-09-01 00:18:02,2024-09-01 00:20:03,2024-09-01 00:33:31,181,188,2.41,808,12.62,0.0,0.35,1.12,0.0,0.0,0.0,5.67,Y,Y,N,N,N
HV0003,B03404,B03404,2024-09-01 00:54:38,2024-09-01 00:55:28,2024-09-01 00:55:36,2024-09-01 01:03:08,48,246,1.7,452,10.88,0.0,0.3,0.97,2.75,0.0,0.0,7.38,N,N,N,N,Y
HV0005,B03406,,2024-09-01 00:13:49,,2024-09-01 00:17:13,2024-09-01 00:42:07,164,244,8.38,1494,33.21,0.0,0.91,2.95,2.75,0.0,0.0,29.27,N,N,N,N,Y
HV0003,B03404,B03404,2024-09-01 00:13:38,2024-09-01 00:15:24,2024-09-01 00:15:38,2024-09-01 00:25:47,114,164,1.99,609,14.47,0.0,0.42,1.37,2.75,0.0,0.0,10.06,N,N,N,N,Y
HV0003,B03404,B03404,2024-09-01 00:15:08,2024-09-01 00:18:28,2024-09-01 00:18:52,2024-09-01 00:25:09,38,122,1.35,377,6.24,0.0,0.14,0.47,0.0,0.0,0.0,5.81,N,N,N,N,N
HV0003,B03404,B03404,2024-09-01 00:18:16,2024-09-01 00:27:08,2024-09-01 00:27:51,2024-09-01 01:02:35,122,39,10.99,2084,37.6,0.0,1.04,3.34,0.0,0.0,0.0,35.51,N,N,N,N,N
HV0003,B03404,B03404,2024-08-31 23:57:23,2024-09-01 00:02:20,2024-09-01 00:02:39,2024-09-01 00:15:37,60,74,4.48,778,17.91,0.0,0.5,1.59,0.0,0.0,0.0,13.65,N,N,N,N,N
HV0003,B03404,B03404,2024-09-01 00:14:34,2024-09-01 00:19:00,2024-09-01 00:20:40,2024-09-01 00:43:09,42,148,9.18,1349,27.01,0.0,0.75,2.43,2.75,0.0,0.0,25.59,N,N,N,N,N
HV0003,B03404,B03404,2024-09-01 00:40:01,2024-09-01 00:43:10,2024-09-01 00:45:11,2024-09-01 00:59:17,148,170,2.34,846,18.53,0.0,0.51,1.64,2.75,0.0,0.0,11.85,N,N,N,N,N
HV0003,B03404,B03404,2024-09-01 00:27:33,2024-09-01 00:28:42,2024-09-01 00:30:43,2024-09-01 00:42:19,50,163,1.25,696,10.81,0.0,0.3,0.96,2.75,0.0,3.0,9.32,N,N,N,N,Y
HV0003,B03404,B03404,2024-09-01 00:42:21,2024-09-01 00:45:54,2024-09-01 00:47:56,2024-09-01 00:56:22,230,48,1.02,506,10.22,0.0,0.28,0.91,2.75,0.0,1.0,7.09,N,N,N,N,Y
HV0005,B03406,,2024-09-01 00:10:21,,2024-09-01 00:20:28,2024-09-01 00:37:07,148,49,3.379,999,16.23,0.0,0.45,1.44,2.75,0.0,0.0,14.35,N,N,N,N,N
HV0005,B03406,,2024-09-01 00:33:39,,2024-09-01 00:42:02,2024-09-01 01:05:52,97,61,2.766,1430,31.48,0.0,0.62,2.0,0.0,0.0,0.0,17.71,N,N,N,N,N
HV0003,B03404,B03404,2024-08-31 23:56:51,2024-08-31 23:59:45,2024-09-01 00:01:47,2024-09-01 00:13:01,116,166,1.27,674,11.2,0.0,0.25,0.81,0.0,0.0,0.0,8.29,N,N,N,N,N
HV0003,B03404,B03404,2024-09-01 00:13:06,2024-09-01 00:15:48,2024-09-01 00:15:48,2024-09-01 00:37:15,166,100,5.63,1287,27.52,0.0,0.76,2.44,2.75,0.0,0.0,20.17,N,N,N,N,N
HV0003,B03404,B03404,2024-09-01 00:37:22,2024-09-01 00:39:01,2024-09-01 00:41:18,2024-09-01 01:04:43,100,265,6.8,1405,34.82,20.0,0.96,0.0,0.0,0.0,0.0,24.79,N,N,N,N,N
HV0003,B03404,B03404,2024-09-01 00:03:47,2024-09-01 00:09:05,2024-09-01 00:11:05,2024-09-01 00:25:05,138,170,8.31,840,30.76,6.94,0.91,3.56,2.75,2.5,0.0,19.57,N,N,N,N,N
HV0003,B03404,B03404,2024-09-01 00:30:59,2024-09-01 00:32:37,2024-09-01 00:33:13,2024-09-01 00:53:11,170,34,7.42,1198,28.11,6.94,0.83,3.27,2.75,0.0,0.0,22.14,N,N,N,N,N
HV0003,B03404,B03404,2024-08-31 23:57:57,2024-08-31 23:59:00,2024-09-01 00:01:00,2024-09-01 00:16:03,17,25,2.63,903,17.26,0.0,0.47,1.53,0.0,0.0,0.0,12.36,N,N,N,N,N
HV0003,B03404,B03404,2024-09-01 00:14:36,2024-09-01 00:17:24,2024-09-01 00:17:28,2024-09-01 00:40:09,25,37,3.61,1361,37.55,0.0,1.04,3.33,0.0,0.0,0.0,19.38,N,N,N,N,N
HV0003,B03404,B03404,2024-09-01 00:39:08,2024-09-01 00:44:44,2024-09-01 00:46:12,2024-09-01 01:05:23,37,35,3.3,1151,18.31,0.0,0.51,1.65,0.0,0.0,0.0,15.67,N,N,N,N,N
HV0005,B03406,,2024-08-31 23:57:12,,2024-09-01 00:03:34,2024-09-01 00:16:27,145,7,2.425,773,14.91,0.12,0.41,1.33,0.0,0.0,0.0,10.84,N,N,N,N,N
HV0005,B03406,,2024-09-01 00:12:48,,2024-09-01 00:18:57,2024-09-01 00:36:12,7,41,5.917,1035,22.2,5.57,0.76,2.46,0.0,0.0,0.0,18.17,N,N,N,N,N
HV0005,B03406,,2024-09-01 00:35:34,,2024-09-01 00:40:28,2024-09-01 00:50:59,41,116,1.832,631,11.63,0.0,0.32,1.03,0.0,0.0,0.0,8.65,N,N,N,N,N
HV0003,B03404,B03404,2024-08-31 23:58:19,2024-09-01 00:02:13,2024-09-01 00:03:32,2024-09-01 00:30:05,33,75,10.67,1593,28.96,0.0,0.79,2.57,2.75,0.0,0.0,29.99,N,N,N,N,N
HV0003,B03404,B03404,2024-09-01 00:32:44,2024-09-01 00:33:01,2024-09-01 00:35:01,2024-09-01 00:56:03,75,232,6.26,1262,24.27,0.0,0.71,2.28,2.75,0.0,0.0,20.77,N,N,N,N,N
HV0003,B03404,B03404,2024-09-01 00:04:55,2024-09-01 00:08:01,2024-09-01 00:10:01,2024-09-01 00:30:24,216,139,8.57,1223,36.09,0.0,0.99,3.21,0.0,0.0,0.0,24.28,N,N,N,N,N
HV0003,B03404,B03404,2024-09-01 00:26:18,2024-09-01 00:30:53,2024-09-01 00:31:02,2024-09-01 00:43:48,139,191,3.7,766,19.35,0.0,0.57,1.83,0.0,0.0,0.0,12.47,N,N,N,N,N
HV0003,B03404,B03404,2024-09-01 00:43:01,2024-09-01 00:45:41,2024-09-01 00:45:51,2024-09-01 00:53:33,191,19,2.49,462,12.24,0.0,0.34,1.1,0.0,0.0,0.0,7.88,N,N,N,N,N
HV0003,B03404,B03404,2024-08-31 23:56:33,2024-08-31 23:59:33,2024-09-01 00:00:34,2024-09-01 00:09:53,123,21,1.6,559,10.91,0.0,0.32,1.03,0.0,0.0,0.0,7.61,N,N,N,N,N
HV0003,B03404,B03404,2024-09-01 00:11:49,2024-09-01 00:17:17,2024-09-01 00:18:32,2024-09-01 00:21:52,108,108,0.67,200,9.36,0.0,0.26,0.83,0.0,0.0,0.0,5.39,N,N,N,N,N
HV0003,B03404,B03404,2024-09-01 00:21:22,2024-09-01 00:25:37,2024-09-01 00:27:37,2024-09-01 00:36:01,108,21,1.27,504,14.4,0.0,0.4,1.31,0.0,0.0,0.0,8.42,N,N,N,N,N
HV0003,B03404,B03404,2024-09-01 00:37:15,2024-09-01 00:38:05,2024-09-01 00:38:11,2024-09-01 00:58:05,21,181,5.54,1194,23.67,0.0,0.65,2.09,0.0,0.0,0.0,19.13,N,N,N,N,N
HV0003,B03404,B03404,2024-09-01 00:15:32,2024-09-01 00:18:30,2024-09-01 00:19:54,2024-09-01 00:35:28,114,148,0.72,934,16.75,0.0,0.46,1.48,2.75,0.0,0.0,10.17,N,N,N,N,N
HV0003,B03404,B03404,2024-09-01 00:51:52,2024-09-01 00:55:01,2024-09-01 00:56:47,2024-09-01 01:21:12,114,142,5.06,1465,32.61,0.0,0.96,3.07,2.75,0.0,0.0,21.48,N,N,N,N,N
HV0003,B03404,B03404,2024-09-01 00:20:55,2024-09-01 00:26:05,2024-09-01 00:26:28,2024-09-01 00:47:15,226,74,7.09,1247,25.44,0.0,0.7,2.26,2.75,0.0,0.0,21.75,N,N,N,N,N
HV0003,B03404,B03404,2024-09-01 00:51:50,2024-09-01 00:53:41,2024-09-01 00:55:16,2024-09-01 01:02:12,41,75,1.44,416,7.65,0.0,0.2,0.67,0.0,0.0,0.0,6.0,N,N,N,N,N
HV0005,B03406,,2024-09-01 00:27:17,,2024-09-01 00:32:50,2024-09-01 00:37:15,85,71,0.536,265,7.07,0.0,0.19,0.63,0.0,0.0,0.0,5.47,N,N,N,N,N
HV0005,B03406,,2024-09-01 00:30:52,,2024-09-01 00:42:56,2024-09-01 00:59:09,71,77,3.524,973,19.6,0.0,0.54,1.74,0.0,0.0,0.0,14.29,N,N,N,N,N
HV0003,B03404,B03404,2024-09-01 00:14:04,2024-09-01 00:18:05,2024-09-01 00:18:13,2024-09-01 00:27:51,129,129,1.41,578,9.78,0.0,0.27,0.87,0.0,0.0,0.0,7.53,N,N,N,N,N
HV0003,B03404,B03404,2024-09-01 00:33:48,2024-09-01 00:37:49,2024-09-01 00:38:09,2024-09-01 00:42:34,129,82,0.81,265,8.88,0.0,0.24,0.78,0.0,0.0,0.0,5.4,N,N,N,N,N
HV0003,B03404,B03404,2024-09-01 00:44:04,2024-09-01 00:51:15,2024-09-01 00:51:53,2024-09-01 00:54:39,129,129,0.41,166,8.56,0.0,0.23,0.76,0.0,0.0,0.0,5.4,N,N,N,N,N
HV0003,B03404,B03404,2024-09-01 00:55:19,2024-09-01 00:57:50,2024-09-01 00:58:45,2024-09-01 01:06:57,129,129,1.03,492,8.05,0.0,0.22,0.71,0.0,0.0,0.0,6.18,N,N,N,N,N
HV0005,B03406,,2024-08-31 23:43:32,,2024-09-01 00:11:56,2024-09-01 00:44:12,93,79,11.424,1936,79.92,0.26,2.14,6.92,2.75,0.0,0.0,38.47,N,N,N,N,N
HV0005,B03406,,2024-09-01 00:44:18,,2024-09-01 00:52:56,2024-09-01 01:03:20,114,107,1.34,624,10.94,0.0,0.3,0.97,2.75,0.0,3.0,7.91,N,N,N,N,N
HV0003,B03404,B03404,2024-09-01 00:12:28,2024-09-01 00:19:18,2024-09-01 00:19:39,2024-09-01 00:41:23,255,249,4.36,1304,33.03,0.0,0.97,3.12,2.75,0.0,0.0,19.85,N,N,N,N,N
HV0003,B03404,B03404,2024-09-01 00:34:37,2024-09-01 00:41:58,2024-09-01 00:42:18,2024-09-01 00:50:21,249,144,1.26,483,10.05,0.0,0.27,0.89,2.75,0.0,0.0,6.4,N,N,N,N,N
HV0003,B03404,B03404,2024-09-01 00:47:42,2024-09-01 00:53:30,2024-09-01 00:54:51,2024-09-01 01:15:46,144,229,3.77,1255,13.74,0.0,0.38,1.22,0.75,0.0,0.0,7.98,Y,Y,N,N,N
HV0003,B03404,B03404,2024-09-01 00:47:18,2024-09-01 00:57:38,2024-09-01 00:58:32,2024-09-01 01:50:32,144,18,16.57,3120,32.35,0.0,0.89,2.86,0.75,0.0,0.0,31.24,Y,Y,N,N,N
HV0003,B03404,B03404,2024-08-31 23:57:37,2024-09-01 00:04:58,2024-09-01 00:05:13,2024-09-01 00:32:14,80,215,10.8,1621,35.84,0.0,0.99,3.18,0.0,0.0,0.0,31.94,N,N,N,N,N
HV0003,B03404,B03404,2024-09-01 00:34:25,2024-09-01 00:37:14,2024-09-01 00:39:16,2024-09-01 01:04:33,10,208,14.96,1517,41.25,6.94,1.13,4.28,0.0,0.0,0.0,35.1,N,N,N,N,N
HV0003,B03404,B03404,2024-09-01 00:02:50,2024-09-01 00:15:51,2024-09-01 00:17:52,2024-09-01 00:50:30,186,60,10.11,1958,41.29,0.0,1.14,3.65,2.75,0.0,0.0,34.11,N,N,N,N,N
HV0003,B03404,B03404,2024-09-01 00:49:03,2024-09-01 00:51:27,2024-09-01 00:52:36,2024-09-01 01:16:28,17,133,4.29,1432,24.36,0.0,0.72,2.3,0.0,0.0,0.0,21.47,N,N,N,N,Y
HV0005,B03406,,2024-09-01 00:09:03,,2024-09-01 00:11:21,2024-09-01 00:16:58,7,7,1.025,337,7.71,0.0,0.19,0.61,0.0,0.0,0.0,5.47,N,N,N,N,Y
HV0005,B03406,,2024-09-01 00:14:13,,2024-09-01 00:20:21,2024-09-01 00:46:53,7,17,7.497,1592,31.35,0.0,0.86,2.78,0.0,0.0,0.0,28.67,N,N,N,N,Y
HV0003,B03404,B03404,2024-09-01 00:26:31,2024-09-01 00:28:06,2024-09-01 00:28:48,2024-09-01 00:38:20,247,247,1.87,572,11.63,0.0,0.32,1.03,0.0,0.0,0.0,8.1,N,N,N,N,N
HV0003,B03404,B03404,2024-09-01 00:39:16,2024-09-01 00:43:26,2024-09-01 00:44:17,2024-09-01 00:58:51,247,243,4.85,874,17.86,0.0,0.49,1.59,0.0,0.0,0.0,15.09,N,N,N,N,N
HV0003,B03404,B03404,2024-09-01 00:02:58,2024-09-01 00:08:01,2024-09-01 00:08:12,2024-09-01 00:29:05,148,196,8.65,1253,27.98,0.0,0.77,2.48,2.75,0.0,0.0,23.93,N,N,N,N,N
HV0003,B03404,B03404,2024-09-01 00:29:20,2024-09-01 00:33:57,2024-09-01 00:34:42,2024-09-01 01:00:58,95,34,9.57,1576,35.78,0.0,0.99,3.17,0.0,0.0,0.0,28.34,N,N,N,N,N
HV0003,B03404,B03404,2024-09-01 00:18:50,2024-09-01 00:21:43,2024-09-01 00:21:50,2024-09-01 00:26:21,238,24,0.98,271,8.22,0.0,0.22,0.73,2.75,0.0,1.0,6.34,N,N,N,N,Y
HV0003,B03404,B03404,2024-09-01 00:38:08,2024-09-01 00:40:15,2024-09-01 00:42:16,2024-09-01 00:51:58,142,163,0.44,582,10.19,0.0,0.3,0.96,2.75,0.0,0.0,7.61,N,N,N,N,Y
HV0005,B03406,,2024-09-01 00:11:23,,2024-09-01 00:17:08,2024-09-01 00:28:57,148,107,2.179,709,16.16,0.0,0.44,1.43,2.75,0.0,0.0,9.88,N,N,N,N,N
HV0005,B03406,,2024-09-01 00:30:18,,2024-09-01 00:33:22,2024-09-01 00:46:49,234,141,3.627,807,20.55,0.0,0.57,1.82,2.75,0.0,0.0,12.82,N,N,N,N,N
HV0005,B03406,,2024-08-31 23:58:46,,2024-09-01 00:02:41,2024-09-01 00:08:52,256,255,0.894,371,9.88,0.0,0.21,0.69,0.0,0.0,0.0,5.47,N,N,N,N,N
HV0005,B03406,,2024-09-01 00:02:35,,2024-09-01 00:09:23,2024-09-01 00:40:38,255,130,10.516,1875,54.4,0.0,1.5,4.83,0.0,0.0,0.0,32.64,N,N,N,N,N
HV0003,B03404,B03404,2024-09-01 00:25:54,2024-09-01 00:27:06,2024-09-01 00:28:31,2024-09-01 00:33:15,234,90,0.67,284,9.16,0.0,0.25,0.81,2.75,0.0,0.0,5.4,N,N,N,N,N
HV0003,B03404,B03404,2024-08-31 23:53:37,2024-09-01 00:04:14,2024-09-01 00:04:21,2024-09-01 00:26:26,23,26,9.81,1325,33.8,0.0,0.97,3.13,0.0,0.0,0.0,27.21,N,N,N,N,N
HV0003,B03404,B03404,2024-09-01 00:33:07,2024-09-01 00:41:29,2024-09-01 00:41:59,2024-09-01 00:57:13,195,25,2.89,914,18.79,0.0,0.51,1.67,0.0,0.0,4.19,12.81,N,N,N,N,N
HV0003,B03404,B03404,2024-09-01 00:07:06,2024-09-01 00:14:30,2024-09-01 00:14:46,2024-09-01 01:06:13,165,37,9.09,3087,17.41,0.0,0.48,1.55,0.0,0.0,0.0,30.44,Y,Y,N,N,N
HV0003,B03404,B03404,2024-09-01 00:21:57,2024-09-01 00:29:54,2024-09-01 00:30:12,2024-09-01 00:36:08,188,61,1.13,356,7.93,0.0,0.22,0.7,0.0,0.0,0.0,2.69,Y,Y,N,N,N
HV0003,B03404,B03404,2024-09-01 00:30:36,2024-09-01 00:39:46,2024-09-01 00:40:28,2024-09-01 00:55:12,61,225,2.17,884,11.73,0.0,0.32,1.05,0.0,0.0,0.0,5.77,Y,Y,N,N,N
HV0003,B03404,B03404,2024-09-01 00:51:08,2024-09-01 00:57:10,2024-09-01 00:57:21,2024-09-01 01:10:14,225,36,2.17,773,8.37,0.0,0.23,0.75,0.0,0.0,0.0,6.81,Y,Y,N,N,N
HV0005,B03406,,2024-08-31 23:58:14,,2024-09-01 00:03:15,2024-09-01 00:35:49,48,82,6.575,1954,33.97,1.91,0.99,3.19,2.75,0.0,0.0,28.03,N,N,N,N,N
HV0005,B03406,,2024-09-01 00:48:10,,2024-09-01 00:51:59,2024-09-01 01:16:34,7,181,10.381,1475,32.92,0.27,0.91,2.95,0.0,0.0,0.0,28.55,N,N,N,N,N
HV0003,B03404,B03404,2024-09-01 00:24:10,2024-09-01 00:29:00,2024-09-01 00:30:59,2024-09-01 01:02:45,169,159,8.03,1906,24.01,0.0,0.67,2.17,0.0,0.0,0.0,29.44,N,N,N,N,N
HV0003,B03404,B03404,2024-09-01 00:27:54,2024-09-01 00:30:44,2024-09-01 00:30:49,2024-09-01 00:52:09,209,142,7.84,1280,32.16,0.0,0.94,3.03,2.75,0.0,0.0,23.1,N,N,N,N,N
HV0003,B03404,B03404,2024-09-01 00:52:51,2024-09-01 00:54:08,2024-09-01 00:54:25,2024-09-01 01:17:54,142,68,4.66,1409,27.97,0.0,0.77,2.48,2.75,0.0,2.0,20.03,N,N,N,N,N
HV0003,B03404,B03404,2024-08-31 23:56:50,2024-09-01 00:02:13,2024-09-01 00:04:14,2024-09-01 00:22:53,39,72,4.1,1119,21.56,0.0,0.6,1.91,0.0,0.0,0.0,16.46,N,N,N,N,N
HV0003,B03404,B03404,2024-09-01 00:32:26,2024-09-01 00:34:01,2024-09-01 00:35:10,2024-09-01 00:56:12,188,76,3.75,1262,23.22,0.0,0.64,2.06,0.0,0.0,0.0,17.36,N,N,N,N,N
HV0003,B03404,B03404,2024-08-31 23:57:14,2024-08-31 23:59:51,2024-09-01 00:01:26,2024-09-01 01:19:29,258,265,20.55,4683,63.88,20.0,1.75,0.0,0.0,0.0,0.0,75.33,N,N,N,N,N
HV0003,B03404,B03404,2024-09-01 00:00:19,2024-09-01 00:07:26,2024-09-01 00:09:21,2024-09-01 00:21:43,256,148,2.53,742,26.06,0.0,0.71,2.3,2.75,0.0,0.0,13.02,N,N,N,N,N
HV0003,B03404,B03404,2024-09-01 00:21:03,2024-09-01 00:28:02,2024-09-01 00:28:36,2024-09-01 00:39:03,148,209,1.39,627,11.85,0.0,0.32,1.05,2.75,0.0,5.0,7.98,N,N,N,N,N
HV0003,B03404,B03404,2024-09-01 00:38:01,2024-09-01 00:39:58,2024-09-01 00:41:58,2024-09-01 01:01:07,209,25,3.2,1149,24.99,0.0,0.74,2.36,2.75,0.0,0.0,16.03,N,N,N,N,N
HV0003,B03404,B03404,2024-08-31 23:59:05,2024-09-01 00:04:27,2024-09-01 00:06:11,2024-09-01 00:25:43,37,148,3.63,1172,27.93,0.0,0.77,2.48,2.75,0.0,0.0,16.33,N,N,N,N,N
HV0003,B03404,B03404,2024-09-01 00:22:48,2024-09-01 00:34:10,2024-09-01 00:34:10,2024-09-01 01:18:57,148,177,7.52,2687,35.52,0.0,1.04,3.35,2.75,0.0,0.0,36.34,N,N,N,N,N
HV0003,B03404,B03404,2024-09-01 00:19:03,2024-09-01 00:21:27,2024-09-01 00:21:57,2024-09-01 00:45:07,260,225,6.71,1390,28.66,0.0,0.79,2.55,0.0,0.0,0.0,22.64,N,N,N,N,N
HV0003,B03404,B03404,2024-09-01 00:44:53,2024-09-01 00:46:19,2024-09-01 00:46:59,2024-09-01 00:59:47,17,80,2.13,768,16.96,0.0,0.46,1.5,0.0,0.0,3.0,10.36,N,N,N,N,N
HV0003,B03404,B03404,2024-09-01 00:17:40,2024-09-01 00:24:50,2024-09-01 00:25:42,2024-09-01 00:31:00,259,265,0.91,318,8.91,0.0,0.24,0.79,0.0,0.0,0.0,5.38,N,N,N,N,N
HV0003,B03404,B03404,2024-09-01 00:36:38,2024-09-01 00:43:50,2024-09-01 00:45:22,2024-09-01 01:04:59,259,265,5.53,1177,23.17,0.0,0.64,2.05,0.0,0.0,0.0,21.78,N,N,N,N,N
HV0005,B03406,,2024-09-01 00:41:02,,2024-09-01 00:44:25,2024-09-01 01:14:58,151,211,7.368,1833,34.86,0.0,0.96,3.09,2.75,0.0,0.0,27.93,N,N,N,N,N
HV0003,B03404,B03404,2024-09-01 00:25:06,2024-09-01 00:28:15,2024-09-01 00:29:19,2024-09-01 00:41:34,246,230,2.23,735,18.08,0.0,0.49,1.6,2.75,0.0,0.0,11.75,N,N,N,N,Y
HV0003,B03404,B03404,2024-09-01 00:45:22,2024-09-01 00:47:47,2024-09-01 00:49:13,2024-09-01 00:54:54,48,163,0.76,341,9.14,0.0,0.25,0.81,2.75,0.0,5.0,6.37,N,N,N,N,Y
HV0003,B03404,B03404,2024-08-31 23:59:18,2024-09-01 00:02:18,2024-09-01 00:04:02,2024-09-01 00:09:40,197,197,1.13,338,8.61,0.0,0.23,0.77,0.0,0.0,0.0,5.39,N,N,N,N,N
HV0003,B03404,B03404,2024-09-01 00:12:50,2024-09-01 00:18:58,2024-09-01 00:19:32,2024-09-01 00:37:52,197,122,3.13,1100,19.63,0.0,0.54,1.75,0.0,0.0,2.19,14.95,N,N,N,N,N
HV0003,B03404,B03404,2024-09-01 00:41:43,2024-09-01 00:49:15,2024-09-01 00:49:31,2024-09-01 01:13:24,130,218,3.94,1433,20.32,0.0,0.58,1.87,0.0,0.0,0.0,19.64,N,N,N,N,N
HV0003,B03404,B03404,2024-08-31 23:59:18,2024-09-01 00:12:04,2024-09-01 00:12:52,2024-09-01 00:47:30,77,89,5.36,2078,18.74,0.0,0.52,1.66,0.0,0.0,0.0,21.8,Y,Y,N,N,N
HV0003,B03404,B03404,2024-09-01 00:13:19,2024-09-01 00:18:51,2024-09-01 00:19:11,2024-09-01 00:34:01,35,72,1.99,890,7.75,0.0,0.21,0.69,0.0,0.0,0.0,5.69,Y,Y,N,N,N
HV0003,B03404,B03404,2024-09-01 00:49:26,2024-09-01 00:53:15,2024-09-01 00:55:17,2024-09-01 01:18:36,89,61,3.78,1399,17.33,0.0,0.47,1.54,0.0,0.0,0.0,18.74,N,N,N,N,N
HV0005,B03406,,2024-09-01 00:00:21,,2024-09-01 00:13:05,2024-09-01 00:27:34,36,36,2.533,869,23.73,0.21,0.66,2.12,0.0,0.0,0.0,11.93,N,N,N,N,N
HV0005,B03406,,2024-09-01 00:20:13,,2024-09-01 00:30:45,2024-09-01 00:52:23,80,162,6.147,1298,38.23,3.19,1.14,3.68,2.75,0.0,0.0,23.54,N,N,N,N,N
HV0003,B03404,B03404,2024-09-01 00:20:24,2024-09-01 00:21:46,2024-09-01 00:22:55,2024-09-01 00:27:11,76,76,1.0,256,8.92,0.0,0.24,0.8,0.0,0.0,5.0,7.79,N,N,N,N,N
HV0003,B03404,B03404,2024-09-01 00:24:28,2024-09-01 00:32:30,2024-09-01 00:33:17,2024-09-01 00:50:39,76,39,3.33,1042,17.85,0.0,0.5,1.59,0.0,0.0,0.0,17.05,N,N,N,N,N
HV0003,B03404,B03404,2024-09-01 00:52:01,2024-09-01 00:54:34,2024-09-01 00:55:47,2024-09-01 01:20:22,39,89,4.15,1475,22.43,0.0,0.62,1.99,0.0,0.0,3.75,22.36,N,N,N,N,N
HV0005,B03406,,2024-08-31 23:46:46,,2024-09-01 00:21:52,2024-09-01 00:40:05,93,112,7.492,1093,44.64,0.0,1.09,3.53,0.0,0.0,7.78,22.51,N,N,N,N,N
HV0005,B03406,,2024-09-01 00:26:46,,2024-09-01 00:43:12,2024-09-01 00:52:33,255,80,1.706,561,12.54,0.0,0.34,1.11,0.0,0.0,0.0,7.79,N,N,N,N,N
HV0003,B03404,B03404,2024-09-01 00:07:10,2024-09-01 00:16:47,2024-09-01 00:18:48,2024-09-01 00:33:12,148,45,1.39,864,10.09,0.0,0.28,0.9,0.75,0.0,0.0,10.29,Y,N,N,N,N
HV0003,B03404,B03404,2024-09-01 00:30:56,2024-09-01 00:34:51,2024-09-01 00:36:53,2024-09-01 00:46:38,144,148,0.94,585,11.85,0.0,0.32,1.06,2.75,0.0,0.0,6.97,N,N,N,N,N
HV0003,B03404,B03404,2024-09-01 00:41:34,2024-09-01 00:47:59,2024-09-01 00:48:02,2024-09-01 01:06:20,148,140,4.22,1098,24.37,0.0,0.67,2.16,2.75,0.0,0.0,16.41,N,N,N,N,N
HV0003,B03404,B03404,2024-09-01 00:31:12,2024-09-01 00:35:39,2024-09-01 00:36:26,2024-09-01 01:07:41,230,121,12.47,1875,42.28,0.0,1.16,3.76,2.75,0.0,0.0,35.18,N,N,N,N,N
HV0003,B03404,B03404,2024-09-01 00:14:41,2024-09-01 00:17:43,2024-09-01 00:18:25,2024-09-01 00:30:30,234,148,1.66,725,18.13,0.0,0.53,1.71,2.75,0.0,0.0,10.56,N,N,N,N,N
HV0003,B03404,B03404,2024-09-01 00:25:44,2024-09-01 00:33:03,2024-09-01 00:33:25,2024-09-01 01:13:53,148,149,11.31,2428,39.79,6.94,1.17,4.36,2.75,0.0,0.0,38.97,N,N,N,N,N
HV0003,B03404,B03404,2024-09-01 00:16:01,2024-09-01 00:19:31,2024-09-01 00:21:31,2024-09-01 00:40:46,42,254,8.08,1155,35.56,0.0,0.97,3.15,0.0,0.0,0.0,22.22,N,N,N,N,N
HV0003,B03404,B03404,2024-09-01 00:07:38,2024-09-01 00:09:19,2024-09-01 00:09:40,2024-09-01 00:27:04,148,68,3.2,1044,26.61,0.0,0.74,2.36,2.75,0.0,4.86,16.51,N,N,N,N,N
HV0003,B03404,B03404,2024-09-01 00:32:59,2024-09-01 00:34:07,2024-09-01 00:34:47,2024-09-01 01:35:39,100,248,10.98,3652,67.89,0.0,1.87,6.02,2.75,0.0,0.0,50.42,N,N,N,N,N
HV0005,B03406,,2024-09-01 00:05:59,,2024-09-01 00:13:59,2024-09-01 00:34:03,108,228,8.522,1204,26.58,0.0,0.73,2.36,0.0,0.0,0.0,23.37,N,N,N,N,N
HV0005,B03406,,2024-09-01 00:13:14,,2024-09-01 00:17:39,2024-09-01 00:26:11,170,234,1.266,512,9.27,0.0,0.26,0.82,2.75,0.0,2.0,6.72,N,N,N,N,N
HV0005,B03406,,2024-09-01 00:28:20,,2024-09-01 00:30:42,2024-09-01 00:55:18,107,202,6.072,1476,29.63,0.0,0.82,2.63,2.75,0.0,0.0,22.68,N,N,N,N,N
HV0005,B03406,,2024-09-01 00:02:28,,2024-09-01 00:06:05,2024-09-01 00:42:04,61,79,6.678,2159,33.5,0.22,0.89,2.88,2.75,0.0,0.0,30.16,N,N,N,N,N
HV0005,B03406,,2024-09-01 00:41:38,,2024-09-01 00:47:55,2024-09-01 01:14:29,113,223,9.577,1594,31.48,0.92,0.88,2.85,2.75,0.0,0.0,28.61,N,N,N,N,N
HV0003,B03404,B03404,2024-09-01 00:08:28,2024-09-01 00:16:24,2024-09-01 00:16:55,2024-09-01 00:21:51,225,225,0.73,296,8.37,0.0,0.24,0.79,0.0,0.0,0.0,5.38,N,N,N,N,N
HV0003,B03404,B03404,2024-09-01 00:17:22,2024-09-01 00:21:43,2024-09-01 00:22:06,2024-09-01 00:56:46,225,74,11.8,2080,38.45,6.94,1.07,4.03,0.0,0.0,9.57,36.26,N,N,N,N,N
HV0003,B03404,B03404,2024-09-01 00:01:47,2024-09-01 00:11:42,2024-09-01 00:11:42,2024-09-01 00:22:45,97,61,1.79,663,16.06,0.0,0.44,1.43,0.0,0.0,0.0,8.87,N,N,N,N,N
HV0003,B03404,B03404,2024-09-01 00:23:50,2024-09-01 00:27:00,2024-09-01 00:29:00,2024-09-01 00:52:22,61,80,3.38,1402,21.57,0.0,0.62,2.0,0.0,0.0,0.0,18.76,N,N,N,N,N
HV0003,B03404,B03404,2024-09-01 00:48:19,2024-09-01 00:57:20,2024-09-01 00:57:54,2024-09-01 01:11:38,80,157,2.33,824,21.32,0.0,0.62,2.01,0.0,0.0,0.0,11.54,N,N,N,N,N
HV0003,B03404,B03404,2024-09-01 00:30:41,2024-09-01 00:38:15,2024-09-01 00:38:36,2024-09-01 00:56:20,97,17,2.82,1064,36.02,0.0,0.99,3.19,0.0,0.0,0.0,18.02,N,N,N,N,N
HV0005,B03406,,2024-09-01 00:12:17,,2024-09-01 00:17:41,2024-09-01 00:50:53,229,89,12.155,1992,37.09,0.54,1.03,3.34,2.75,0.0,0.0,36.01,N,N,N,N,N
HV0003,B03404,B03404,2024-09-01 00:34:06,2024-09-01 00:39:30,2024-09-01 00:39:48,2024-09-01 01:03:18,249,37,5.57,1410,29.57,0.0,0.81,2.63,2.75,0.0,0.0,21.28,N,N,N,N,N
HV0003,B03404,B03404,2024-08-31 23:57:55,2024-09-01 00:02:48,2024-09-01 00:03:57,2024-09-01 00:09:15,225,225,1.1,318,8.04,0.0,0.22,0.72,0.0,0.0,0.0,5.4,N,N,N,N,N
HV0003,B03404,B03404,2024-09-01 00:10:13,2024-09-01 00:13:36,2024-09-01 00:15:16,2024-09-01 00:32:11,225,65,3.5,1015,15.22,0.0,0.41,1.35,0.0,0.0,0.0,14.62,N,N,N,N,N
HV0003,B03404,B03404,2024-09-01 00:41:18,2024-09-01 00:47:16,2024-09-01 00:49:17,2024-09-01 01:18:11,144,178,9.95,1734,37.07,0.0,1.02,3.29,2.75,0.0,0.0,30.38,N,N,N,N,N
HV0003,B03404,B03404,2024-09-01 00:22:33,2024-09-01 00:24:08,2024-09-01 00:24:37,2024-09-01 00:35:04,213,242,2.51,627,12.63,0.0,0.34,1.12,0.0,0.0,0.0,9.5,N,N,N,N,N
HV0003,B03404,B03404,2024-09-01 00:41:37,2024-09-01 00:44:08,2024-09-01 00:44:27,2024-09-01 00:53:29,126,167,1.65,542,11.41,0.0,0.29,0.95,0.0,0.0,0.0,7.5,N,N,N,N,N
HV0003,B03404,B03404,2024-09-01 00:55:05,2024-09-01 00:56:53,2024-09-01 00:57:43,2024-09-01 01:08:16,167,159,1.51,633,8.37,0.0,0.23,0.74,0.0,0.0,0.0,8.2,N,N,N,N,N
HV0003,B03404,B03404,2024-09-01 00:17:05,2024-09-01 00:36:21,2024-09-01 00:36:42,2024-09-01 01:17:00,181,218,18.66,2418,60.0,0.0,1.65,5.33,0.0,0.0,0.0,50.87,N,N,N,N,N
HV0005,B03406,,2024-09-01 00:36:37,,2024-09-01 00:43:28,2024-09-01 00:49:50,179,7,1.232,382,9.96,0.0,0.24,0.79,0.0,0.0,3.0,9.97,N,N,N,N,N
HV0003,B03404,B03404,2024-09-01 00:15:27,2024-09-01 00:18:24,2024-09-01 00:18:55,2024-09-01 00:26:09,20,18,1.11,434,7.44,0.0,0.2,0.66,0.0,0.0,0.0,5.92,N,N,N,N,N
HV0003,B03404,B03404,2024-09-01 00:25:38,2024-09-01 00:29:16,2024-09-01 00:30:50,2024-09-01 00:46:35,18,69,2.64,945,14.14,0.0,0.41,1.33,0.0,0.0,0.0,12.96,N,N,N,N,N
HV0003,B03404,B03404,2024-09-01 00:53:11,2024-09-01 00:55:04,2024-09-01 00:55:53,2024-09-01 01:05:40,69,42,1.48,587,9.44,0.0,0.22,0.71,0.0,0.0,0.0,8.05,N,N,N,N,N
HV0003,B03404,B03404,2024-09-01 00:31:22,2024-09-01 00:37:36,2024-09-01 00:39:11,2024-09-01 01:00:48,112,261,8.55,1297,44.12,6.94,1.21,4.54,2.75,0.0,0.0,25.48,N,N,N,N,N
HV0005,B03406,,2024-08-31 23:57:09,,2024-09-01 00:00:11,2024-09-01 00:33:18,234,61,6.329,1987,32.01,1.35,0.92,2.96,2.75,0.0,8.0,28.01,N,N,N,N,N
HV0005,B03406,,2024-09-01 00:40:54,,2024-09-01 00:47:11,2024-09-01 00:52:32,256,255,1.192,321,8.85,0.0,0.22,0.7,0.0,0.0,0.0,9.97,N,N,N,N,N
HV0005,B03406,,2024-09-01 00:50:42,,2024-09-01 00:56:56,2024-09-01 01:08:33,255,37,1.957,697,13.74,0.0,0.3,0.95,0.0,0.0,0.0,9.46,N,N,N,N,N
HV0003,B03404,B03404,2024-09-01 00:25:30,2024-09-01 00:32:03,2024-09-01 00:32:21,2024-09-01 00:40:09,255,80,1.06,468,20.0,0.0,0.55,1.78,0.0,0.0,0.0,13.31,N,N,N,N,N
HV0003,B03404,B03404,2024-09-01 00:06:52,2024-09-01 00:08:41,2024-09-01 00:08:59,2024-09-01 00:23:59,113,230,2.26,900,20.75,0.0,0.57,1.84,2.75,0.0,3.88,13.69,N,N,N,N,Y
HV0003,B03404,B03404,2024-09-01 00:47:04,2024-09-01 00:48:44,2024-09-01 00:48:44,2024-09-01 01:04:49,68,232,3.99,965,22.59,0.0,0.62,2.0,2.75,0.0,0.0,17.37,N,N,N,N,Y
HV0003,B03404,B03404,2024-08-31 23:58:46,2024-09-01 00:01:21,2024-09-01 00:02:33,2024-09-01 00:22:34,250,247,5.12,1201,18.63,0.0,0.52,1.65,0.0,0.0,0.0,18.63,N,N,N,N,N
HV0003,B03404,B03404,2024-09-01 00:18:06,2024-09-01 00:18:28,2024-09-01 00:20:28,2024-09-01 00:41:24,68,141,4.37,1256,28.12,0.0,0.78,2.49,2.75,0.0,2.0,18.15,N,N,N,N,N
HV0003,B03404,B03404,2024-09-01 00:44:26,2024-09-01 00:48:46,2024-09-01 00:50:42,2024-09-01 01:37:26,141,265,34.33,2804,92.65,1.75,2.55,0.0,0.0,0.0,0.0,80.47,N,N,N,N,N
HV0005,B03406,,2024-08-31 23:57:37,,2024-09-01 00:00:06,2024-09-01 00:10:18,181,61,2.041,612,12.54,0.0,0.34,1.11,0.0,0.0,2.0,8.75,N,N,N,N,N
HV0005,B03406,,2024-09-01 00:14:32,,2024-09-01 00:20:30,2024-09-01 00:37:48,61,37,3.473,1038,20.06,0.0,0.43,1.39,0.0,0.0,3.28,14.86,N,N,N,N,N
HV0005,B03406,,2024-09-01 00:31:25,,2024-09-01 00:43:46,2024-09-01 01:07:36,36,49,3.754,1430,23.8,0.0,0.52,1.67,0.0,0.0,0.0,19.06,N,N,N,N,N
HV0003,B03404,B03404,2024-09-01 00:27:59,2024-09-01 00:36:09,2024-09-01 00:36:09,2024-09-01 01:02:22,97,61,2.74,1573,32.23,0.0,0.88,2.86,0.0,0.0,0.0,30.8,N,N,N,N,N
HV0003,B03404,B03404,2024-09-01 00:01:40,2024-09-01 00:05:40,2024-09-01 00:06:03,2024-09-01 00:29:44,63,71,4.83,1421,27.04,0.0,0.75,2.39,0.0,0.0,0.0,20.38,N,N,N,N,N
HV0003,B03404,B03404,2024-09-01 00:26:07,2024-09-01 00:27:02,2024-09-01 00:29:03,2024-09-01 00:41:10,166,142,2.84,727,16.48,0.0,0.45,1.47,2.75,0.0,0.0,10.93,N,N,N,N,N
HV0003,B03404,B03404,2024-08-31 23:55:54,2024-09-01 00:02:03,2024-09-01 00:02:37,2024-09-01 00:32:21,37,182,15.95,1784,41.61,6.94,1.15,4.31,0.0,0.0,0.0,39.02,N,N,N,N,N
HV0003,B03404,B03404,2024-09-01 00:32:10,2024-09-01 00:33:59,2024-09-01 00:36:01,2024-09-01 00:43:05,182,213,1.25,424,9.31,0.0,0.25,0.83,0.0,0.0,0.0,5.83,N,N,N,N,N
HV0005,B03406,,2024-08-31 23:56:04,,2024-09-01 00:05:31,2024-09-01 00:19:17,238,246,2.481,826,16.75,0.0,0.46,1.49,2.75,0.0,0.0,11.44,N,N,N,N,N
HV0005,B03406,,2024-09-01 00:25:10,,2024-09-01 00:30:07,2024-09-01 00:37:41,143,163,1.12,454,8.16,0.0,0.22,0.72,2.75,0.0,0.0,5.95,N,N,N,N,N
HV0005,B03406,,2024-09-01 00:36:26,,2024-09-01 00:41:52,2024-09-01 01:02:11,163,127,8.86,1219,28.19,0.0,0.78,2.5,2.75,0.0,0.0,23.98,N,N,N,N,N
HV0005,B03406,,2024-09-01 00:14:49,,2024-09-01 00:22:48,2024-09-01 00:50:34,83,25,8.219,1666,32.9,0.0,0.9,2.92,0.0,0.0,0.0,27.46,N,N,N,N,N
HV0005,B03406,,2024-09-01 00:42:43,,2024-09-01 00:57:14,2024-09-01 01:19:29,181,177,3.66,1335,30.4,0.0,0.84,2.7,0.0,0.0,0.0,22.51,N,N,N,N,N
HV0005,B03406,,2024-09-01 00:02:50,,2024-09-01 00:06:20,2024-09-01 00:11:03,136,241,0.691,283,7.91,0.0,0.22,0.7,0.0,0.0,0.0,5.47,N,N,N,N,N
HV0003,B03404,B03404,2024-09-01 00:11:30,2024-09-01 00:15:27,2024-09-01 00:15:27,2024-09-01 00:28:13,232,79,2.1,766,16.32,0.0,0.45,1.45,2.75,0.0,0.0,10.3,N,N,N,N,N
HV0003,B03404,B03404,2024-09-01 00:26:51,2024-09-01 00:30:49,2024-09-01 00:30:53,2024-09-01 00:42:54,113,13,2.77,721,17.17,0.0,0.47,1.53,2.75,0.0,0.0,10.78,N,N,N,N,N
HV0003,B03404,B03404,2024-09-01 00:48:30,2024-09-01 00:51:57,2024-09-01 00:52:04,2024-09-01 01:15:23,209,263,6.76,1399,26.27,0.0,0.77,2.48,2.75,0.0,0.0,22.79,N,N,N,N,N
HV0003,B03404,B03404,2024-09-01 00:29:34,2024-09-01 00:32:01,2024-09-01 00:33:41,2024-09-01 00:54:59,177,155,4.86,1278,27.76,0.0,0.77,2.46,0.0,0.0,0.0,19.03,N,N,N,N,N
HV0003,B03404,B03404,2024-09-01 00:54:14,2024-09-01 00:56:37,2024-09-01 00:57:03,2024-09-01 01:00:05,155,91,0.73,182,8.93,0.0,0.24,0.79,0.0,0.0,0.0,5.39,N,N,N,N,N
HV0003,B03404,B03404,2024-09-01 00:11:25,2024-09-01 00:18:57,2024-09-01 00:20:58,2024-09-01 00:26:44,145,145,0.82,346,7.01,0.0,0.19,0.62,0.0,0.0,0.0,6.18,N,N,N,N,N
HV0003,B03404,B03404,2024-09-01 00:26:34,2024-09-01 00:28:37,2024-09-01 00:30:10,2024-09-01 00:48:55,145,256,3.7,1125,17.93,0.0,0.5,1.59,0.0,0.0,0.0,15.96,N,N,N,N,N
HV0003,B03404,B03404,2024-09-01 00:10:38,2024-09-01 00:15:17,2024-09-01 00:15:56,2024-09-01 00:24:05,205,215,2.11,489,9.18,0.0,0.25,0.82,0.0,0.0,0.0,7.62,N,N,N,N,N
HV0003,B03404,B03404,2024-09-01 00:26:40,2024-09-01 00:28:09,2024-09-01 00:30:03,2024-09-01 00:36:13,205,205,1.61,370,10.74,0.0,0.29,0.95,0.0,0.0,0.0,5.79,N,N,N,N,N
HV0003,B03404,B03404,2024-09-01 00:35:32,2024-09-01 00:38:45,2024-09-01 00:40:37,2024-09-01 01:16:07,205,61,12.51,2130,38.48,0.0,1.06,3.42,0.0,0.0,0.0,37.71,N,N,N,N,N
HV0003,B03404,B03404,2024-09-01 00:41:37,2024-09-01 00:48:20,2024-09-01 00:48:31,2024-09-01 01:18:59,106,76,7.13,1828,43.06,0.0,1.18,3.83,0.0,0.0,0.0,29.21,N,N,N,N,N
HV0003,B03404,B03404,2024-09-01 00:13:31,2024-09-01 00:16:26,2024-09-01 00:17:39,2024-09-01 00:32:03,169,116,4.17,864,23.54,0.0,0.65,2.09,0.0,0.0,0.0,14.28,N,N,N,N,N
HV0003,B03404,B03404,2024-09-01 00:33:00,2024-09-01 00:36:58,2024-09-01 00:37:49,2024-09-01 00:50:29,244,42,1.99,760,12.91,0.0,0.35,1.15,0.0,0.0,0.0,10.1,Y,N,N,N,N
HV0003,B03404,B03404,2024-09-01 00:27:55,2024-09-01 00:32:53,2024-09-01 00:32:53,2024-09-01 00:45:23,109,84,2.65,750,21.47,0.0,0.59,1.9,0.0,0.0,0.0,12.64,N,N,N,N,N
HV0003,B03404,B03404,2024-09-01 00:39:49,2024-09-01 00:50:00,2024-09-01 00:50:00,2024-09-01 01:00:16,84,109,2.32,616,16.1,0.0,0.44,1.43,0.0,0.0,0.0,9.15,N,N,N,N,N
HV0003,B03404,B03404,2024-09-01 00:23:42,2024-09-01 00:26:05,2024-09-01 00:26:12,2024-09-01 01:50:06,61,41,14.08,5034,41.18,0.0,1.2,3.88,2.75,0.0,0.0,68.06,N,N,N,N,N
HV0005,B03406,,2024-09-01 00:03:22,,2024-09-01 00:08:47,2024-09-01 00:23:55,148,97,3.109,908,19.03,0.0,0.52,1.69,2.75,0.0,0.0,13.09,N,N,N,N,N
HV0005,B03406,,2024-09-01 00:18:49,,2024-09-01 00:38:41,2024-09-01 01:33:03,97,3,19.54,3262,50.32,5.44,1.53,4.95,2.75,0.0,0.0,58.48,N,N,N,N,N
HV0005,B03406,,2024-08-31 23:59:11,,2024-09-01 00:06:12,2024-09-01 00:46:09,239,131,14.449,2397,56.53,5.61,1.39,4.47,2.75,0.0,0.0,43.09,N,N,N,N,N
HV0005,B03406,,2024-09-01 00:46:09,,2024-09-01 00:49:27,2024-09-01 01:10:30,131,132,7.341,1263,30.7,0.0,0.84,2.95,0.0,2.5,0.0,22.33,N,N,N,N,N
HV0003,B03404,B03404,2024-09-01 00:15:48,2024-09-01 00:17:55,2024-09-01 00:18:57,2024-09-01 00:21:34,231,231,0.56,157,9.1,0.0,0.25,0.8,2.75,0.0,0.0,5.4,N,N,N,N,N
HV0003,B03404,B03404,2024-09-01 00:21:32,2024-09-01 00:25:08,2024-09-01 00:26:00,2024-09-01 00:39:33,211,79,1.94,813,21.65,0.0,0.59,1.92,2.75,0.0,0.0,10.54,N,N,N,N,N
HV0003,B03404,B03404,2024-09-01 00:37:38,2024-09-01 00:41:48,2024-09-01 00:43:50,2024-09-01 01:06:04,79,80,4.32,1334,28.99,0.0,0.8,2.57,2.75,0.0,0.0,18.85,N,N,N,N,N
HV0005,B03406,,2024-09-01 00:14:46,,2024-09-01 00:22:49,2024-09-01 00:35:19,241,254,2.623,750,14.18,0.0,0.39,1.26,0.0,0.0,0.0,10.89,N,N,N,N,N
HV0005,B03406,,2024-09-01 00:34:48,,2024-09-01 00:40:47,2024-09-01 00:48:56,3,51,1.596,489,13.1,0.0,0.28,0.91,0.0,0.0,0.0,7.3,N,N,N,N,N
HV0003,B03404,B03404,2024-09-01 00:00:33,2024-09-01 00:04:48,2024-09-01 00:06:08,2024-09-01 00:13:12,174,240,1.9,424,8.91,0.0,0.24,0.79,0.0,0.0,0.0,6.7,N,N,N,N,N
HV0003,B03404,B03404,2024-09-01 00:11:10,2024-09-01 00:19:04,2024-09-01 00:19:07,2024-09-01 00:30:57,240,248,4.59,710,14.4,0.0,0.4,1.27,0.0,0.0,0.0,13.14,N,N,N,N,N
HV0003,B03404,B03404,2024-09-01 00:30:05,2024-09-01 00:32:52,2024-09-01 00:34:19,2024-09-01 00:38:37,248,213,1.0,258,6.15,0.0,0.17,0.54,0.0,0.0,0.0,5.39,N,N,N,N,N
HV0003,B03404,B03404,2024-09-01 00:45:28,2024-09-01 00:45:40,2024-09-01 00:47:41,2024-09-01 01:05:12,212,127,5.73,1051,20.89,0.0,0.58,1.85,0.0,0.0,0.0,18.0,N,N,N,N,N
HV0003,B03404,B03404,2024-09-01 00:30:06,2024-09-01 00:42:15,2024-09-01 00:43:01,2024-09-01 01:04:31,132,92,9.49,1290,44.0,0.0,1.28,4.13,0.0,2.5,5.19,28.15,N,N,N,N,N
HV0003,B03404,B03404,2024-09-01 00:18:30,2024-09-01 00:22:20,2024-09-01 00:24:06,2024-09-01 00:38:47,71,62,2.66,881,16.99,0.0,0.46,1.5,0.0,0.0,0.0,12.18,N,N,N,N,N
HV0003,B03404,B03404,2024-09-01 00:37:44,2024-09-01 00:39:40,2024-09-01 00:40:12,2024-09-01 00:59:15,62,80,3.72,1143,15.37,0.0,0.42,1.36,0.0,0.0,5.0,16.17,N,N,N,N,N
HV0005,B03406,,2024-09-01 00:05:28,,2024-09-01 00:11:41,2024-09-01 00:22:39,169,60,1.602,658,12.12,0.0,0.33,1.08,0.0,0.0,0.0,8.6,N,N,N,N,N
HV0003,B03404,B03404,2024-09-01 00:03:03,2024-09-01 00:13:57,2024-09-01 00:14:30,2024-09-01 00:18:19,5,84,1.1,229,8.88,0.0,0.24,0.79,0.0,0.0,0.0,5.4,N,N,N,N,N
HV0003,B03404,B03404,2024-09-01 00:15:35,2024-09-01 00:18:20,2024-09-01 00:20:02,2024-09-01 00:25:56,84,109,1.54,354,8.95,0.0,0.24,0.8,0.0,0.0,1.0,5.53,N,N,N,N,N
HV0003,B03404,B03404,2024-09-01 00:26:39,2024-09-01 00:32:01,2024-09-01 00:32:16,2024-09-01 00:42:08,109,172,2.72,592,14.27,0.0,0.39,1.26,0.0,0.0,1.0,11.45,N,N,N,N,N
HV0003,B03404,B03404,2024-09-01 00:39:50,2024-09-01 00:46:49,2024-09-01 00:47:02,2024-09-01 01:10:02,172,187,6.29,1380,28.58,0.0,0.79,2.53,0.0,0.0,0.0,21.96,N,N,N,N,N
HV0005,B03406,,2024-09-01 00:01:56,,2024-09-01 00:03:44,2024-09-01 00:32:05,48,87,6.029,1701,30.39,0.0,0.84,2.7,2.75,0.0,5.0,24.81,N,N,N,N,N
HV0005,B03406,,2024-09-01 00:37:46,,2024-09-01 00:43:58,2024-09-01 01:07:19,87,37,4.012,1401,22.6,0.0,0.56,1.81,2.75,0.0,4.05,19.13,N,N,N,N,N
HV0003,B03404,B03404,2024-09-01 00:19:39,2024-09-01 00:21:58,2024-09-01 00:23:59,2024-09-01 00:35:14,68,100,2.08,675,13.82,0.0,0.38,1.23,2.75,0.0,0.0,9.39,N,N,N,N,N
HV0003,B03404,B03404,2024-09-01 00:35:08,2024-09-01 00:35:46,2024-09-01 00:36:47,2024-09-01 00:51:39,100,249,2.33,892,18.14,0.0,0.46,1.48,2.75,0.0,0.0,11.84,N,N,N,N,N
HV0003,B03404,B03404,2024-09-01 00:46:20,2024-09-01 00:54:18,2024-09-01 00:56:18,2024-09-01 01:24:06,249,225,4.71,1668,30.1,0.0,0.83,2.67,2.75,0.0,0.0,22.62,N,N,N,N,N
HV0003,B03404,B03404,2024-09-01 00:09:12,2024-09-01 00:16:23,2024-09-01 00:16:45,2024-09-01 00:36:48,112,37,3.06,1203,26.87,0.0,0.73,2.39,0.0,0.0,4.49,17.1,N,N,N,N,N
HV0003,B03404,B03404,2024-09-01 00:33:39,2024-09-01 00:40:55,2024-09-01 00:41:13,2024-09-01 00:47:28,36,36,0.82,375,9.21,0.0,0.27,0.87,0.0,0.0,0.0,6.39,N,N,N,N,N
HV0003,B03404,B03404,2024-09-01 00:50:34,2024-09-01 00:51:35,2024-09-01 00:52:13,2024-09-01 00:57:06,36,37,0.95,293,8.92,0.0,0.24,0.8,0.0,0.0,3.0,5.39,N,N,N,N,N
HV0003,B03404,B03404,2024-09-01 00:55:46,2024-09-01 00:59:19,2024-09-01 00:59:47,2024-09-01 01:13:11,37,198,2.1,804,10.79,0.0,0.29,0.96,0.0,0.0,0.0,10.67,N,N,N,N,N
HV0003,B03404,B03404,2024-09-01 00:13:29,2024-09-01 00:14:38,2024-09-01 00:15:21,2024-09-01 00:43:35,137,208,12.72,1694,38.09,6.94,1.11,4.21,2.75,0.0,4.0,33.76,N,N,N,N,N
HV0003,B03404,B03404,2024-09-01 00:37:04,2024-09-01 00:44:54,2024-09-01 00:45:05,2024-09-01 01:33:19,58,72,18.73,2894,47.65,6.94,1.31,4.84,0.0,0.0,0.0,49.62,Y,Y,N,N,N
HV0003,B03404,B03404,2024-09-01 00:41:28,2024-09-01 00:47:42,2024-09-01 00:48:11,2024-09-01 00:59:22,198,160,2.6,671,11.28,0.0,0.31,1.0,0.0,0.0,0.0,10.06,N,N,N,N,N
HV0003,B03404,B03404,2024-09-01 00:09:34,2024-09-01 00:13:09,2024-09-01 00:15:10,2024-09-01 00:30:55,87,148,2.03,945,21.27,0.0,0.6,1.95,2.75,0.0,0.0,11.95,N,N,N,N,N
HV0003,B03404,B03404,2024-09-01 00:30:26,2024-09-01 00:36:25,2024-09-01 00:38:25,2024-09-01 01:16:34,148,169,17.69,2289,58.87,6.94,1.63,5.84,2.75,0.0,0.0,46.37,N,N,N,N,N
HV0003,B03404,B03404,2024-08-31 23:59:41,2024-09-01 00:02:54,2024-09-01 00:04:55,2024-09-01 00:13:53,45,148,0.35,538,10.67,0.0,0.29,0.95,2.75,0.0,3.0,9.22,N,N,N,N,Y
HV0003,B03404,B03404,2024-09-01 00:11:56,2024-09-01 00:17:30,2024-09-01 00:19:31,2024-09-01 00:43:58,148,186,3.63,1467,35.23,0.0,0.95,3.13,2.75,0.0,0.0,22.09,N,N,N,N,Y
HV0003,B03404,B03404,2024-09-01 00:41:30,2024-09-01 00:45:46,2024-09-01 00:46:14,2024-09-01 00:56:32,186,137,1.69,618,13.44,0.0,0.37,1.19,2.75,0.0,0.0,10.01,N,N,N,N,Y
HV0005,B03406,,2024-09-01 00:06:37,,2024-09-01 00:18:48,2024-09-01 00:27:05,256,112,1.286,497,11.46,0.0,0.32,1.02,0.0,0.0,0.0,10.6,N,N,N,N,N
HV0005,B03406,,2024-09-01 00:18:24,,2024-09-01 00:31:07,2024-09-01 00:52:24,112,157,3.086,1277,20.25,0.0,0.56,1.8,0.0,0.0,0.0,21.66,N,N,N,N,N
HV0003,B03404,B03404,2024-09-01 00:04:22,2024-09-01 00:06:02,2024-09-01 00:07:44,2024-09-01 00:38:41,78,186,12.73,1857,41.47,0.0,1.14,3.67,2.75,0.0,0.0,35.35,N,N,N,N,N
HV0003,B03404,B03404,2024-09-01 00:32:47,2024-09-01 00:40:03,2024-09-01 00:40:41,2024-09-01 01:03:35,186,193,5.06,1374,31.67,0.0,0.93,2.98,2.75,0.0,0.0,21.04,N,N,N,N,N
HV0003,B03404,B03404,2024-08-31 23:55:12,2024-08-31 23:59:56,2024-09-01 00:00:25,2024-09-01 00:29:18,155,130,13.92,1733,35.75,0.0,0.98,3.17,0.0,0.0,3.99,36.77,N,N,N,N,N
HV0003,B03404,B03404,2024-09-01 00:28:45,2024-09-01 00:31:00,2024-09-01 00:32:28,2024-09-01 00:54:33,130,7,10.52,1325,21.22,0.0,0.58,1.88,0.0,0.0,0.0,27.18,N,N,N,N,N
HV0003,B03404,B03404,2024-09-01 00:06:41,2024-09-01 00:08:15,2024-09-01 00:10:58,2024-09-01 00:13:09,114,79,0.48,131,14.77,0.0,0.41,1.31,2.75,0.0,0.0,10.61,N,N,N,N,N
HV0003,B03404,B03404,2024-09-01 00:20:43,2024-09-01 00:23:51,2024-09-01 00:25:45,2024-09-01 00:59:04,211,265,19.65,1999,109.89,20.0,3.02,0.0,0.0,0.0,0.0,95.26,N,N,N,N,N
HV0003,B03404,B03404,2024-09-01 00:02:39,2024-09-01 00:05:59,2024-09-01 00:06:31,2024-09-01 00:21:14,36,61,2.8,883,17.85,0.0,0.49,1.59,0.0,0.0,1.0,12.39,N,N,N,N,N
HV0003,B03404,B03404,2024-09-01 00:21:27,2024-09-01 00:22:27,2024-09-01 00:24:26,2024-09-01 00:36:24,61,225,2.42,718,14.88,0.0,0.41,1.32,0.0,0.0,0.0,10.27,N,N,N,N,N
HV0003,B03404,B03404,2024-09-01 00:37:17,2024-09-01 00:41:55,2024-09-01 00:42:29,2024-09-01 00:48:55,37,225,0.97,386,10.74,0.0,0.29,0.96,0.0,0.0,0.0,6.64,N,N,N,N,N
HV0003,B03404,B03404,2024-09-01 00:49:30,2024-09-01 00:52:59,2024-09-01 00:53:44,2024-09-01 01:02:36,225,36,1.44,532,8.71,0.0,0.23,0.75,0.0,0.0,0.0,7.13,N,N,N,N,N
HV0005,B03406,,2024-09-01 00:04:43,,2024-09-01 00:13:00,2024-09-01 00:24:11,148,107,1.819,671,17.32,0.0,0.48,1.54,2.75,0.0,0.0,9.42,N,N,N,N,N
HV0005,B03406,,2024-09-01 00:20:33,,2024-09-01 00:26:09,2024-09-01 00:40:15,107,158,2.188,846,13.65,0.0,0.38,1.21,2.75,0.0,0.0,11.23,N,N,N,N,N
HV0005,B03406,,2024-09-01 00:42:03,,2024-09-01 00:44:46,2024-09-01 00:54:55,249,186,1.768,609,11.78,0.0,0.32,1.05,2.75,0.0,0.0,8.35,N,N,N,N,N
HV0003,B03404,B03404,2024-09-01 00:03:30,2024-09-01 00:09:28,2024-09-01 00:09:39,2024-09-01 00:16:48,234,79,1.12,429,10.89,0.0,0.3,0.97,2.75,0.0,0.0,5.69,N,N,N,N,N
HV0003,B03404,B03404,2024-09-01 00:16:51,2024-09-01 00:19:44,2024-09-01 00:21:02,2024-09-01 00:30:38,79,144,1.65,576,11.44,0.0,0.23,0.74,2.75,0.0,0.0,7.84,N,N,N,N,N
HV0003,B03404,B03404,2024-09-01 00:26:33,2024-09-01 00:30:38,2024-09-01 00:32:02,2024-09-01 00:38:57,144,125,1.05,415,8.58,0.0,0.25,0.81,2.75,0.0,0.0,5.46,N,N,N,N,N
HV0003,B03404,B03404,2024-09-01 00:39:11,2024-09-01 00:42:04,2024-09-01 00:42:50,2024-09-01 00:54:01,249,261,2.04,671,15.45,0.0,0.42,1.37,2.75,0.0,3.0,9.29,N,N,N,N,N
HV0003,B03404,B03404,2024-09-01 00:21:02,2024-09-01 00:25:59,2024-09-01 00:26:16,2024-09-01 00:54:14,256,85,5.57,1678,35.78,0.0,0.98,3.17,0.0,0.0,0.0,24.89,N,N,N,N,N
HV0003,B03404,B03404,2024-09-01 00:37:00,2024-09-01 00:42:24,2024-09-01 00:42:24,2024-09-01 00:50:42,95,95,1.99,498,9.84,0.0,0.27,0.87,0.0,0.0,0.0,7.55,N,N,N,N,N
HV0003,B03404,B03404,2024-09-01 00:51:46,2024-09-01 00:55:41,2024-09-01 00:56:06,2024-09-01 01:13:33,196,148,9.57,1047,27.98,0.0,0.77,2.48,2.75,0.0,3.39,25.19,N,N,N,N,N
HV0003,B03404,B03404,2024-09-01 00:03:37,2024-09-01 00:05:18,2024-09-01 00:07:46,2024-09-01 00:32:55,97,188,4.2,1509,22.38,0.0,0.62,1.98,0.0,0.0,0.0,20.37,N,N,N,N,N
HV0003,B03404,B03404,2024-09-01 00:54:19,2024-09-01 00:57:46,2024-09-01 00:59:46,2024-09-01 01:16:12,72,76,2.06,986,17.14,0.0,0.47,1.52,0.0,0.0,0.0,12.39,N,N,N,N,N
HV0003,B03404,B03404,2024-08-31 23:52:37,2024-09-01 00:10:15,2024-09-01 00:11:24,2024-09-01 00:38:10,55,76,12.24,1606,31.21,0.0,0.91,2.95,0.0,0.0,0.0,33.76,N,N,N,N,N
HV0003,B03404,B03404,2024-09-01 00:40:46,2024-09-01 00:41:03,2024-09-01 00:43:04,2024-09-01 00:52:03,76,76,1.66,539,10.31,0.0,0.28,0.92,0.0,0.0,0.0,7.5,N,N,N,N,N
HV0003,B03404,B03404,2024-09-01 00:18:11,2024-09-01 00:23:13,2024-09-01 00:23:50,2024-09-01 00:33:26,80,255,1.67,576,26.61,0.0,0.73,2.36,0.0,0.0,0.0,13.32,N,N,N,N,N
HV0003,B03404,B03404,2024-09-01 00:17:33,2024-09-01 00:35:09,2024-09-01 00:35:43,2024-09-01 00:55:59,255,4,3.69,1216,24.38,0.0,0.67,2.16,2.75,0.0,5.99,18.84,N,N,N,N,N
HV0005,B03406,,2024-08-31 23:49:37,,2024-09-01 00:00:01,2024-09-01 00:22:07,255,107,4.446,1326,24.25,1.49,0.67,2.16,2.75,0.0,0.0,19.0,N,N,N,N,N
HV0005,B03406,,2024-09-01 00:20:54,,2024-09-01 00:24:59,2024-09-01 00:45:33,137,148,1.813,1234,18.89,0.0,0.52,1.68,2.75,0.0,0.0,14.9,N,N,N,N,N
HV0005,B03406,,2024-09-01 00:39:16,,2024-09-01 00:46:05,2024-09-01 00:54:07,148,79,1.001,482,13.86,0.0,0.38,1.23,2.75,0.0,0.0,7.07,N,N,N,N,N
HV0005,B03406,,2024-09-01 00:53:17,,2024-09-01 00:55:14,2024-09-01 01:01:27,79,79,1.067,373,9.67,0.0,0.25,0.8,2.75,0.0,12.0,5.98,N,N,N,N,N
HV0003,B03404,B03404,2024-09-01 00:29:32,2024-09-01 00:33:04,2024-09-01 00:33:43,2024-09-01 00:50:44,90,148,2.36,1021,48.17,0.0,1.32,4.27,2.75,0.0,0.0,31.0,N,N,N,N,N
HV0005,B03406,,2024-09-01 00:13:18,,2024-09-01 00:20:14,2024-09-01 00:26:44,249,68,0.417,390,14.74,0.0,0.41,1.31,2.75,0.0,0.0,10.16,N,N,N,N,N
HV0005,B03406,,2024-09-01 00:48:38,,2024-09-01 00:52:54,2024-09-01 01:01:50,148,79,0.923,536,17.18,0.0,0.47,1.52,2.75,0.0,0.0,12.73,N,N,N,N,N
HV0005,B03406,,2024-09-01 00:01:07,,2024-09-01 00:04:47,2024-09-01 00:20:22,48,265,3.532,935,21.81,20.0,1.03,0.0,0.0,0.0,0.0,15.23,N,N,N,N,N
HV0005,B03406,,2024-09-01 00:47:16,,2024-09-01 00:52:10,2024-09-01 01:38:58,100,265,22.064,2808,61.95,20.0,2.25,0.0,0.0,0.0,0.0,65.22,N,N,N,N,N
HV0003,B03404,B03404,2024-09-01 00:05:50,2024-09-01 00:11:36,2024-09-01 00:12:10,2024-09-01 00:46:55,255,89,10.24,2085,43.87,0.0,1.21,3.88,0.0,0.0,0.0,35.94,N,N,N,N,N
HV0003,B03404,B03404,2024-09-01 00:51:03,2024-09-01 00:53:36,2024-09-01 00:55:37,2024-09-01 01:07:49,89,71,1.75,732,12.47,0.0,0.34,1.11,0.0,0.0,0.0,9.49,N,N,N,N,N
HV0003,B03404,B03404,2024-09-01 00:16:46,2024-09-01 00:22:16,2024-09-01 00:22:40,2024-09-01 00:27:02,35,77,0.55,262,8.92,0.0,0.24,0.79,0.0,0.0,0.0,5.4,N,N,N,N,N
HV0003,B03404,B03404,2024-09-01 00:25:52,2024-09-01 00:33:16,2024-09-01 00:35:00,2024-09-01 00:44:50,76,180,2.08,590,11.57,0.0,0.31,1.03,0.0,0.0,0.0,8.56,N,N,N,N,N
HV0003,B03404,B03404,2024-09-01 00:41:01,2024-09-01 00:46:52,2024-09-01 00:46:57,2024-09-01 00:53:20,180,197,1.52,383,10.05,0.0,0.29,0.95,0.0,0.0,0.0,5.79,N,N,N,N,N
HV0003,B03404,B03404,2024-09-01 00:52:24,2024-09-01 00:55:48,2024-09-01 00:56:35,2024-09-01 01:07:17,197,258,1.58,642,12.48,0.0,0.34,1.11,0.0,0.0,0.0,8.39,N,N,N,N,N
HV0003,B03404,B03404,2024-09-01 00:06:40,2024-09-01 00:08:19,2024-09-01 00:08:31,2024-09-01 00:36:26,246,243,8.83,1675,32.42,0.0,0.89,2.88,2.75,0.0,5.84,28.29,N,N,N,N,N
HV0003,B03404,B03404,2024-09-01 00:52:38,2024-09-01 00:56:46,2024-09-01 00:57:17,2024-09-01 01:40:23,50,265,30.09,2586,93.39,0.0,2.57,8.29,2.75,0.0,10.7,73.55,N,N,N,N,N
HV0003,B03404,B03404,2024-09-01 00:09:13,2024-09-01 00:11:55,2024-09-01 00:12:22,2024-09-01 00:34:27,230,116,6.29,1325,34.69,0.0,1.01,3.27,2.75,0.0,0.0,26.77,N,N,N,N,Y
HV0003,B03404,B03404,2024-09-01 00:34:53,2024-09-01 00:37:19,2024-09-01 00:39:00,2024-09-01 00:45:08,116,41,1.48,368,10.67,0.0,0.29,0.95,0.0,0.0,0.0,8.0,N,N,N,N,Y
HV0003,B03404,B03404,2024-09-01 00:48:52,2024-09-01 00:51:39,2024-09-01 00:53:40,2024-09-01 01:18:09,166,249,6.66,1469,35.83,0.0,1.02,3.3,2.75,0.0,0.0,28.88,N,N,N,N,Y
HV0003,B03404,B03404,2024-09-01 00:39:21,2024-09-01 00:43:25,2024-09-01 00:44:06,2024-09-01 01:10:25,29,97,14.9,1579,38.47,0.0,1.05,3.42,0.0,0.0,0.0,35.6,N,N,N,N,N
HV0005,B03406,,2024-09-01 00:04:24,,2024-09-01 00:10:40,2024-09-01 00:17:25,29,123,1.742,405,11.63,0.0,0.32,1.03,0.0,0.0,0.0,6.33,N,N,N,N,N
HV0005,B03406,,2024-09-01 00:20:09,,2024-09-01 00:23:30,2024-09-01 00:32:47,149,210,2.274,557,14.97,0.0,0.41,1.33,0.0,0.0,0.0,8.53,N,N,N,N,N
HV0003,B03404,B03404,2024-08-31 23:58:34,2024-09-01 00:04:05,2024-09-01 00:04:20,2024-09-01 00:13:11,100,246,1.19,531,12.71,0.0,0.35,1.13,2.75,0.0,3.0,6.78,N,N,N,N,N
HV0003,B03404,B03404,2024-09-01 00:24:33,2024-09-01 00:27:17,2024-09-01 00:29:10,2024-09-01 01:02:41,48,9,12.54,2011,45.58,0.0,1.33,4.31,2.75,0.0,0.0,36.59,N,N,N,N,N
HV0005,B03406,,2024-09-01 00:23:19,,2024-09-01 00:29:59,2024-09-01 00:40:01,220,127,1.617,602,10.43,0.0,0.29,0.93,0.0,0.0,0.0,8.08,N,N,N,N,N
HV0005,B03406,,2024-09-01 00:41:11,,2024-09-01 00:46:45,2024-09-01 01:09:08,127,159,4.948,1343,24.51,0.0,0.67,2.18,0.0,0.0,0.0,19.85,N,N,N,N,N
HV0003,B03404,B03404,2024-09-01 00:14:55,2024-09-01 00:17:53,2024-09-01 00:18:22,2024-09-01 00:42:40,90,256,7.11,1458,29.25,6.94,0.8,3.21,2.75,0.0,0.0,25.73,N,N,N,N,N
HV0003,B03404,B03404,2024-09-01 00:40:34,2024-09-01 00:45:09,2024-09-01 00:45:19,2024-09-01 01:02:25,80,198,3.46,1026,24.34,0.0,0.72,2.3,0.0,0.0,0.0,17.82,N,N,N,N,N
HV0003,B03404,B03404,2024-08-31 23:56:00,2024-09-01 00:00:35,2024-09-01 00:05:24,2024-09-01 00:31:04,72,77,4.49,1540,23.56,0.0,0.69,2.22,0.0,0.0,0.0,21.08,N,N,N,N,N
HV0003,B03404,B03404,2024-09-01 00:33:06,2024-09-01 00:36:19,2024-09-01 00:37:12,2024-09-01 00:48:56,77,72,2.14,704,16.79,0.0,0.49,1.58,0.0,0.0,0.0,9.75,N,N,N,N,N
HV0003,B03404,B03404,2024-09-01 00:50:08,2024-09-01 00:55:07,2024-09-01 00:55:27,2024-09-01 01:02:54,72,72,1.77,447,9.8,0.0,0.27,0.87,0.0,0.0,0.0,6.75,N,N,N,N,N
HV0003,B03404,B03404,2024-08-31 23:59:46,2024-09-01 00:01:13,2024-09-01 00:01:35,2024-09-01 00:10:20,114,148,1.26,525,11.85,0.0,0.32,1.05,2.75,0.0,0.0,8.34,N,N,N,N,Y
HV0003,B03404,B03404,2024-09-01 00:09:36,2024-09-01 00:12:21,2024-09-01 00:12:43,2024-09-01 00:37:35,148,74,8.0,1492,21.13,0.0,0.58,1.87,2.75,0.0,0.0,29.61,N,N,N,N,Y
HV0003,B03404,B03404,2024-08-31 23:44:06,2024-09-01 00:02:52,2024-09-01 00:03:27,2024-09-01 00:32:17,93,87,12.76,1730,83.03,0.0,2.28,7.37,2.75,0.0,0.0,54.63,N,N,N,N,N
HV0005,B03406,,2024-09-01 00:07:06,,2024-09-01 00:12:46,2024-09-01 00:21:43,161,263,2.377,537,18.49,0.0,0.51,1.64,2.75,0.0,4.68,8.48,N,N,N,N,N
HV0005,B03406,,2024-09-01 00:29:14,,2024-09-01 00:35:27,2024-09-01 01:00:41,163,265,6.14,1514,28.59,20.0,1.34,0.0,0.0,0.0,0.0,25.05,N,N,N,N,N
HV0005,B03406,,2024-09-01 00:12:25,,2024-09-01 00:17:02,2024-09-01 00:29:28,89,195,4.428,746,18.53,0.0,0.51,1.64,0.0,0.0,0.0,13.32,N,N,N,N,N
HV0005,B03406,,2024-09-01 00:29:04,,2024-09-01 00:33:56,2024-09-01 01:53:44,195,24,13.548,4788,79.86,3.62,2.3,7.41,2.75,0.0,20.2,68.12,N,N,N,N,N
HV0005,B03406,,2024-08-31 23:53:42,,2024-09-01 00:04:17,2024-09-01 00:51:11,186,89,13.123,2814,53.48,35.29,1.99,6.44,2.75,0.0,0.0,45.34,N,N,N,N,N
HV0005,B03406,,2024-09-01 00:07:15,,2024-09-01 00:11:12,2024-09-01 00:20:35,11,150,4.959,563,19.39,0.31,0.54,1.75,0.0,0.0,0.0,12.25,N,N,N,N,N
HV0005,B03406,,2024-09-01 00:16:58,,2024-09-01 00:22:56,2024-09-01 00:58:51,150,145,20.812,2155,53.16,0.44,1.47,4.76,0.0,0.0,0.0,49.42,N,N,N,N,N
HV0003,B03404,B03404,2024-09-01 00:10:42,2024-09-01 00:13:12,2024-09-01 00:15:13,2024-09-01 00:38:26,148,48,3.78,1393,28.62,0.0,0.79,2.55,2.75,0.0,0.0,21.52,N,N,N,N,Y
HV0003,B03404,B03404,2024-09-01 00:41:53,2024-09-01 00:43:28,2024-09-01 00:45:01,2024-09-01 00:59:39,68,114,1.73,878,16.14,0.0,0.47,1.52,2.75,0.0,0.0,12.89,N,N,N,N,Y
HV0003,B03404,B03404,2024-09-01 00:10:55,2024-09-01 00:21:59,2024-09-01 00:22:28,2024-09-01 00:48:47,55,80,15.17,1579,94.76,0.0,2.61,8.41,0.0,0.0,0.0,76.23,N,N,N,N,N
HV0003,B03404,B03404,2024-09-01 00:20:19,2024-09-01 00:21:57,2024-09-01 00:22:12,2024-09-01 00:36:02,21,89,2.72,830,14.25,0.0,0.39,1.26,0.0,0.0,0.0,11.76,N,N,N,N,N
HV0003,B03404,B03404,2024-09-01 00:36:23,2024-09-01 00:41:37,2024-09-01 00:42:54,2024-09-01 01:03:54,89,49,4.4,1260,25.88,0.0,0.71,2.29,0.0,0.0,4.33,18.22,N,N,N,N,N
HV0003,B03404,B03404,2024-08-31 23:59:04,2024-09-01 00:01:04,2024-09-01 00:03:01,2024-09-01 00:24:44,226,129,3.8,1303,21.19,0.0,0.59,1.88,0.0,0.0,0.0,17.83,N,N,N,N,N
HV0003,B03404,B03404,2024-09-01 00:22:29,2024-09-01 00:28:44,2024-09-01 00:28:55,2024-09-01 00:40:28,129,82,2.95,693,14.32,0.0,0.39,1.28,0.0,0.0,0.0,10.74,N,N,N,N,N
HV0003,B03404,B03404,2024-09-01 00:36:55,2024-09-01 00:41:56,2024-09-01 00:43:48,2024-09-01 00:58:10,82,196,2.35,862,12.54,0.0,0.34,1.11,0.0,0.0,0.0,11.58,N,N,N,N,N
HV0005,B03406,,2024-09-01 00:11:16,,2024-09-01 00:16:16,2024-09-01 00:27:07,144,88,1.941,651,14.35,0.0,0.39,1.27,2.75,0.0,0.0,9.75,N,N,N,N,Y
HV0005,B03406,,2024-09-01 00:46:57,,2024-09-01 00:53:02,2024-09-01 01:08:47,148,25,2.958,945,20.05,0.0,0.55,1.78,2.75,0.0,3.77,14.39,N,N,N,N,Y
HV0003,B03404,B03404,2024-09-01 00:09:30,2024-09-01 00:13:07,2024-09-01 00:13:33,2024-09-01 00:20:35,259,259,1.48,422,8.97,0.0,0.24,0.8,0.0,0.0,0.0,6.11,N,N,N,N,N
HV0005,B03406,,2024-09-01 00:34:42,,2024-09-01 00:40:04,2024-09-01 00:51:06,220,243,3.268,662,16.12,0.89,0.47,1.51,0.0,0.0,0.0,10.92,N,N,N,N,N
HV0003,B03404,B03404,2024-09-01 00:30:30,2024-09-01 00:33:20,2024-09-01 00:34:54,2024-09-01 01:00:10,89,95,15.74,1516,42.95,0.0,1.19,3.81,0.0,0.0,4.79,36.14,N,N,N,N,N
HV0005,B03406,,2024-09-01 00:40:13,,2024-09-01 00:50:12,2024-09-01 01:12:55,97,37,4.038,1363,24.99,0.0,0.69,2.22,0.0,0.0,0.0,23.3,N,N,N,N,N
HV0003,B03404,B03404,2024-09-01 00:11:49,2024-09-01 00:22:54,2024-09-01 00:22:54,2024-09-01 00:55:55,80,246,8.11,1981,82.99,6.94,2.42,8.45,2.75,0.0,0.0,44.1,N,N,N,N,N
HV0003,B03404,B03404,2024-08-31 23:57:19,2024-08-31 23:59:57,2024-09-01 00:00:58,2024-09-01 00:19:43,56,179,8.25,1125,26.12,0.0,0.76,2.46,0.0,0.0,0.0,26.4,N,N,N,N,N
HV0003,B03404,B03404,2024-09-01 00:22:12,2024-09-01 00:24:13,2024-09-01 00:24:29,2024-09-01 00:49:14,179,205,11.98,1485,31.91,0.0,0.93,3.01,0.0,0.0,0.0,30.72,N,N,N,N,N
HV0003,B03404,B03404,2024-09-01 00:49:02,2024-09-01 00:55:41,2024-09-01 00:55:59,2024-09-01 01:06:42,205,191,2.39,643,12.03,0.0,0.35,1.13,0.0,0.0,0.0,9.5,N,N,N,N,N
HV0003,B03404,B03404,2024-09-01 00:20:54,2024-09-01 00:51:01,2024-09-01 00:52:16,2024-09-01 01:09:53,93,65,10.29,1057,100.71,0.0,2.77,8.94,0.0,0.0,0.0,51.25,N,N,N,N,N
HV0003,B03404,B03404,2024-09-01 00:43:22,2024-09-01 00:47:08,2024-09-01 00:47:08,2024-09-01 00:57:34,148,256,2.52,626,13.42,0.0,0.37,1.19,0.75,0.0,0.0,4.8,Y,Y,N,N,N
HV0003,B03404,B03404,2024-09-01 00:31:43,2024-09-01 00:47:18,2024-09-01 00:47:18,2024-09-01 01:08:58,148,17,4.64,1300,15.77,0.0,0.43,1.4,0.75,0.0,0.0,10.76,Y,Y,N,N,N
HV0003,B03404,B03404,2024-09-01 00:23:28,2024-09-01 00:29:59,2024-09-01 00:30:18,2024-09-01 00:38:19,117,86,1.91,481,11.72,0.0,0.32,1.04,0.0,0.0,0.0,8.53,N,N,N,N,N
HV0003,B03404,B03404,2024-09-01 00:33:57,2024-09-01 00:41:39,2024-09-01 00:43:40,2024-09-01 01:26:44,86,153,27.69,2584,66.87,6.94,1.84,6.55,0.0,0.0,0.0,62.77,N,N,N,N,N
HV0003,B03404,B03404,2024-09-01 00:09:07,2024-09-01 00:12:09,2024-09-01 00:12:37,2024-09-01 00:26:54,130,205,3.69,857,19.63,0.0,0.54,1.74,0.0,0.0,0.0,13.35,N,N,N,N,N
HV0003,B03404,B03404,2024-09-01 00:23:34,2024-09-01 00:28:25,2024-09-01 00:29:06,2024-09-01 00:34:33,205,38,1.2,327,8.25,0.0,0.16,0.5,0.0,0.0,0.0,5.39,N,N,N,N,N
HV0003,B03404,B03404,2024-09-01 00:30:03,2024-09-01 00:36:57,2024-09-01 00:37:23,2024-09-01 01:10:20,38,243,19.93,1977,42.51,6.94,1.2,4.39,0.0,0.0,0.0,46.31,Y,N,N,N,N
HV0003,B03404,B03404,2024-08-31 23:59:00,2024-09-01 00:05:33,2024-09-01 00:06:32,2024-09-01 00:18:12,180,258,2.23,700,12.51,0.0,0.34,1.11,0.0,0.0,0.0,9.83,N,N,N,N,N
HV0003,B03404,B03404,2024-09-01 00:05:18,2024-09-01 00:08:37,2024-09-01 00:10:38,2024-09-01 00:37:54,17,35,4.24,1636,25.36,0.0,0.7,2.25,0.0,0.0,0.0,21.67,N,N,N,N,N
HV0003,B03404,B03404,2024-09-01 00:34:58,2024-09-01 00:39:41,2024-09-01 00:41:43,2024-09-01 01:23:28,35,261,8.59,2505,32.74,6.94,0.91,3.52,2.75,0.0,0.0,36.02,N,N,N,N,N
HV0005,B03406,,2024-09-01 00:02:52,,2024-09-01 00:13:32,2024-09-01 00:29:31,188,89,1.31,959,9.7,0.0,0.27,0.86,0.0,0.0,0.0,11.14,N,N,N,N,N
HV0005,B03406,,2024-09-01 00:26:18,,2024-09-01 00:34:48,2024-09-01 00:46:50,165,71,2.205,722,11.33,0.0,0.31,1.01,0.0,0.0,0.0,10.05,N,N,N,N,N
HV0003,B03404,B03404,2024-09-01 00:20:46,2024-09-01 00:24:05,2024-09-01 00:27:39,2024-09-01 01:09:09,68,157,7.25,2490,69.86,6.94,1.9,6.72,2.75,0.0,0.0,66.2,N,N,N,N,N
HV0003,B03404,B03404,2024-09-01 00:08:04,2024-09-01 00:08:42,2024-09-01 00:09:06,2024-09-01 00:26:50,142,265,5.65,1064,16.52,20.0,0.58,0.0,0.0,0.0,0.0,19.72,N,N,N,N,N
HV0003,B03404,B03404,2024-09-01 00:39:49,2024-09-01 00:42:34,2024-09-01 00:43:06,2024-09-01 01:09:21,246,80,7.34,1575,32.39,0.0,0.89,2.88,2.75,0.0,5.83,25.28,N,N,N,N,N
HV0003,B03404,B03404,2024-09-01 00:02:09,2024-09-01 00:04:25,2024-09-01 00:06:04,2024-09-01 00:38:40,225,205,12.36,1956,39.07,0.0,1.07,3.45,0.0,0.0,0.0,35.82,N,N,N,N,N
HV0003,B03404,B03404,2024-09-01 00:37:25,2024-09-01 00:40:17,2024-09-01 00:40:54,2024-09-01 00:50:20,205,131,2.67,566,13.4,0.0,0.36,1.19,0.0,0.0,0.0,9.13,N,N,N,N,N
HV0003,B03404,B03404,2024-09-01 00:36:31,2024-09-01 00:41:50,2024-09-01 00:43:18,2024-09-01 01:06:56,148,89,8.31,1418,41.8,6.94,1.15,4.32,2.75,0.0,0.0,27.08,N,N,N,N,N
HV0005,B03406,,2024-09-01 00:11:39,,2024-09-01 00:15:28,2024-09-01 00:36:21,145,148,4.827,1253,25.29,0.0,0.7,2.25,2.75,0.0,0.0,18.81,N,N,N,N,N
HV0003,B03404,B03404,2024-09-01 00:24:36,2024-09-01 00:28:14,2024-09-01 00:29:03,2024-09-01 00:53:03,101,265,7.97,1440,35.71,0.0,0.98,3.17,0.0,0.0,0.0,28.33,N,N,N,N,N
HV0003,B03404,B03404,2024-09-01 00:12:55,2024-09-01 00:18:02,2024-09-01 00:18:35,2024-09-01 00:31:34,183,265,5.64,779,23.26,0.0,0.64,2.05,0.0,0.0,0.0,17.61,N,N,N,N,N
HV0003,B03404,B03404,2024-09-01 00:41:31,2024-09-01 00:44:22,2024-09-01 00:46:30,2024-09-01 01:04:31,51,32,3.71,1081,16.23,0.0,0.45,1.45,0.0,0.0,0.0,17.29,N,N,N,N,N
HV0003,B03404,B03404,2024-09-01 00:20:39,2024-09-01 00:33:26,2024-09-01 00:35:35,2024-09-01 01:05:20,132,144,18.56,1785,64.09,0.0,1.83,5.9,2.75,2.5,0.0,44.48,N,N,N,N,N
HV0005,B03406,,2024-08-31 23:59:29,,2024-09-01 00:06:53,2024-09-01 00:19:08,119,169,1.6,735,12.83,0.0,0.35,1.14,0.0,0.0,0.0,9.35,N,N,N,N,N
HV0005,B03406,,2024-09-01 00:21:22,,2024-09-01 00:25:01,2024-09-01 00:40:01,169,127,2.07,900,14.33,0.0,0.39,1.27,0.0,0.0,0.0,11.6,N,N,N,N,N
HV0005,B03406,,2024-09-01 00:39:47,,2024-09-01 00:43:39,2024-09-01 00:57:57,127,42,4.21,858,17.38,0.0,0.37,1.21,0.0,0.0,0.0,14.11,N,N,N,N,N
HV0003,B03404,B03404,2024-09-01 00:00:58,2024-09-01 00:06:17,2024-09-01 00:06:26,2024-09-01 00:24:17,192,82,4.27,1071,30.42,0.0,0.84,2.7,0.0,0.0,3.39,23.22,N,N,N,N,N
HV0003,B03404,B03404,2024-09-01 00:25:13,2024-09-01 00:29:41,2024-09-01 00:30:12,2024-09-01 00:44:05,82,56,2.04,833,13.41,0.0,0.37,1.19,0.0,0.0,0.0,10.86,N,N,N,N,N
HV0003,B03404,B03404,2024-09-01 00:46:01,2024-09-01 00:48:41,2024-09-01 00:50:42,2024-09-01 01:08:03,173,70,2.13,1041,12.24,0.0,0.33,1.08,0.0,0.0,0.0,15.27,N,N,N,N,N
HV0005,B03406,,2024-09-01 00:06:07,,2024-09-01 00:08:43,2024-09-01 00:12:50,150,210,0.605,247,7.15,0.0,0.2,0.64,0.0,0.0,0.0,5.47,N,N,N,N,N
HV0005,B03406,,2024-09-01 00:05:32,,2024-09-01 00:18:17,2024-09-01 00:27:22,150,108,2.866,545,16.92,0.0,0.36,1.17,0.0,0.0,0.0,9.23,N,N,N,N,N
HV0005,B03406,,2024-09-01 00:24:52,,2024-09-01 00:30:05,2024-09-01 01:00:18,21,246,15.291,1813,43.68,3.96,1.31,4.23,2.75,0.0,0.0,38.55,N,N,N,N,N
HV0003,B03404,B03404,2024-08-31 23:58:21,2024-08-31 23:59:39,2024-09-01 00:00:53,2024-09-01 00:45:33,225,55,15.51,2680,43.98,0.0,1.27,4.08,0.0,0.0,0.0,47.13,N,N,N,N,N
HV0003,B03404,B03404,2024-09-01 00:45:16,2024-09-01 00:47:19,2024-09-01 00:47:38,2024-09-01 01:00:15,55,108,2.37,757,15.09,0.0,0.44,1.42,0.0,0.0,0.0,10.58,N,N,N,N,N
HV0003,B03404,B03404,2024-09-01 00:07:55,2024-09-01 00:16:05,2024-09-01 00:16:41,2024-09-01 00:34:12,79,186,2.82,1051,29.59,0.0,0.85,2.77,2.75,0.0,0.0,14.49,N,N,N,N,N
HV0003,B03404,B03404,2024-09-01 00:34:11,2024-09-01 00:35:17,2024-09-01 00:37:18,2024-09-01 01:14:34,68,191,15.95,2236,49.87,6.94,1.38,5.05,2.75,0.0,6.59,43.42,N,N,N,N,N
HV0003,B03404,B03404,2024-09-01 00:01:58,2024-09-01 00:02:54,2024-09-01 00:03:26,2024-09-01 00:11:39,218,216,2.68,493,14.06,0.0,0.38,1.25,0.0,0.0,0.0,8.43,N,N,N,N,N
HV0003,B03404,B03404,2024-09-01 00:23:20,2024-09-01 00:24:40,2024-09-01 00:25:47,2024-09-01 00:34:44,216,130,1.86,537,12.51,0.0,0.34,1.11,0.0,0.0,0.0,7.75,N,N,N,N,N
HV0003,B03404,B03404,2024-09-01 00:49:55,2024-09-01 00:52:16,2024-09-01 00:52:49,2024-09-01 01:33:17,130,71,11.98,2428,47.28,0.0,1.3,4.18,0.0,0.0,0.0,39.88,N,N,N,N,N
HV0003,B03404,B03404,2024-08-31 23:54:49,2024-08-31 23:58:36,2024-09-01 00:00:37,2024-09-01 00:29:32,195,225,6.5,1735,41.89,0.0,1.15,3.71,0.0,0.0,0.0,25.7,N,N,N,N,N
HV0003,B03404,B03404,2024-09-01 00:29:54,2024-09-01 00:32:20,2024-09-01 00:32:49,2024-09-01 00:44:22,225,157,2.05,693,19.3,0.0,0.56,1.82,0.0,0.0,0.0,10.52,N,N,N,N,N
HV0003,B03404,B03404,2024-09-01 00:41:26,2024-09-01 00:46:28,2024-09-01 00:46:28,2024-09-01 00:54:40,157,37,1.56,492,17.83,0.0,0.49,1.58,0.0,0.0,0.0,8.91,N,N,N,N,N
HV0003,B03404,B03404,2024-09-01 00:52:46,2024-09-01 00:56:08,2024-09-01 00:57:03,2024-09-01 01:15:52,37,145,3.66,1129,19.64,0.0,0.54,1.74,0.0,0.0,0.0,16.23,N,N,N,N,N
HV0003,B03404,B03404,2024-09-01 00:16:18,2024-09-01 00:17:57,2024-09-01 00:18:14,2024-09-01 00:33:18,137,68,1.99,904,15.42,0.0,0.42,1.37,2.75,0.0,0.0,11.5,N,N,N,N,N
HV0003,B03404,B03404,2024-09-01 00:36:35,2024-09-01 00:44:13,2024-09-01 00:44:25,2024-09-01 00:58:19,249,79,1.46,834,15.43,0.0,0.42,1.37,2.75,0.0,0.0,10.09,N,N,N,N,N
HV0003,B03404,B03404,2024-09-01 00:54:09,2024-09-01 00:58:37,2024-09-01 00:59:58,2024-09-01 01:17:43,79,263,4.02,1065,21.68,0.0,0.6,1.92,2.75,0.0,0.0,15.82,N,N,N,N,N
HV0003,B03404,B03404,2024-09-01 00:03:50,2024-09-01 00:08:10,2024-09-01 00:08:31,2024-09-01 00:11:04,14,14,0.48,153,6.83,0.0,0.2,0.64,0.0,0.0,0.0,5.4,N,N,N,N,N
HV0003,B03404,B03404,2024-09-01 00:41:53,2024-09-01 00:51:40,2024-09-01 00:51:54,2024-09-01 01:38:45,181,151,11.43,2811,44.32,0.0,1.22,3.93,2.75,0.0,0.0,45.6,N,N,N,N,N
HV0003,B03404,B03404,2024-09-01 00:09:31,2024-09-01 00:14:00,2024-09-01 00:16:01,2024-09-01 00:18:33,114,114,0.23,152,7.82,0.0,0.21,0.69,2.75,0.0,0.0,5.86,N,N,N,N,N
HV0003,B03404,B03404,2024-09-01 00:31:05,2024-09-01 00:33:31,2024-09-01 00:33:45,2024-09-01 00:41:27,79,137,1.72,462,13.26,0.0,0.35,1.18,2.75,0.0,0.0,6.83,N,N,N,N,N
HV0003,B03404,B03404,2024-09-01 00:54:38,2024-09-01 00:56:59,2024-09-01 00:58:04,2024-09-01 01:35:34,170,265,6.9,2250,33.07,20.0,0.91,0.0,0.0,0.0,0.0,33.99,N,N,N,N,N
HV0003,B03404,B03404,2024-09-01 00:01:04,2024-09-01 00:08:50,2024-09-01 00:13:59,2024-09-01 00:25:11,97,256,3.59,672,18.53,0.0,0.51,1.65,0.0,0.0,0.0,11.98,N,N,N,N,N
HV0003,B03404,B03404,2024-09-01 00:19:43,2024-09-01 00:27:06,2024-09-01 00:29:06,2024-09-01 00:45:24,80,148,3.27,978,20.66,0.0,0.57,1.84,2.75,0.0,0.0,15.54,N,N,N,N,N
HV0003,B03404,B03404,2024-09-01 00:41:40,2024-09-01 00:47:02,2024-09-01 00:47:20,2024-09-01 01:00:45,148,249,1.7,805,24.01,0.0,0.66,2.13,2.75,0.0,0.0,11.4,N,N,N,N,N
HV0003,B03404,B03404,2024-09-01 00:40:56,2024-09-01 00:45:41,2024-09-01 00:46:16,2024-09-01 01:15:04,36,181,5.32,1728,38.5,0.0,1.06,3.42,0.0,0.0,0.0,36.03,N,N,N,N,N
HV0003,B03404,B03404,2024-09-01 00:07:22,2024-09-01 00:09:02,2024-09-01 00:11:03,2024-09-01 00:36:04,10,129,9.82,1501,33.05,0.0,0.91,2.92,0.0,0.0,0.0,27.95,N,N,N,N,N
HV0005,B03406,,2024-09-01 00:10:50,,2024-09-01 00:16:20,2024-09-01 00:29:36,244,239,5.272,796,19.85,0.0,0.55,1.76,2.75,0.0,0.0,14.96,N,N,N,N,N
HV0005,B03406,,2024-09-01 00:34:15,,2024-09-01 00:35:36,2024-09-01 01:04:47,143,148,6.771,1751,29.78,0.0,0.82,2.64,2.75,0.0,5.4,26.31,N,N,N,N,N
HV0003,B03404,B03404,2024-09-01 00:01:03,2024-09-01 00:03:30,2024-09-01 00:09:00,2024-09-01 00:28:40,234,141,3.37,1180,24.98,0.0,0.69,2.22,2.75,0.0,4.59,18.28,N,N,N,N,N
HV0005,B03406,,2024-09-01 00:55:03,,2024-09-01 00:59:24,2024-09-01 01:12:15,161,246,2.052,771,15.38,0.0,0.42,1.36,2.75,0.0,0.0,10.31,N,N,N,N,N
HV0003,B03404,B03404,2024-08-31 23:51:07,2024-08-31 23:59:30,2024-09-01 00:00:44,2024-09-01 00:44:40,123,233,19.52,2636,94.69,0.0,2.77,8.94,2.75,0.0,0.0,55.91,N,N,N,N,N
HV0003,B03404,B03404,2024-09-01 00:55:40,2024-09-01 00:58:50,2024-09-01 00:59:38,2024-09-01 01:22:15,45,37,4.5,1357,23.71,0.0,0.7,2.23,2.75,0.0,0.0,21.31,N,N,N,N,N
HV0005,B03406,,2024-09-01 00:31:34,,2024-09-01 00:35:25,2024-09-01 01:13:14,68,228,8.701,2269,39.64,5.83,1.25,4.04,2.75,0.0,0.0,34.0,N,N,N,N,N
HV0003,B03404,B03404,2024-09-01 00:02:13,2024-09-01 00:04:20,2024-09-01 00:05:13,2024-09-01 00:40:17,246,255,10.61,2104,47.7,0.0,1.38,4.46,2.75,0.0,0.0,49.15,N,N,N,N,N
HV0003,B03404,B03404,2024-09-01 00:06:13,2024-09-01 00:14:00,2024-09-01 00:14:14,2024-09-01 00:21:27,22,55,1.82,433,8.92,0.0,0.24,0.79,0.0,0.0,0.0,6.69,N,N,N,N,N
HV0003,B03404,B03404,2024-09-01 00:16:49,2024-09-01 00:22:48,2024-09-01 00:23:49,2024-09-01 00:45:05,55,155,5.86,1276,28.64,0.0,0.79,2.53,0.0,0.0,0.0,22.87,N,N,N,N,N
HV0003,B03404,B03404,2024-09-01 00:44:50,2024-09-01 00:46:32,2024-09-01 00:47:57,2024-09-01 00:54:52,155,91,1.42,415,8.36,0.0,0.24,0.79,0.0,0.0,0.0,5.96,N,N,N,N,N
HV0003,B03404,B03404,2024-09-01 00:08:19,2024-09-01 00:09:31,2024-09-01 00:11:16,2024-09-01 00:29:28,243,78,4.65,1092,22.09,0.0,0.61,1.97,0.0,0.0,0.0,16.93,N,N,N,N,N
HV0005,B03406,,2024-09-01 00:54:06,,2024-09-01 00:58:12,2024-09-01 01:11:54,163,75,2.903,822,17.08,0.0,0.47,1.52,2.75,0.0,0.0,11.98,N,N,N,N,N
HV0003,B03404,B03404,2024-09-01 00:00:42,2024-09-01 00:04:42,2024-09-01 00:05:49,2024-09-01 00:33:32,41,259,10.65,1663,31.35,0.0,0.86,2.76,0.0,0.0,0.0,30.64,N,N,N,N,N
HV0005,B03406,,2024-09-01 00:32:58,,2024-09-01 00:37:36,2024-09-01 01:04:57,163,37,5.485,1641,29.01,0.27,0.81,2.6,2.75,0.0,0.0,23.48,N,N,N,N,N
HV0003,B03404,B03404,2024-09-01 00:12:28,2024-09-01 00:13:45,2024-09-01 00:14:50,2024-09-01 00:25:05,148,33,2.64,615,21.96,0.0,0.6,1.94,2.75,0.0,0.0,12.64,N,N,N,N,N
HV0003,B03404,B03404,2024-09-01 00:50:50,2024-09-01 00:53:25,2024-09-01 00:53:57,2024-09-01 01:19:01,114,22,9.61,1504,49.98,6.94,1.38,5.05,2.75,0.0,0.0,31.98,N,N,N,N,N
HV0005,B03406,,2024-09-01 00:13:54,,2024-09-01 00:21:33,2024-09-01 00:53:59,228,244,17.218,1946,47.95,4.42,1.38,4.45,2.75,0.0,0.0,42.48,N,N,N,N,N
HV0005,B03406,,2024-09-01 00:53:26,,2024-09-01 00:56:58,2024-09-01 01:11:41,244,212,5.07,883,20.77,0.0,0.57,1.84,0.0,0.0,0.0,15.53,N,N,N,N,N
HV0003,B03404,B03404,2024-08-31 23:58:40,2024-09-01 00:03:33,2024-09-01 00:05:34,2024-09-01 00:24:36,114,25,3.23,1142,23.23,0.0,0.64,2.06,2.75,0.0,0.0,15.49,N,N,N,N,N
HV0003,B03404,B03404,2024-09-01 00:43:17,2024-09-01 00:45:01,2024-09-01 00:45:39,2024-09-01 00:50:59,231,125,0.94,320,9.11,0.0,0.25,0.81,2.75,0.0,0.0,5.4,N,N,N,N,N
HV0003,B03404,B03404,2024-09-01 00:49:20,2024-09-01 00:56:05,2024-09-01 00:57:09,2024-09-01 01:09:20,114,137,2.35,731,17.04,0.0,0.49,1.61,2.75,0.0,0.0,11.3,N,N,N,N,N
HV0005,B03406,,2024-09-01 00:02:11,,2024-09-01 00:08:15,2024-09-01 00:22:13,148,79,1.522,838,10.97,0.0,0.29,0.95,2.75,0.0,3.0,10.24,N,N,N,N,N
HV0005,B03406,,2024-09-01 00:25:07,,2024-09-01 00:30:17,2024-09-01 00:33:24,107,107,0.485,187,8.11,0.0,0.22,0.72,2.75,0.0,0.0,5.47,N,N,N,N,N
HV0003,B03404,B03404,2024-09-01 00:08:01,2024-09-01 00:10:06,2024-09-01 00:12:07,2024-09-01 00:28:01,227,14,3.05,954,18.55,0.0,0.51,1.65,0.0,0.0,0.0,13.42,N,N,N,N,N
HV0003,B03404,B03404,2024-09-01 00:42:39,2024-09-01 00:44:44,2024-09-01 00:45:33,2024-09-01 00:57:07,40,261,3.93,694,19.03,0.0,0.53,1.69,2.75,0.0,0.0,12.09,N,N,N,N,N
HV0003,B03404,B03404,2024-09-01 00:00:18,2024-09-01 00:01:11,2024-09-01 00:01:37,2024-09-01 00:37:08,48,198,7.8,2131,27.61,0.0,0.76,2.44,2.75,0.0,0.0,31.32,N,N,N,N,N
HV0003,B03404,B03404,2024-09-01 00:37:59,2024-09-01 00:41:55,2024-09-01 00:42:36,2024-09-01 01:02:33,102,83,3.84,1197,19.7,0.0,0.55,1.75,0.0,0.0,0.0,16.85,N,N,N,N,N
HV0003,B03404,B03404,2024-08-31 23:58:25,2024-08-31 23:59:15,2024-09-01 00:01:15,2024-09-01 00:29:37,50,232,4.45,1702,29.67,0.0,0.82,2.63,2.75,0.0,0.0,22.59,N,N,N,N,N
HV0003,B03404,B03404,2024-09-01 00:26:13,2024-09-01 00:31:55,2024-09-01 00:32:42,2024-09-01 00:57:06,148,152,13.94,1464,35.38,0.0,0.97,3.13,2.75,0.0,0.0,33.19,N,N,N,N,N
HV0003,B03404,B03404,2024-08-31 23:53:29,2024-09-01 00:00:56,2024-09-01 00:01:37,2024-09-01 00:21:26,89,181,4.5,1189,21.57,0.0,0.63,2.02,0.0,0.0,0.0,17.68,N,N,N,N,N
HV0003,B03404,B03404,2024-09-01 00:21:52,2024-09-01 00:25:00,2024-09-01 00:26:00,2024-09-01 00:38:08,181,62,2.34,728,18.77,0.0,0.51,1.66,0.0,0.0,0.0,12.75,N,N,N,N,N
HV0003,B03404,B03404,2024-09-01 00:40:08,2024-09-01 00:43:10,2024-09-01 00:43:10,2024-09-01 01:09:28,62,39,5.43,1578,27.28,0.0,0.76,2.46,0.0,0.0,0.0,22.71,N,N,N,N,N
HV0005,B03406,,2024-09-01 00:11:00,,2024-09-01 00:15:40,2024-09-01 00:21:48,107,79,0.693,368,7.99,0.0,0.22,0.71,2.75,0.0,0.0,5.47,N,N,N,N,N
HV0005,B03406,,2024-09-01 00:20:44,,2024-09-01 00:26:19,2024-09-01 00:39:11,79,158,1.502,772,13.31,0.0,0.31,1.0,2.75,0.0,0.0,9.58,N,N,N,N,N
HV0005,B03406,,2024-09-01 00:39:14,,2024-09-01 00:42:35,2024-09-01 00:58:21,158,87,3.375,946,19.03,0.0,0.52,1.69,2.75,0.0,0.0,13.83,N,N,N,N,N
HV0005,B03406,,2024-09-01 00:55:00,,2024-09-01 00:59:18,2024-09-01 01:09:34,87,4,3.176,616,16.33,0.0,0.45,1.45,2.75,0.0,4.2,10.34,N,N,N,N,N
HV0003,B03404,B03404,2024-09-01 00:09:54,2024-09-01 00:14:30,2024-09-01 00:14:58,2024-09-01 00:21:57,177,35,1.15,419,8.91,0.0,0.24,0.79,0.0,0.0,0.0,7.61,N,N,N,N,N
HV0003,B03404,B03404,2024-09-01 00:22:44,2024-09-01 00:27:30,2024-09-01 00:28:10,2024-09-01 00:40:49,35,76,2.28,759,15.47,0.0,0.41,1.34,0.0,0.0,0.0,12.45,N,N,N,N,N
HV0003,B03404,B03404,2024-09-01 00:40:22,2024-09-01 00:48:35,2024-09-01 00:48:57,2024-09-01 01:11:47,76,72,3.88,1370,22.26,0.0,0.62,1.98,0.0,0.0,0.0,20.57,N,N,N,N,N
HV0005,B03406,,2024-08-31 23:56:34,,2024-09-01 00:07:46,2024-09-01 00:30:38,145,34,4.493,1372,33.59,0.0,0.92,2.98,0.0,0.0,0.0,21.24,N,N,N,N,Y
HV0005,B03406,,2024-09-01 00:29:20,,2024-09-01 00:35:20,2024-09-01 00:48:15,255,33,3.905,775,33.42,0.0,0.92,2.97,0.0,0.0,0.0,15.14,N,N,N,N,Y
HV0003,B03404,B03404,2024-09-01 00:01:51,2024-09-01 00:02:41,2024-09-01 00:03:57,2024-09-01 00:32:19,7,61,9.4,1702,32.15,0.0,0.89,2.84,0.0,0.0,5.38,29.32,N,N,N,N,N
HV0003,B03404,B03404,2024-09-01 00:30:19,2024-09-01 00:32:17,2024-09-01 00:32:51,2024-09-01 00:38:41,61,61,1.29,350,8.38,0.0,0.24,0.79,0.0,0.0,0.0,5.39,N,N,N,N,N
HV0003,B03404,B03404,2024-09-01 00:38:30,2024-09-01 00:43:33,2024-09-01 00:45:34,2024-09-01 01:45:51,61,159,17.36,3617,51.41,0.0,1.42,4.56,2.75,0.0,0.0,58.77,N,N,N,N,N
HV0003,B03404,B03404,2024-09-01 00:11:23,2024-09-01 00:11:33,2024-09-01 00:13:34,2024-09-01 00:19:51,17,225,1.09,377,9.14,0.0,0.25,0.81,0.0,0.0,0.0,5.73,N,N,N,N,N
HV0003,B03404,B03404,2024-09-01 00:17:10,2024-09-01 00:24:25,2024-09-01 00:26:12,2024-09-01 01:28:27,225,265,32.21,3735,112.3,6.94,3.09,10.58,0.0,0.0,0.0,88.37,N,N,N,N,N
HV0003,B03404,B03404,2024-09-01 00:19:50,2024-09-01 00:20:32,2024-09-01 00:22:32,2024-09-01 00:41:41,50,42,6.17,1149,31.17,0.0,0.86,2.76,2.75,0.0,0.0,22.03,N,N,N,N,Y
HV0003,B03404,B03404,2024-09-01 00:46:46,2024-09-01 00:47:36,2024-09-01 00:49:06,2024-09-01 00:53:35,41,42,0.58,269,8.56,0.0,0.21,0.67,0.0,0.0,0.0,5.62,N,N,N,N,Y
HV0003,B03404,B03404,2024-09-01 00:51:11,2024-09-01 00:52:36,2024-09-01 00:54:41,2024-09-01 01:06:45,41,75,2.09,724,13.34,0.0,0.36,1.18,0.0,0.0,0.0,10.72,N,N,N,N,Y
HV0005,B03406,,2024-09-01 00:05:21,,2024-09-01 00:10:56,2024-09-01 00:31:45,91,177,3.409,1249,22.56,0.0,0.62,2.0,0.0,0.0,0.0,16.84,N,N,N,N,N
HV0005,B03406,,2024-09-01 00:30:46,,2024-09-01 00:34:36,2024-09-01 00:49:43,61,76,3.04,907,17.64,0.0,0.49,1.57,0.0,0.0,0.0,12.99,N,N,N,N,N
HV0003,B03404,B03404,2024-09-01 00:07:13,2024-09-01 00:37:01,2024-09-01 00:38:24,2024-09-01 01:11:31,132,155,10.35,1987,39.54,0.0,1.16,3.74,0.0,2.5,0.0,38.54,N,N,N,N,N
HV0003,B03404,B03404,2024-09-01 00:19:25,2024-09-01 00:25:14,2024-09-01 00:25:30,2024-09-01 00:34:57,144,79,1.23,567,12.73,0.0,0.35,1.13,2.75,0.0,0.0,7.18,N,N,N,N,N
HV0003,B03404,B03404,2024-09-01 00:42:18,2024-09-01 00:45:38,2024-09-01 00:47:02,2024-09-01 01:03:35,4,158,2.36,993,19.91,0.0,0.54,1.76,2.75,0.0,0.0,12.86,N,N,N,N,N
HV0005,B03406,,2024-09-01 00:13:06,,2024-09-01 00:38:39,2024-09-01 00:44:07,132,216,1.13,328,11.85,0.0,0.19,0.6,0.0,2.5,5.0,7.07,N,N,N,N,N
HV0005,B03406,,2024-09-01 00:41:01,,2024-09-01 00:55:16,2024-09-01 01:07:28,132,28,4.811,732,17.27,0.0,0.47,1.75,0.0,2.5,0.0,13.71,N,N,N,N,N
HV0003,B03404,B03404,2024-09-01 00:13:02,2024-09-01 00:19:21,2024-09-01 00:19:26,2024-09-01 00:26:57,108,55,1.65,451,8.34,0.0,0.23,0.74,0.0,0.0,0.0,6.62,N,N,N,N,N
HV0003,B03404,B03404,2024-08-31 23:59:51,2024-09-01 00:03:00,2024-09-01 00:05:01,2024-09-01 00:27:26,49,224,6.98,1345,22.11,0.0,0.61,1.96,2.75,0.0,10.0,26.77,N,N,N,N,N
HV0003,B03404,B03404,2024-09-01 00:24:21,2024-09-01 00:28:00,2024-09-01 00:28:41,2024-09-01 00:33:33,224,137,0.9,292,7.9,0.0,0.22,0.7,2.75,0.0,0.0,9.6,N,N,N,N,N
HV0003,B03404,B03404,2024-09-01 00:46:31,2024-09-01 00:49:44,2024-09-01 00:49:55,2024-09-01 01:00:06,224,90,1.85,611,14.45,0.0,0.42,1.36,2.75,0.0,0.0,12.65,N,N,N,N,N
HV0005,B03406,,2024-09-01 00:17:31,,2024-09-01 00:22:29,2024-09-01 00:42:55,79,7,5.597,1226,24.29,0.0,0.66,2.14,2.75,0.0,0.0,19.6,N,N,N,N,N
HV0003,B03404,B03404,2024-09-01 00:31:58,2024-09-01 00:35:50,2024-09-01 00:40:51,2024-09-01 01:37:58,80,265,12.18,3427,147.54,26.94,4.32,0.0,0.0,0.0,27.59,95.68,N,N,N,N,N
HV0003,B03404,B03404,2024-09-01 00:01:22,2024-09-01 00:09:01,2024-09-01 00:09:20,2024-09-01 00:20:33,113,137,2.01,673,13.51,0.0,0.36,1.17,2.75,0.0,0.0,9.27,N,N,N,N,N
HV0003,B03404,B03404,2024-09-01 00:23:29,2024-09-01 00:28:53,2024-09-01 00:29:01,2024-09-01 00:40:24,137,263,3.57,683,19.0,0.0,0.53,1.69,2.75,0.0,0.0,11.49,N,N,N,N,N
HV0003,B03404,B03404,2024-09-01 00:47:03,2024-09-01 00:49:05,2024-09-01 00:49:09,2024-09-01 01:30:25,162,227,13.25,2476,24.7,6.94,0.73,2.84,0.75,0.0,0.0,35.52,Y,Y,N,N,N
HV0003,B03404,B03404,2024-09-01 00:07:44,2024-09-01 00:10:22,2024-09-01 00:11:06,2024-09-01 00:46:47,43,181,11.04,2141,40.57,0.0,1.19,3.83,2.75,0.0,0.0,36.35,N,N,N,N,N
HV0003,B03404,B03404,2024-09-01 00:40:48,2024-09-01 00:48:14,2024-09-01 00:49:00,2024-09-01 01:01:13,189,62,1.48,733,24.38,0.0,0.71,2.3,0.0,0.0,0.0,11.88,N,N,N,N,N
HV0005,B03406,,2024-09-01 00:49:14,,2024-09-01 00:51:57,2024-09-01 01:04:04,37,198,1.99,727,20.8,0.0,0.51,1.64,0.0,0.0,0.0,9.8,N,N,N,N,N
HV0003,B03404,B03404,2024-09-01 00:32:05,2024-09-01 00:35:03,2024-09-01 00:35:13,2024-09-01 01:04:25,230,265,15.48,1752,203.52,23.18,1.48,0.0,0.0,0.0,0.0,45.01,N,N,N,N,N
HV0005,B03406,,2024-09-01 00:13:51,,2024-09-01 00:16:58,2024-09-01 00:31:29,234,48,2.646,871,19.01,0.0,0.46,1.49,2.75,0.0,0.0,12.1,N,N,N,N,N
HV0003,B03404,B03404,2024-09-01 00:06:03,2024-09-01 00:12:47,2024-09-01 00:14:34,2024-09-01 00:29:34,35,196,5.83,900,20.55,0.0,0.57,1.82,0.0,0.0,0.0,16.68,N,N,N,N,N
HV0003,B03404,B03404,2024-09-01 00:29:41,2024-09-01 00:32:03,2024-09-01 00:32:26,2024-09-01 00:39:49,160,102,1.87,443,12.49,0.0,0.34,1.11,0.0,0.0,0.0,6.84,N,N,N,N,N
HV0003,B03404,B03404,2024-09-01 00:13:07,2024-09-01 00:16:56,2024-09-01 00:17:59,2024-09-01 00:49:41,41,36,11.61,1902,40.28,6.94,1.09,4.18,0.0,0.0,0.0,34.27,N,N,N,N,N
HV0005,B03406,,2024-08-31 23:51:18,,2024-09-01 00:08:41,2024-09-01 00:53:24,71,130,10.589,2683,88.36,0.0,2.43,7.84,0.0,0.0,5.0,81.92,N,N,N,N,N
HV0005,B03406,,2024-09-01 00:51:49,,2024-09-01 00:56:22,2024-09-01 01:09:51,130,205,2.792,809,17.93,0.0,0.49,1.59,0.0,0.0,3.0,11.7,N,N,N,N,N
HV0003,B03404,B03404,2024-08-31 23:58:26,2024-09-01 00:10:06,2024-09-01 00:11:04,2024-09-01 00:36:01,37,91,5.32,1497,24.85,0.0,0.73,2.34,0.0,0.0,0.0,23.29,Y,N,N,N,N
HV0003,B03404,B03404,2024-09-01 00:39:56,2024-09-01 00:45:32,2024-09-01 00:45:55,2024-09-01 00:59:22,91,188,2.48,807,13.35,0.0,0.39,1.25,0.0,0.0,0.0,11.21,N,N,N,N,N
HV0003,B03404,B03404,2024-09-01 00:00:22,2024-09-01 00:06:04,2024-09-01 00:07:06,2024-09-01 00:38:59,36,42,11.17,1913,41.55,6.94,1.14,4.3,0.0,0.0,0.0,33.78,N,N,N,N,N
HV0003,B03404,B03404,2024-08-31 23:58:35,2024-09-01 00:01:34,2024-09-01 00:02:22,2024-09-01 00:22:27,248,265,12.6,1205,29.63,0.0,0.81,2.63,0.0,0.0,0.0,30.73,N,N,N,N,N
HV0003,B03404,B03404,2024-09-01 00:43:47,2024-09-01 00:46:26,2024-09-01 00:48:24,2024-09-01 01:04:48,74,213,7.1,984,23.33,0.0,0.64,2.07,0.0,0.0,0.0,21.22,N,N,N,N,N
HV0003,B03404,B03404,2024-09-01 00:07:08,2024-09-01 00:09:15,2024-09-01 00:09:40,2024-09-01 00:22:13,13,249,2.04,753,16.23,0.0,0.44,1.44,2.75,0.0,0.0,10.27,N,N,N,N,N
HV0003,B03404,B03404,2024-09-01 00:14:53,2024-09-01 00:22:14,2024-09-01 00:23:16,2024-09-01 00:38:18,249,230,2.77,902,16.0,0.0,0.44,1.42,2.75,0.0,0.0,12.53,N,N,N,N,N
HV0003,B03404,B03404,2024-09-01 00:42:00,2024-09-01 00:45:11,2024-09-01 00:46:03,2024-09-01 00:55:31,163,186,2.01,568,17.51,0.0,0.48,1.55,2.75,0.0,2.71,8.25,N,N,N,N,N
HV0003,B03404,B03404,2024-09-01 00:45:36,2024-09-01 00:58:19,2024-09-01 00:58:19,2024-09-01 01:15:21,186,79,2.83,1022,14.57,0.0,0.4,1.29,0.75,0.0,0.0,9.72,Y,Y,N,N,N
HV0003,B03404,B03404,2024-08-31 23:55:19,2024-09-01 00:00:27,2024-09-01 00:00:44,2024-09-01 00:15:41,100,230,1.37,897,16.26,0.0,0.44,1.45,2.75,0.0,0.0,10.8,N,N,N,N,N
HV0003,B03404,B03404,2024-09-01 00:23:30,2024-09-01 00:25:07,2024-09-01 00:26:48,2024-09-01 00:41:29,230,186,1.79,881,19.84,0.0,0.54,1.76,2.75,0.0,2.48,10.99,N,N,N,N,N
HV0003,B03404,B03404,2024-09-01 00:44:36,2024-09-01 00:47:15,2024-09-01 00:47:47,2024-09-01 01:09:36,234,265,6.97,1309,35.14,20.0,0.96,0.0,0.0,0.0,0.0,24.46,N,N,N,N,N
HV0003,B03404,B03404,2024-08-31 23:39:40,2024-09-01 00:07:26,2024-09-01 00:10:19,2024-09-01 00:36:43,93,68,12.08,1584,59.86,6.94,1.75,6.26,2.75,0.0,0.0,51.71,N,N,N,N,N
HV0003,B03404,B03404,2024-08-31 23:54:37,2024-08-31 23:59:54,2024-09-01 00:00:32,2024-09-01 00:06:30,200,200,1.23,358,7.98,0.0,0.22,0.71,0.0,0.0,3.0,5.39,N,N,N,N,N
HV0003,B03404,B03404,2024-09-01 00:11:14,2024-09-01 00:17:18,2024-09-01 00:19:17,2024-09-01 00:38:14,200,265,10.3,1137,43.04,0.0,1.19,3.82,0.0,0.0,0.0,28.16,N,N,N,N,N
HV0003,B03404,B03404,2024-09-01 00:43:23,2024-09-01 00:46:59,2024-09-01 00:47:22,2024-09-01 00:56:13,51,208,2.56,531,11.78,0.0,0.34,1.11,0.0,0.0,0.0,8.64,N,N,N,N,N
HV0003,B03404,B03404,2024-09-01 00:54:59,2024-09-01 00:58:07,2024-09-01 00:59:12,2024-09-01 01:15:25,183,192,8.64,973,22.76,6.94,0.62,2.63,0.0,0.0,0.0,22.21,N,N,N,N,N
HV0003,B03404,B03404,2024-09-01 00:14:41,2024-09-01 00:19:10,2024-09-01 00:19:48,2024-09-01 00:32:29,139,215,4.14,761,19.38,0.0,0.57,1.83,0.0,0.0,0.0,13.02,N,N,N,N,N
HV0003,B03404,B03404,2024-09-01 00:33:56,2024-09-01 00:35:54,2024-09-01 00:36:38,2024-09-01 00:41:22,130,215,0.97,284,8.91,0.0,0.24,0.8,0.0,0.0,0.0,5.39,N,N,N,N,N
HV0003,B03404,B03404,2024-09-01 00:42:48,2024-09-01 00:47:10,2024-09-01 00:47:29,2024-09-01 00:53:52,215,130,1.35,383,7.59,0.0,0.21,0.68,0.0,0.0,0.0,5.56,Y,N,N,N,N
HV0003,B03404,B03404,2024-09-01 00:14:33,2024-09-01 00:16:12,2024-09-01 00:18:12,2024-09-01 00:37:27,127,137,10.03,1155,28.22,0.0,0.83,2.65,2.75,0.0,0.0,26.86,N,N,N,N,N
HV0005,B03406,,2024-09-01 00:12:05,,2024-09-01 00:21:16,2024-09-01 00:40:36,135,225,8.223,1160,30.58,0.0,0.76,2.45,0.0,0.0,0.0,25.79,N,N,N,N,N
HV0005,B03406,,2024-09-01 00:40:42,,2024-09-01 00:48:38,2024-09-01 01:00:51,225,80,2.344,733,18.03,0.0,0.44,1.42,0.0,0.0,0.0,10.35,N,N,N,N,N
HV0003,B03404,B03404,2024-09-01 00:03:40,2024-09-01 00:14:35,2024-09-01 00:16:35,2024-09-01 00:42:23,68,265,4.28,1548,36.05,20.0,0.99,0.0,0.0,0.0,0.0,24.88,N,N,N,N,N
HV0003,B03404,B03404,2024-09-01 00:55:28,2024-09-01 00:57:47,2024-09-01 00:59:48,2024-09-01 01:09:20,100,246,1.37,572,18.59,0.0,0.54,1.76,2.75,0.0,0.0,10.1,N,N,N,N,N
HV0003,B03404,B03404,2024-08-31 23:57:13,2024-09-01 00:02:00,2024-09-01 00:03:18,2024-09-01 00:08:27,114,144,0.87,309,13.23,0.0,0.36,1.17,2.75,0.0,0.0,6.8,N,N,N,N,N
HV0003,B03404,B03404,2024-09-01 00:10:25,2024-09-01 00:13:08,2024-09-01 00:14:49,2024-09-01 00:27:39,144,25,3.02,770,17.24,0.0,0.47,1.53,2.75,0.0,0.0,11.59,N,N,N,N,N
HV0003,B03404,B03404,2024-09-01 00:25:56,2024-09-01 00:32:24,2024-09-01 00:33:16,2024-09-01 00:52:29,25,34,2.0,1153,18.12,0.0,0.5,1.61,0.0,0.0,0.0,14.25,N,N,N,N,N
HV0003,B03404,B03404,2024-09-01 00:36:00,2024-09-01 00:39:04,2024-09-01 00:40:07,2024-09-01 00:55:47,141,68,3.22,940,20.79,0.0,0.58,1.85,2.75,0.0,5.0,13.52,N,N,N,N,N
HV0003,B03404,B03404,2024-09-01 00:54:37,2024-09-01 00:56:16,2024-09-01 00:57:18,2024-09-01 01:20:51,68,145,4.51,1413,23.48,0.0,0.65,2.08,2.75,0.0,0.0,19.86,N,N,N,N,N
HV0003,B03404,B03404,2024-09-01 00:03:22,2024-09-01 00:08:31,2024-09-01 00:08:40,2024-09-01 00:37:36,80,197,8.79,1736,38.48,0.0,1.05,3.42,0.0,0.0,0.0,30.32,N,N,N,N,N
HV0003,B03404,B03404,2024-09-01 00:33:37,2024-09-01 00:38:59,2024-09-01 00:39:41,2024-09-01 00:43:38,197,258,0.86,237,8.39,0.0,0.23,0.74,0.0,0.0,0.0,5.39,N,N,N,N,N
HV0003,B03404,B03404,2024-09-01 00:41:36,2024-09-01 00:45:39,2024-09-01 00:47:20,2024-09-01 00:56:41,258,160,1.92,561,13.71,0.0,0.37,1.22,0.0,0.0,1.0,8.06,N,N,N,N,N
HV0003,B03404,B03404,2024-09-01 00:17:38,2024-09-01 00:19:40,2024-09-01 00:19:53,2024-09-01 00:50:26,170,265,18.19,1833,53.05,0.0,1.46,4.71,2.75,0.0,0.0,46.3,N,N,N,N,N
HV0003,B03404,B03404,2024-09-01 00:07:49,2024-09-01 00:12:14,2024-09-01 00:13:03,2024-09-01 00:19:55,10,216,1.62,412,12.49,0.0,0.34,1.11,0.0,0.0,0.0,6.21,N,N,N,N,N
HV0003,B03404,B03404,2024-09-01 00:19:52,2024-09-01 00:23:26,2024-09-01 00:23:26,2024-09-01 00:27:05,216,216,0.92,219,8.6,0.0,0.23,0.77,0.0,0.0,0.0,5.39,N,N,N,N,N
HV0003,B03404,B03404,2024-09-01 00:27:01,2024-09-01 00:31:30,2024-09-01 00:32:28,2024-09-01 00:54:59,216,122,9.15,1351,28.27,0.0,0.82,2.67,0.0,0.0,0.0,25.57,N,N,N,N,N
HV0005,B03406,,2024-09-01 00:09:11,,2024-09-01 00:13:26,2024-09-01 00:25:30,69,159,2.348,724,16.19,0.0,0.4,1.28,0.0,0.0,2.68,10.26,N,N,N,N,N
HV0005,B03406,,2024-09-01 00:32:27,,2024-09-01 00:35:21,2024-09-01 00:44:06,159,167,1.65,525,13.67,0.0,0.25,0.82,0.0,0.0,0.0,7.37,N,N,N,N,N
HV0005,B03406,,2024-09-01 00:49:26,,2024-09-01 00:53:40,2024-09-01 01:03:11,47,247,1.519,571,11.77,0.0,0.29,0.93,0.0,0.0,2.0,7.63,N,N,N,N,N
HV0003,B03404,B03404,2024-09-01 00:05:30,2024-09-01 00:10:54,2024-09-01 00:11:18,2024-09-01 00:30:17,41,126,4.74,1139,23.28,6.94,0.64,2.68,0.0,0.0,0.0,17.52,N,N,N,N,N
HV0003,B03404,B03404,2024-09-01 00:31:22,2024-09-01 00:33:18,2024-09-01 00:34:05,2024-09-01 01:05:16,147,265,15.94,1871,58.56,20.0,1.61,0.0,0.0,0.0,0.0,43.61,N,N,N,N,N
HV0003,B03404,B03404,2024-09-01 00:18:48,2024-09-01 00:19:38,2024-09-01 00:21:39,2024-09-01 00:41:45,78,247,3.05,1206,16.8,0.0,0.46,1.51,0.0,0.0,0.0,15.87,N,N,N,N,N
HV0003,B03404,B03404,2024-09-01 00:05:04,2024-09-01 00:06:02,2024-09-01 00:06:47,2024-09-01 00:19:22,68,144,2.56,755,41.68,0.0,0.59,1.92,2.75,0.0,0.0,12.24,N,N,N,N,N
HV0003,B03404,B03404,2024-09-01 00:17:05,2024-09-01 00:22:54,2024-09-01 00:23:27,2024-09-01 00:35:22,144,246,2.51,715,17.86,0.0,0.52,1.68,2.75,0.0,0.0,10.79,N,N,N,N,N
HV0003,B03404,B03404,2024-09-01 00:34:38,2024-09-01 00:36:38,2024-09-01 00:36:45,2024-09-01 01:05:59,246,116,9.47,1754,30.45,0.0,0.9,2.86,2.75,0.0,5.83,30.35,N,N,N,N,N
HV0003,B03404,B03404,2024-09-01 00:03:01,2024-09-01 00:06:39,2024-09-01 00:07:01,2024-09-01 00:23:44,226,82,2.27,1003,15.21,0.0,0.41,1.35,0.0,0.0,0.0,12.84,N,N,N,N,N
HV0003,B03404,B03404,2024-09-01 00:21:54,2024-09-01 00:28:07,2024-09-01 00:30:07,2024-09-01 00:53:50,82,255,5.84,1423,27.91,0.0,0.82,2.63,0.0,0.0,0.0,21.77,N,N,N,N,N
HV0003,B03404,B03404,2024-09-01 00:47:56,2024-09-01 00:57:11,2024-09-01 00:57:42,2024-09-01 01:23:27,255,37,3.65,1545,27.8,0.0,0.81,2.62,0.0,0.0,0.0,19.97,N,N,N,N,N
HV0003,B03404,B03404,2024-09-01 00:12:18,2024-09-01 00:22:59,2024-09-01 00:22:59,2024-09-01 00:47:38,80,234,6.75,1479,76.74,6.94,2.11,7.43,2.75,0.0,14.39,38.36,N,N,N,N,N
HV0005,B03406,,2024-09-01 00:46:40,,2024-09-01 00:51:36,2024-09-01 01:01:07,234,170,0.863,571,12.07,0.0,0.31,1.0,2.75,0.0,0.0,6.74,N,N,N,N,N
HV0003,B03404,B03404,2024-09-01 00:03:51,2024-09-01 00:09:26,2024-09-01 00:09:49,2024-09-01 00:27:24,77,177,2.8,1055,17.62,0.0,0.48,1.56,0.0,0.0,0.0,14.06,N,N,N,N,N
HV0003,B03404,B03404,2024-09-01 00:28:29,2024-09-01 00:33:34,2024-09-01 00:33:54,2024-09-01 00:45:37,177,37,2.3,703,13.43,0.0,0.37,1.19,0.0,0.0,0.0,9.96,N,N,N,N,N
HV0003,B03404,B03404,2024-09-01 00:42:59,2024-09-01 00:45:57,2024-09-01 00:45:57,2024-09-01 00:51:46,37,37,0.53,349,5.05,0.0,0.14,0.45,0.0,0.0,0.0,5.39,N,N,N,N,N
HV0003,B03404,B03404,2024-09-01 00:11:10,2024-09-01 00:12:57,2024-09-01 00:13:21,2024-09-01 00:18:15,61,189,0.97,294,8.0,0.0,0.22,0.71,0.0,0.0,1.0,5.4,N,N,N,N,N
HV0003,B03404,B03404,2024-09-01 00:15:26,2024-09-01 00:18:37,2024-09-01 00:19:04,2024-09-01 00:26:34,189,49,1.22,450,9.2,0.0,0.27,0.87,0.0,0.0,0.0,6.03,N,N,N,N,N
HV0003,B03404,B03404,2024-09-01 00:26:09,2024-09-01 00:28:29,2024-09-01 00:28:46,2024-09-01 00:45:17,49,25,2.66,991,16.13,0.0,0.44,1.43,0.0,0.0,0.0,13.25,N,N,N,N,N
HV0003,B03404,B03404,2024-09-01 00:38:10,2024-09-01 00:50:57,2024-09-01 00:52:21,2024-09-01 01:47:37,25,265,13.78,3316,61.66,20.0,1.78,0.0,0.0,0.0,0.0,55.09,N,N,N,N,N
HV0003,B03404,B03404,2024-08-31 23:58:13,2024-09-01 00:04:58,2024-09-01 00:05:08,2024-09-01 00:25:32,255,157,3.02,1224,22.37,0.0,0.61,1.99,0.0,0.0,0.0,17.25,N,N,N,N,N
HV0003,B03404,B03404,2024-09-01 00:19:40,2024-09-01 00:30:46,2024-09-01 00:31:51,2024-09-01 01:02:56,80,82,4.9,1865,36.47,0.0,1.07,3.44,0.0,0.0,0.0,29.06,N,N,N,N,N
HV0003,B03404,B03404,2024-09-01 00:18:19,2024-09-01 00:20:28,2024-09-01 00:22:31,2024-09-01 00:46:31,65,89,6.17,1440,27.32,0.0,0.75,2.42,0.0,0.0,10.0,22.57,N,N,N,N,N
HV0003,B03404,B03404,2024-09-01 00:47:37,2024-09-01 00:50:36,2024-09-01 00:51:03,2024-09-01 01:06:09,89,72,2.63,906,16.08,0.0,0.44,1.42,0.0,0.0,0.0,12.38,N,N,N,N,N
HV0003,B03404,B03404,2024-09-01 00:15:42,2024-09-01 00:17:13,2024-09-01 00:17:45,2024-09-01 00:46:53,48,37,7.68,1748,35.28,6.94,1.0,3.85,2.75,0.0,0.0,27.42,N,N,N,N,N
HV0003,B03404,B03404,2024-09-01 00:42:09,2024-09-01 00:53:21,2024-09-01 00:55:22,2024-09-01 01:01:59,80,157,0.77,397,20.34,0.0,0.56,1.8,0.0,0.0,0.0,10.3,N,N,N,N,N
HV0005,B03406,,2024-09-01 00:08:28,,2024-09-01 00:11:36,2024-09-01 00:32:01,158,229,3.639,1225,24.12,0.0,0.66,2.14,2.75,0.0,0.0,16.91,N,N,N,N,N
HV0005,B03406,,2024-09-01 00:42:14,,2024-09-01 00:47:10,2024-09-01 00:59:20,79,232,1.243,730,14.05,0.0,0.39,1.25,2.75,0.0,3.69,8.81,N,N,N,N,N
HV0005,B03406,,2024-09-01 00:11:05,,2024-09-01 00:19:59,2024-09-01 00:39:56,208,159,5.875,1197,20.49,0.14,0.5,1.63,0.0,0.0,0.0,21.98,N,N,N,N,Y
HV0003,B03404,B03404,2024-09-01 00:03:10,2024-09-01 00:04:38,2024-09-01 00:05:37,2024-09-01 00:18:46,148,249,1.88,789,30.75,0.0,0.9,2.9,2.75,0.0,0.0,17.36,N,N,N,N,N
HV0003,B03404,B03404,2024-09-01 00:34:59,2024-09-01 00:46:30,2024-09-01 00:51:01,2024-09-01 00:57:34,148,79,1.22,393,18.07,0.0,0.5,1.61,2.75,0.0,0.0,11.86,N,N,N,N,N
HV0003,B03404,B03404,2024-09-01 00:18:03,2024-09-01 00:25:22,2024-09-01 00:25:35,2024-09-01 00:53:54,80,48,7.05,1699,60.57,6.94,1.66,5.99,2.75,0.0,0.0,32.62,N,N,N,N,N
HV0003,B03404,B03404,2024-09-01 00:55:10,2024-09-01 00:57:42,2024-09-01 00:59:43,2024-09-01 01:29:16,246,49,7.22,1773,36.08,0.0,0.99,3.2,2.75,0.0,0.0,29.45,N,N,N,N,N
HV0005,B03406,,2024-09-01 00:07:34,,2024-09-01 00:26:30,2024-09-01 00:53:20,132,265,14.503,1610,53.42,0.0,1.47,4.96,0.0,2.5,0.0,38.33,N,N,N,N,N
HV0005,B03406,,2024-09-01 00:38:44,,2024-09-01 00:45:01,2024-09-01 01:19:18,132,117,10.678,2057,36.56,3.76,1.11,3.8,0.0,2.5,0.0,38.79,N,N,N,N,Y
HV0003,B03404,B03404,2024-09-01 00:46:08,2024-09-01 00:46:21,2024-09-01 00:47:06,2024-09-01 00:55:49,211,158,1.49,523,25.89,0.0,0.71,2.3,2.75,0.0,0.0,13.77,N,N,N,N,N
HV0003,B03404,B03404,2024-09-01 00:21:50,2024-09-01 00:24:22,2024-09-01 00:25:13,2024-09-01 00:32:30,147,168,1.79,437,7.94,0.0,0.23,0.75,0.0,0.0,0.0,6.67,N,N,N,N,N
HV0003,B03404,B03404,2024-09-01 00:37:06,2024-09-01 00:40:06,2024-09-01 00:41:55,2024-09-01 01:26:36,159,265,28.39,2681,92.92,27.06,2.56,0.0,0.0,0.0,0.0,68.41,N,N,N,N,N
HV0003,B03404,B03404,2024-09-01 00:02:08,2024-09-01 00:04:54,2024-09-01 00:05:18,2024-09-01 00:31:23,54,49,3.83,1565,24.17,0.0,0.67,2.14,0.0,0.0,4.04,20.41,N,N,N,N,N
HV0003,B03404,B03404,2024-09-01 00:28:19,2024-09-01 00:31:30,2024-09-01 00:32:42,2024-09-01 00:44:06,49,80,2.36,684,10.37,0.0,0.28,0.92,0.0,0.0,0.0,9.86,N,N,N,N,N
HV0003,B03404,B03404,2024-09-01 00:42:41,2024-09-01 00:47:22,2024-09-01 00:48:26,2024-09-01 00:52:29,80,80,0.53,243,14.25,0.0,0.39,1.26,0.0,0.0,0.0,6.64,N,N,N,N,N
HV0003,B03404,B03404,2024-09-01 00:49:02,2024-09-01 00:51:50,2024-09-01 00:52:40,2024-09-01 01:02:07,80,157,1.79,567,10.37,0.0,0.28,0.92,0.0,0.0,0.0,7.94,N,N,N,N,N
HV0003,B03404,B03404,2024-09-01 00:03:50,2024-09-01 00:08:37,2024-09-01 00:08:53,2024-09-01 00:35:06,36,79,5.23,1573,35.99,0.0,0.99,3.19,2.75,0.0,8.58,24.15,N,N,N,N,N
HV0003,B03404,B03404,2024-09-01 00:37:48,2024-09-01 00:38:57,2024-09-01 00:39:12,2024-09-01 00:46:24,113,79,0.99,432,8.57,0.0,0.25,0.81,2.75,0.0,0.0,5.55,N,N,N,N,N
HV0003,B03404,B03404,2024-09-01 00:43:38,2024-09-01 00:48:17,2024-09-01 00:48:48,2024-09-01 01:02:55,79,229,2.73,847,14.54,0.0,0.4,1.29,2.75,0.0,0.0,11.94,N,N,N,N,N
HV0005,B03406,,2024-09-01 00:20:48,,2024-09-01 00:22:36,2024-09-01 00:29:14,116,74,2.097,398,9.62,0.0,0.26,0.85,0.0,0.0,0.0,6.74,N,N,N,N,N
HV0005,B03406,,2024-09-01 00:04:32,,2024-09-01 00:13:54,2024-09-01 00:34:05,61,97,3.635,1211,26.1,0.0,0.64,2.06,0.0,0.0,0.0,17.56,N,N,N,N,N
HV0005,B03406,,2024-09-01 00:31:11,,2024-09-01 00:52:44,2024-09-01 01:27:20,181,89,8.055,2076,62.49,0.0,1.79,5.77,0.0,2.5,0.0,34.24,N,N,N,N,N
HV0005,B03406,,2024-09-01 00:17:55,,2024-09-01 00:24:49,2024-09-01 00:37:09,138,7,4.576,740,23.06,0.0,0.63,2.05,0.0,0.0,0.0,17.96,N,N,N,N,Y
HV0005,B03406,,2024-09-01 00:40:44,,2024-09-01 00:42:52,2024-09-01 00:51:01,7,226,1.754,489,11.57,0.0,0.28,0.91,0.0,0.0,0.0,7.84,N,N,N,N,Y
HV0003,B03404,B03404,2024-08-31 23:54:24,2024-09-01 00:03:13,2024-09-01 00:03:19,2024-09-01 00:26:07,138,229,7.09,1368,37.26,0.0,1.16,3.74,2.75,2.5,0.0,22.93,N,N,N,N,N
HV0005,B03406,,2024-09-01 00:07:59,,2024-09-01 00:11:22,2024-09-01 00:26:20,244,94,4.277,898,18.8,0.0,0.52,1.67,0.0,0.0,0.0,14.59,N,N,N,N,N
HV0005,B03406,,2024-09-01 00:28:38,,2024-09-01 00:30:43,2024-09-01 01:05:59,169,234,11.555,2116,37.84,0.0,1.04,3.36,2.75,0.0,0.0,36.4,N,N,N,N,N
HV0003,B03404,B03404,2024-09-01 00:00:50,2024-09-01 00:50:08,2024-09-01 00:50:54,2024-09-01 01:29:33,93,265,13.44,2319,145.58,26.94,4.0,0.0,0.0,0.0,35.3,72.74,N,N,N,N,N
HV0003,B03404,B03404,2024-08-31 23:59:50,2024-09-01 00:04:27,2024-09-01 00:06:30,2024-09-01 00:38:55,225,256,6.15,1945,40.6,0.0,1.12,3.59,0.0,0.0,0.0,27.34,N,N,N,N,N
HV0003,B03404,B03404,2024-09-01 00:35:15,2024-09-01 00:41:27,2024-09-01 00:43:41,2024-09-01 01:08:46,256,42,11.33,1505,35.61,6.94,1.02,3.98,0.0,0.0,0.0,31.54,N,N,N,N,N
HV0005,B03406,,2024-09-01 00:05:51,,2024-09-01 00:18:23,2024-09-01 00:44:56,80,65,4.704,1593,33.99,0.0,0.94,3.02,0.0,0.0,4.05,21.95,N,N,N,N,N
HV0005,B03406,,2024-09-01 00:54:29,,2024-09-01 00:57:47,2024-09-01 01:10:40,65,97,1.018,773,10.05,0.0,0.28,0.89,0.0,0.0,0.0,12.42,N,N,N,N,N
HV0003,B03404,B03404,2024-09-01 00:10:56,2024-09-01 00:14:35,2024-09-01 00:14:39,2024-09-01 00:22:02,144,125,1.26,443,21.8,0.0,0.6,1.95,2.75,0.0,0.0,12.46,N,N,N,N,N
HV0005,B03406,,2024-09-01 00:36:04,,2024-09-01 00:41:20,2024-09-01 00:58:17,114,255,4.263,1017,31.83,0.0,0.88,2.82,2.75,0.0,0.0,24.65,N,N,N,N,N
HV0005,B03406,,2024-09-01 00:19:42,,2024-09-01 00:31:23,2024-09-01 00:45:22,255,145,3.058,839,28.78,0.0,0.79,2.56,0.0,0.0,0.0,15.61,N,N,N,N,N
HV0005,B03406,,2024-09-01 00:52:33,,2024-09-01 00:58:38,2024-09-01 01:28:57,112,48,6.407,1819,29.8,1.62,0.84,2.7,2.75,0.0,0.0,26.48,N,N,N,N,N
HV0005,B03406,,2024-09-01 00:28:12,,2024-09-01 00:35:06,2024-09-01 00:50:34,144,48,2.914,928,19.66,0.0,0.54,1.74,2.75,0.0,0.0,13.02,N,N,N,N,N
HV0005,B03406,,2024-09-01 00:50:24,,2024-09-01 00:53:32,2024-09-01 01:07:20,48,265,3.415,828,14.92,20.02,0.96,0.0,0.0,0.0,0.0,13.59,N,N,N,N,N
HV0003,B03404,B03404,2024-08-31 23:57:53,2024-09-01 00:01:30,2024-09-01 00:01:58,2024-09-01 00:29:58,186,7,9.42,1680,39.42,6.94,1.09,4.1,2.75,0.0,0.0,29.13,N,N,N,N,N
HV0003,B03404,B03404,2024-09-01 00:33:40,2024-09-01 00:36:23,2024-09-01 00:37:50,2024-09-01 00:50:08,75,230,4.3,738,25.27,0.0,0.7,2.24,2.75,0.0,6.19,13.02,N,N,N,N,N
HV0003,B03404,B03404,2024-09-01 00:47:26,2024-09-01 00:53:23,2024-09-01 00:55:25,2024-09-01 01:29:27,230,81,17.51,2042,46.03,0.0,1.27,4.08,2.75,0.0,0.0,43.67,N,N,N,N,N
HV0003,B03404,B03404,2024-09-01 00:48:26,2024-09-01 00:51:45,2024-09-01 00:52:08,2024-09-01 01:02:07,260,56,2.08,599,12.82,0.0,0.35,1.14,0.0,0.0,0.0,8.65,N,N,N,N,N
HV0005,B03406,,2024-09-01 00:22:59,,2024-09-01 00:26:31,2024-09-01 00:31:57,42,42,0.895,326,8.2,0.0,0.18,0.57,0.0,0.0,0.0,5.47,N,N,N,N,N
HV0005,B03406,,2024-09-01 00:32:24,,2024-09-01 00:34:00,2024-09-01 00:51:16,42,185,7.41,1036,26.9,0.36,0.61,1.97,0.0,0.0,0.0,20.22,N,N,N,N,N
HV0003,B03404,B03404,2024-09-01 00:25:59,2024-09-01 00:28:08,2024-09-01 00:29:03,2024-09-01 00:34:21,47,247,0.86,318,7.88,0.0,0.22,0.69,0.0,0.0,0.0,5.39,N,N,N,N,N
HV0003,B03404,B03404,2024-09-01 00:41:59,2024-09-01 00:43:44,2024-09-01 00:44:37,2024-09-01 00:58:56,244,167,3.43,859,12.87,0.0,0.35,1.14,0.0,0.0,0.0,13.01,N,N,N,N,N
HV0003,B03404,B03404,2024-09-01 00:03:47,2024-09-01 00:08:25,2024-09-01 00:08:34,2024-09-01 00:14:53,177,35,0.99,379,8.14,0.0,0.22,0.73,0.0,0.0,0.0,5.39,N,N,N,N,N
HV0003,B03404,B03404,2024-09-01 00:13:34,2024-09-01 00:20:01,2024-09-01 00:21:12,2024-09-01 01:02:20,177,55,12.0,2468,33.7,0.0,0.99,3.18,0.0,0.0,0.0,40.3,N,N,N,N,N
HV0003,B03404,B03404,2024-09-01 00:22:01,2024-09-01 00:23:39,2024-09-01 00:25:39,2024-09-01 00:36:01,208,208,1.87,622,8.23,0.0,0.22,0.73,0.0,0.0,0.0,8.58,N,N,N,N,N
HV0003,B03404,B03404,2024-09-01 00:14:10,2024-09-01 00:17:13,2024-09-01 00:17:57,2024-09-01 00:41:57,72,55,9.27,1440,22.12,0.0,0.6,1.95,0.0,0.0,0.0,26.6,N,N,N,N,N
HV0003,B03404,B03404,2024-09-01 00:33:33,2024-09-01 00:44:05,2024-09-01 00:45:53,2024-09-01 01:10:53,55,66,12.52,1500,42.65,0.0,1.18,3.81,0.0,0.0,0.0,33.6,N,N,N,N,N
HV0003,B03404,B03404,2024-09-01 00:40:23,2024-09-01 00:41:22,2024-09-01 00:41:50,2024-09-01 01:00:04,170,255,6.41,1094,26.69,6.94,0.73,2.98,2.75,0.0,0.0,19.35,N,N,N,N,N
HV0003,B03404,B03404,2024-09-01 00:02:57,2024-09-01 00:04:11,2024-09-01 00:04:48,2024-09-01 00:14:57,37,157,1.62,609,16.06,0.0,0.44,1.43,0.0,0.0,0.0,8.35,N,N,N,N,N
HV0003,B03404,B03404,2024-09-01 00:11:27,2024-09-01 00:22:08,2024-09-01 00:22:08,2024-09-01 00:41:23,80,137,6.11,1155,60.36,6.94,1.77,6.31,2.75,0.0,0.0,32.31,N,N,N,N,N
HV0003,B03404,B03404,2024-09-01 00:53:44,2024-09-01 00:58:54,2024-09-01 00:59:45,2024-09-01 01:21:14,79,82,7.84,1289,28.9,0.0,0.79,2.56,2.75,0.0,0.0,23.41,N,N,N,N,N
HV0003,B03404,B03404,2024-09-01 00:18:46,2024-09-01 00:19:34,2024-09-01 00:24:36,2024-09-01 00:42:01,161,112,4.1,1045,55.03,6.94,1.52,5.5,2.75,0.0,0.0,36.4,N,N,N,N,N
HV0003,B03404,B03404,2024-09-01 00:52:29,2024-09-01 00:57:33,2024-09-01 00:59:17,2024-09-01 01:11:51,219,38,3.13,754,15.13,0.0,0.42,1.35,0.0,0.0,0.0,11.59,N,N,N,N,N
HV0003,B03404,B03404,2024-09-01 00:29:56,2024-09-01 00:43:39,2024-09-01 00:45:37,2024-09-01 01:02:28,27,30,5.32,1011,34.87,0.0,0.96,3.09,0.0,0.0,3.89,19.9,N,N,N,N,N
HV0003,B03404,B03404,2024-09-01 00:17:02,2024-09-01 00:19:23,2024-09-01 00:19:32,2024-09-01 00:44:21,25,210,14.94,1489,61.41,0.0,1.79,5.8,0.0,0.0,0.0,34.93,N,N,N,N,N
HV0003,B03404,B03404,2024-09-01 00:45:33,2024-09-01 00:52:35,2024-09-01 00:52:40,2024-09-01 01:03:28,150,55,2.03,648,11.75,0.0,0.34,1.11,0.0,0.0,0.0,9.2,N,N,N,N,N
HV0005,B03406,,2024-08-31 23:56:08,,2024-09-01 00:00:55,2024-09-01 00:28:53,197,265,10.415,1678,42.97,0.0,0.91,2.93,0.0,0.0,0.0,31.58,N,N,N,N,N
HV0005,B03406,,2024-09-01 00:35:14,,2024-09-01 00:43:12,2024-09-01 01:00:01,219,76,7.235,1009,25.5,0.0,0.56,1.82,0.0,0.0,0.0,19.72,N,N,N,N,N
HV0005,B03406,,2024-09-01 00:41:14,,2024-09-01 00:48:14,2024-09-01 00:55:24,148,79,0.919,430,10.3,0.0,0.28,0.91,2.75,0.0,0.0,5.8,N,N,N,N,Y
HV0003,B03404,B03404,2024-09-01 00:29:01,2024-09-01 00:31:32,2024-09-01 00:32:15,2024-09-01 01:07:37,132,25,17.94,2122,58.13,0.0,1.42,4.61,0.0,2.5,0.0,52.2,N,N,N,N,Y
HV0003,B03404,B03404,2024-09-01 00:18:40,2024-09-01 00:22:10,2024-09-01 00:22:31,2024-09-01 00:28:08,75,41,1.64,337,9.4,0.0,0.26,0.84,0.0,0.0,0.0,5.51,N,N,N,N,N
HV0003,B03404,B03404,2024-09-01 00:24:21,2024-09-01 00:28:50,2024-09-01 00:29:51,2024-09-01 00:56:55,41,28,13.35,1624,31.57,6.94,0.87,3.38,0.0,0.0,0.0,33.94,Y,N,N,N,N
HV0003,B03404,B03404,2024-08-31 23:48:35,2024-09-01 00:00:28,2024-09-01 00:01:12,2024-09-01 00:18:57,95,265,10.42,1065,31.35,0.0,0.86,2.79,0.0,0.0,5.25,26.4,N,N,N,N,N
HV0005,B03406,,2024-09-01 00:15:05,,2024-09-01 00:18:26,2024-09-01 00:34:45,139,215,3.457,979,19.59,0.0,0.54,1.74,0.0,0.0,0.0,14.26,N,N,N,N,N
HV0005,B03406,,2024-09-01 00:36:27,,2024-09-01 00:41:33,2024-09-01 00:57:09,215,216,2.727,936,19.45,0.0,0.42,1.36,0.0,0.0,0.0,12.85,N,N,N,N,N
HV0005,B03406,,2024-09-01 00:25:43,,2024-09-01 00:36:57,2024-09-01 00:55:35,112,36,3.5,1118,23.81,0.0,0.58,1.88,0.0,0.0,0.0,15.67,N,N,N,N,N
HV0005,B03406,,2024-09-01 00:54:54,,2024-09-01 00:58:43,2024-09-01 01:24:02,36,188,4.726,1519,27.77,0.0,0.76,2.46,0.0,0.0,0.0,21.26,N,N,N,N,N
HV0003,B03404,B03404,2024-09-01 00:08:12,2024-09-01 00:09:52,2024-09-01 00:11:52,2024-09-01 00:20:51,74,140,2.29,539,12.89,0.0,0.35,1.14,2.75,0.0,0.0,8.35,N,N,N,N,N
HV0003,B03404,B03404,2024-09-01 00:26:18,2024-09-01 00:27:24,2024-09-01 00:29:24,2024-09-01 00:56:43,263,265,18.29,1639,57.76,0.0,1.66,5.36,2.75,0.0,0.0,44.55,N,N,N,N,N
HV0003,B03404,B03404,2024-08-31 23:51:14,2024-09-01 00:00:20,2024-09-01 00:01:24,2024-09-01 00:14:05,255,34,1.57,761,13.68,0.0,0.37,1.22,0.0,0.0,0.0,9.77,N,N,N,N,N
HV0003,B03404,B03404,2024-09-01 00:16:12,2024-09-01 00:21:36,2024-09-01 00:22:36,2024-09-01 00:37:47,256,65,2.64,911,20.56,0.0,0.56,1.82,0.0,0.0,0.0,13.94,N,N,N,N,N
HV0003,B03404,B03404,2024-09-01 00:39:23,2024-09-01 00:46:40,2024-09-01 00:48:41,2024-09-01 01:41:47,97,39,9.33,3186,56.28,0.0,1.58,5.1,0.0,0.0,0.0,46.32,N,N,N,N,N
HV0005,B03406,,2024-09-01 00:42:19,,2024-09-01 00:47:52,2024-09-01 00:59:02,9,252,2.782,670,15.36,0.0,0.33,1.07,0.0,0.0,3.0,10.33,N,N,N,N,N
HV0003,B03404,B03404,2024-09-01 00:09:09,2024-09-01 00:11:49,2024-09-01 00:12:01,2024-09-01 00:24:33,79,158,2.01,752,17.89,0.0,0.52,1.69,2.75,0.0,0.0,10.03,N,N,N,N,N
HV0003,B03404,B03404,2024-09-01 00:28:03,2024-09-01 00:33:09,2024-09-01 00:35:11,2024-09-01 00:53:18,246,265,4.45,1087,32.98,20.0,0.97,0.0,0.0,0.0,0.0,18.5,N,N,N,N,N
HV0005,B03406,,2024-09-01 00:25:43,,2024-09-01 00:27:58,2024-09-01 01:00:02,234,225,5.718,1924,35.04,0.76,0.94,3.05,2.75,0.0,0.0,26.56,N,N,N,N,N
HV0003,B03404,B03404,2024-09-01 00:44:34,2024-09-01 00:57:15,2024-09-01 00:57:23,2024-09-01 01:13:18,97,256,2.88,955,23.15,0.0,0.63,2.06,0.0,0.0,0.0,15.2,N,N,N,N,N
HV0005,B03406,,2024-09-01 00:04:41,,2024-09-01 00:12:06,2024-09-01 00:29:32,42,60,4.764,1046,27.0,0.28,0.67,2.17,0.0,0.0,0.0,17.74,N,N,N,N,N
HV0005,B03406,,2024-09-01 00:28:20,,2024-09-01 00:31:56,2024-09-01 00:52:19,60,18,3.293,1223,20.5,0.0,0.56,1.82,0.0,0.0,0.0,16.42,N,N,N,N,N
HV0005,B03406,,2024-09-01 00:21:20,,2024-09-01 00:26:48,2024-09-01 00:35:37,48,164,1.731,529,11.08,0.0,0.3,0.98,2.75,0.0,0.0,7.52,N,N,N,N,N
HV0005,B03406,,2024-09-01 00:37:35,,2024-09-01 00:39:49,2024-09-01 01:07:03,164,265,6.799,1634,27.48,20.17,1.31,0.0,0.0,0.0,0.0,27.2,N,N,N,N,N
HV0003,B03404,B03404,2024-09-01 00:00:36,2024-09-01 00:10:39,2024-09-01 00:11:22,2024-09-01 00:30:40,255,37,2.85,1158,29.51,0.0,0.81,2.61,0.0,0.0,4.93,16.58,N,N,N,N,N
HV0003,B03404,B03404,2024-09-01 00:25:31,2024-09-01 00:30:43,2024-09-01 00:31:04,2024-09-01 00:39:50,37,198,1.78,526,14.31,0.0,0.39,1.27,0.0,0.0,0.0,9.53,N,N,N,N,N
HV0003,B03404,B03404,2024-09-01 00:38:59,2024-09-01 00:39:51,2024-09-01 00:41:08,2024-09-01 00:45:53,198,198,1.0,285,7.98,0.0,0.23,0.75,0.0,0.0,0.0,5.4,N,N,N,N,N
HV0003,B03404,B03404,2024-09-01 00:45:41,2024-09-01 00:49:39,2024-09-01 00:50:07,2024-09-01 01:14:54,198,97,4.19,1487,30.33,0.0,0.84,2.69,0.0,0.0,0.0,20.15,N,N,N,N,N
HV0003,B03404,B03404,2024-08-31 23:56:20,2024-09-01 00:00:13,2024-09-01 00:03:31,2024-09-01 00:10:07,66,65,0.82,396,11.73,0.0,0.32,1.04,0.0,0.0,3.0,7.52,N,N,N,N,N
HV0003,B03404,B03404,2024-09-01 00:12:50,2024-09-01 00:14:29,2024-09-01 00:14:39,2024-09-01 00:24:43,148,249,2.19,604,19.6,0.0,0.54,1.75,2.75,0.0,0.0,8.85,N,N,N,N,N
HV0003,B03404,B03404,2024-09-01 00:23:23,2024-09-01 00:28:25,2024-09-01 00:28:51,2024-09-01 00:37:21,249,79,1.26,510,10.26,0.0,0.3,0.97,2.75,0.0,0.0,6.67,N,N,N,N,N
HV0003,B03404,B03404,2024-09-01 00:42:26,2024-09-01 00:46:37,2024-09-01 00:47:39,2024-09-01 00:50:12,170,137,0.38,153,5.06,0.0,0.14,0.45,0.75,0.0,0.0,5.4,Y,N,N,N,N
HV0003,B03404,B03404,2024-09-01 00:52:02,2024-09-01 00:53:37,2024-09-01 00:54:09,2024-09-01 01:06:07,224,164,1.73,718,15.01,0.0,0.41,1.33,2.75,0.0,0.0,9.33,N,N,N,N,N
HV0003,B03404,B03404,2024-09-01 00:00:41,2024-09-01 00:01:46,2024-09-01 00:01:51,2024-09-01 00:20:29,148,157,4.9,1118,27.09,0.0,0.76,2.44,2.75,0.0,0.0,19.27,N,N,N,N,N
HV0003,B03404,B03404,2024-09-01 00:17:50,2024-09-01 00:24:52,2024-09-01 00:24:52,2024-09-01 00:50:02,80,48,7.34,1510,57.85,6.94,1.6,5.75,2.75,0.0,0.0,27.4,N,N,N,N,N
HV0003,B03404,B03404,2024-09-01 00:51:20,2024-09-01 00:54:58,2024-09-01 00:55:48,2024-09-01 00:58:56,100,164,0.42,188,10.02,0.0,0.27,0.89,2.75,0.0,0.0,5.38,N,N,N,N,N
HV0005,B03406,,2024-09-01 00:04:25,,2024-09-01 00:07:13,2024-09-01 00:20:46,65,195,2.729,813,13.32,0.0,0.37,1.18,0.0,0.0,0.0,11.65,N,N,N,N,N
HV0005,B03406,,2024-09-01 00:16:30,,2024-09-01 00:22:32,2024-09-01 00:30:54,195,181,1.271,502,9.9,0.0,0.18,0.59,0.0,0.0,5.0,6.63,N,N,N,N,N
HV0005,B03406,,2024-09-01 00:28:54,,2024-09-01 00:37:31,2024-09-01 00:54:31,181,89,2.953,1020,27.09,0.0,0.66,2.14,0.0,0.0,0.0,13.98,N,N,N,N,N
HV0003,B03404,B03404,2024-09-01 00:03:50,2024-09-01 00:06:31,2024-09-01 00:06:41,2024-09-01 00:29:08,181,35,4.24,1347,24.1,0.0,0.67,2.14,0.0,0.0,0.0,18.86,N,N,N,N,N
HV0003,B03404,B03404,2024-09-01 00:27:46,2024-09-01 00:33:45,2024-09-01 00:35:46,2024-09-01 00:54:29,35,89,2.85,1123,21.75,0.0,0.59,1.94,0.0,0.0,0.0,14.79,N,N,N,N,N
HV0003,B03404,B03404,2024-09-01 00:55:25,2024-09-01 00:57:05,2024-09-01 00:57:39,2024-09-01 01:27:09,89,198,6.85,1770,35.77,0.0,0.98,3.18,0.0,0.0,0.0,26.52,N,N,N,N,N
HV0003,B03404,B03404,2024-09-01 00:15:53,2024-09-01 00:19:53,2024-09-01 00:20:19,2024-09-01 00:28:10,229,161,1.13,471,36.6,0.0,1.0,3.25,2.75,0.0,8.72,19.56,N,N,N,N,N
HV0005,B03406,,2024-08-31 23:58:20,,2024-09-01 00:01:24,2024-09-01 00:19:20,247,41,3.918,1076,21.35,0.0,0.36,1.18,0.0,0.0,0.0,15.84,N,N,N,N,N
HV0005,B03406,,2024-09-01 00:45:23,,2024-09-01 00:49:56,2024-09-01 01:26:00,249,97,8.632,2164,41.6,0.0,1.08,3.49,2.75,0.0,0.0,32.88,N,N,N,N,N
HV0003,B03404,B03404,2024-09-01 00:16:20,2024-09-01 00:17:33,2024-09-01 00:19:34,2024-09-01 00:46:30,212,83,13.31,1616,45.88,6.94,1.26,4.69,0.0,0.0,0.0,33.8,N,N,N,N,N
HV0005,B03406,,2024-09-01 00:24:22,,2024-09-01 00:32:02,2024-09-01 00:44:28,93,10,6.124,746,39.14,0.0,1.08,3.47,0.0,0.0,1.31,19.14,N,N,N,N,N
HV0005,B03406,,2024-09-01 00:26:11,,2024-09-01 00:32:23,2024-09-01 00:42:11,61,177,1.368,588,8.95,0.0,0.25,0.79,0.0,0.0,0.0,7.6,N,N,N,N,N
HV0005,B03406,,2024-09-01 00:36:12,,2024-09-01 00:48:25,2024-09-01 01:06:43,76,95,8.41,1098,26.69,0.0,0.73,2.37,0.0,0.0,0.0,22.18,N,N,N,N,N
HV0003,B03404,B03404,2024-09-01 00:13:41,2024-09-01 00:14:56,2024-09-01 00:15:36,2024-09-01 00:20:37,136,127,1.02,301,8.03,0.0,0.22,0.72,0.0,0.0,0.0,5.4,N,N,N,N,N
HV0003,B03404,B03404,2024-09-01 00:24:31,2024-09-01 00:26:08,2024-09-01 00:28:09,2024-09-01 01:00:07,243,157,12.32,1918,38.15,6.94,1.12,4.22,0.0,0.0,0.0,35.4,N,N,N,N,N
HV0003,B03404,B03404,2024-09-01 00:28:51,2024-09-01 00:31:18,2024-09-01 00:31:40,2024-09-01 01:02:31,255,89,10.31,1851,50.14,0.0,1.38,4.44,0.0,0.0,5.59,34.01,N,N,N,N,N
HV0003,B03404,B03404,2024-08-31 23:59:58,2024-09-01 00:02:08,2024-09-01 00:04:09,2024-09-01 00:18:14,234,249,1.6,845,13.59,0.0,0.37,1.21,2.75,0.0,0.0,11.7,N,N,N,N,Y
HV0003,B03404,B03404,2024-09-01 00:11:54,2024-09-01 00:19:40,2024-09-01 00:20:54,2024-09-01 00:42:22,158,239,4.84,1288,30.59,0.0,0.84,2.71,2.75,0.0,0.0,21.7,N,N,N,N,Y
HV0003,B03404,B03404,2024-09-01 00:08:03,2024-09-01 00:09:17,2024-09-01 00:10:03,2024-09-01 00:25:45,249,33,3.0,942,32.12,0.0,0.78,2.51,2.75,0.0,6.89,21.33,N,N,N,N,N
HV0003,B03404,B03404,2024-09-01 00:32:35,2024-09-01 00:43:36,2024-09-01 00:43:36,2024-09-01 00:58:13,181,61,2.8,877,41.03,0.0,1.17,3.78,0.0,0.0,0.0,22.18,N,N,N,N,N
HV0005,B03406,,2024-09-01 00:24:40,,2024-09-01 00:27:24,2024-09-01 00:45:55,236,235,7.257,1111,23.82,0.0,0.65,2.1,2.75,0.0,0.0,20.74,N,N,N,N,N
HV0005,B03406,,2024-09-01 00:57:30,,2024-09-01 00:59:37,2024-09-01 01:26:38,119,230,9.418,1621,32.42,0.0,0.72,2.32,2.75,0.0,0.0,28.66,N,N,N,N,N
HV0003,B03404,B03404,2024-09-01 00:17:28,2024-09-01 00:20:19,2024-09-01 00:21:57,2024-09-01 00:38:21,89,72,3.09,984,21.41,0.0,0.59,1.9,0.0,0.0,0.0,13.76,N,N,N,N,N
HV0003,B03404,B03404,2024-09-01 00:41:26,2024-09-01 00:43:55,2024-09-01 00:45:38,2024-09-01 00:51:40,72,71,0.75,362,8.88,0.0,0.24,0.78,0.0,0.0,1.0,5.4,N,N,N,N,N
HV0003,B03404,B03404,2024-09-01 00:27:03,2024-09-01 00:29:22,2024-09-01 00:31:22,2024-09-01 00:46:24,37,80,2.7,902,18.77,0.0,0.51,1.66,0.0,0.0,0.0,12.43,N,N,N,N,N
HV0003,B03404,B03404,2024-09-01 00:44:34,2024-09-01 00:51:34,2024-09-01 00:53:35,2024-09-01 01:14:51,80,34,3.12,1276,37.9,0.0,1.11,3.58,0.0,0.0,0.0,20.83,N,N,N,N,N
HV0005,B03406,,2024-09-01 00:42:12,,2024-09-01 00:54:24,2024-09-01 01:12:45,189,188,2.623,1101,24.02,0.0,0.66,2.13,0.0,0.0,0.0,17.31,N,N,N,N,N
HV0003,B03404,B03404,2024-09-01 00:21:32,2024-09-01 00:23:05,2024-09-01 00:24:06,2024-09-01 00:39:11,114,233,2.53,905,21.86,0.0,0.6,1.94,2.75,0.0,0.0,12.63,N,N,N,N,N
HV0003,B03404,B03404,2024-09-01 00:46:45,2024-09-01 00:52:12,2024-09-01 00:52:38,2024-09-01 01:11:03,79,246,2.54,1105,28.52,0.0,0.78,2.53,2.75,0.0,0.0,14.6,N,N,N,N,N
HV0003,B03404,B03404,2024-09-01 00:02:42,2024-09-01 00:04:54,2024-09-01 00:06:54,2024-09-01 00:15:41,148,79,0.92,527,9.4,0.0,0.26,0.84,2.75,0.0,0.0,6.38,N,N,N,N,N
HV0003,B03404,B03404,2024-09-01 00:15:34,2024-09-01 00:20:30,2024-09-01 00:21:47,2024-09-01 00:34:45,4,263,4.05,778,20.79,0.0,0.58,1.84,2.75,0.0,0.0,13.07,N,N,N,N,N
HV0003,B03404,B03404,2024-09-01 00:36:22,2024-09-01 00:38:38,2024-09-01 00:39:07,2024-09-01 00:48:36,140,233,2.81,569,11.93,0.0,0.34,1.13,2.75,0.0,0.0,9.35,N,N,N,N,N
HV0003,B03404,B03404,2024-09-01 00:54:54,2024-09-01 00:57:26,2024-09-01 00:58:47,2024-09-01 01:42:59,79,265,23.13,2652,84.19,6.94,2.34,8.09,2.75,0.0,0.0,59.11,N,N,N,N,N
HV0003,B03404,B03404,2024-09-01 00:13:10,2024-09-01 00:14:27,2024-09-01 00:14:51,2024-09-01 00:30:25,41,127,5.2,934,19.97,0.0,0.57,1.84,0.0,0.0,0.0,16.15,N,N,N,N,N
HV0003,B03404,B03404,2024-09-01 00:29:42,2024-09-01 00:32:59,2024-09-01 00:35:01,2024-09-01 00:47:19,127,152,4.79,738,18.86,0.0,0.52,1.68,0.0,0.0,0.0,13.69,N,N,N,N,N
HV0003,B03404,B03404,2024-08-31 23:52:31,2024-09-01 00:07:37,2024-09-01 00:07:50,2024-09-01 00:18:21,109,84,2.98,631,14.26,0.0,0.39,1.27,0.0,0.0,0.0,10.18,N,N,N,N,N
HV0003,B03404,B03404,2024-09-01 00:09:52,2024-09-01 00:18:21,2024-09-01 00:20:21,2024-09-01 00:39:15,84,156,5.78,1134,21.26,0.0,0.59,1.89,0.0,0.0,0.0,18.88,N,N,N,N,N
HV0003,B03404,B03404,2024-09-01 00:38:51,2024-09-01 00:42:45,2024-09-01 00:43:27,2024-09-01 00:49:37,156,187,1.37,370,7.06,0.0,0.19,0.62,0.0,0.0,0.0,5.46,N,N,N,N,N
HV0003,B03404,B03404,2024-09-01 00:47:41,2024-09-01 00:58:28,2024-09-01 00:58:28,2024-09-01 01:01:21,156,156,0.84,173,8.89,0.0,0.24,0.78,0.0,0.0,0.0,5.39,N,N,N,N,N
HV0003,B03404,B03404,2024-08-31 23:57:39,2024-09-01 00:03:23,2024-09-01 00:03:37,2024-09-01 00:12:46,112,256,1.33,549,12.4,0.0,0.31,1.02,0.0,0.0,0.0,8.39,N,N,N,N,N
HV0003,B03404,B03404,2024-09-01 00:06:09,2024-09-01 00:24:36,2024-09-01 00:24:36,2024-09-01 00:48:02,256,260,5.43,1406,16.06,0.0,0.45,1.43,0.0,0.0,0.0,16.41,Y,Y,N,N,N
HV0003,B03404,B03404,2024-09-01 00:25:04,2024-09-01 00:35:03,2024-09-01 00:35:52,2024-09-01 00:56:17,112,129,6.94,1225,24.11,0.0,0.67,2.13,0.0,0.0,2.69,17.46,Y,Y,N,N,N
HV0003,B03404,B03404,2024-09-01 00:05:08,2024-09-01 00:10:25,2024-09-01 00:11:06,2024-09-01 00:26:45,36,61,3.05,939,23.2,0.0,0.63,2.06,0.0,0.0,0.0,15.02,N,N,N,N,N
HV0003,B03404,B03404,2024-09-01 00:28:03,2024-09-01 00:30:49,2024-09-01 00:30:51,2024-09-01 00:41:28,61,256,2.72,637,12.65,0.0,0.34,1.12,0.0,0.0,0.0,9.89,N,N,N,N,N
HV0003,B03404,B03404,2024-09-01 00:40:08,2024-09-01 00:43:57,2024-09-01 00:45:57,2024-09-01 01:00:19,256,157,2.53,862,24.63,0.0,0.67,2.17,0.0,0.0,0.0,12.31,N,N,N,N,N
HV0003,B03404,B03404,2024-09-01 00:19:49,2024-09-01 00:21:57,2024-09-01 00:23:58,2024-09-01 00:28:28,148,232,0.68,270,9.14,0.0,0.25,0.81,2.75,0.0,0.0,5.42,N,N,N,N,N
HV0003,B03404,B03404,2024-09-01 00:28:35,2024-09-01 00:37:21,2024-09-01 00:37:58,2024-09-01 00:45:53,148,112,3.0,475,13.62,0.0,0.37,1.21,2.75,0.0,0.0,8.7,N,N,N,N,N
HV0003,B03404,B03404,2024-09-01 00:45:04,2024-09-01 00:47:57,2024-09-01 00:48:17,2024-09-01 01:09:28,255,114,3.56,1271,23.74,0.0,0.7,2.24,2.75,0.0,0.0,18.44,N,N,N,N,N
HV0003,B03404,B03404,2024-08-31 23:48:11,2024-09-01 00:08:55,2024-09-01 00:10:56,2024-09-01 00:54:13,80,249,5.57,2597,63.22,0.0,1.74,5.61,2.75,0.0,0.0,36.93,N,N,N,N,N
HV0003,B03404,B03404,2024-09-01 00:52:23,2024-09-01 00:55:15,2024-09-01 00:57:04,2024-09-01 01:39:03,249,42,9.84,2519,30.57,0.0,0.84,2.71,2.75,0.0,0.0,37.85,N,N,N,N,N
HV0003,B03404,B03404,2024-08-31 23:56:30,2024-09-01 00:00:08,2024-09-01 00:01:17,2024-09-01 00:19:57,256,87,4.72,1120,37.76,0.0,1.04,3.35,2.75,0.0,0.0,19.3,N,N,N,N,N
HV0003,B03404,B03404,2024-09-01 00:19:01,2024-09-01 00:21:52,2024-09-01 00:23:53,2024-09-01 00:40:14,209,256,5.22,981,18.61,0.0,0.5,1.59,2.75,0.0,0.0,16.63,N,N,N,N,N
HV0003,B03404,B03404,2024-09-01 00:39:29,2024-09-01 00:42:32,2024-09-01 00:44:33,2024-09-01 00:53:13,256,37,1.0,520,12.5,0.0,0.36,1.19,0.0,0.0,0.0,7.03,N,N,N,N,N
HV0003,B03404,B03404,2024-09-01 00:54:06,2024-09-01 00:56:12,2024-09-01 00:56:14,2024-09-01 01:03:50,37,37,1.31,456,7.51,0.0,0.22,0.71,0.0,0.0,0.0,6.21,N,N,N,N,N
HV0003,B03404,B03404,2024-09-01 00:02:00,2024-09-01 00:03:13,2024-09-01 00:05:13,2024-09-01 00:08:38,236,263,0.73,205,7.59,0.0,0.21,0.67,2.75,0.0,3.0,5.89,N,N,N,N,Y
HV0005,B03406,,2024-09-01 00:15:20,,2024-09-01 00:19:30,2024-09-01 00:45:33,262,14,14.61,1563,42.61,3.52,1.21,3.9,2.75,0.0,0.0,40.91,N,N,N,N,Y
HV0005,B03406,,2024-09-01 00:44:16,,2024-09-01 00:48:39,2024-09-01 01:09:48,14,145,10.952,1269,33.36,0.65,0.94,3.02,0.0,0.0,5.7,31.61,N,N,N,N,Y
HV0005,B03406,,2024-09-01 00:42:48,,2024-09-01 00:44:21,2024-09-01 00:57:31,158,114,1.512,790,16.49,0.0,0.45,1.46,2.75,0.0,0.0,10.09,N,N,N,N,N
HV0005,B03406,,2024-09-01 00:17:10,,2024-09-01 00:22:27,2024-09-01 00:26:09,177,177,0.782,222,7.88,0.0,0.22,0.7,0.0,0.0,0.0,5.47,N,N,N,N,N
HV0005,B03406,,2024-09-01 00:50:20,,2024-09-01 00:56:29,2024-09-01 01:05:42,61,62,1.754,553,12.54,0.0,0.34,1.11,0.0,0.0,0.0,11.28,N,N,N,N,N
HV0005,B03406,,2024-09-01 00:07:18,,2024-09-01 00:11:25,2024-09-01 00:20:47,127,244,3.305,562,14.47,0.0,0.4,1.28,0.0,0.0,0.0,10.0,N,N,N,N,N
HV0005,B03406,,2024-09-01 00:21:32,,2024-09-01 00:24:15,2024-09-01 00:29:45,116,42,0.831,330,8.05,0.0,0.17,0.56,0.0,0.0,3.0,5.47,N,N,N,N,N
HV0005,B03406,,2024-09-01 00:31:27,,2024-09-01 00:35:30,2024-09-01 00:44:57,152,42,1.904,567,9.85,0.0,0.27,0.87,0.0,0.0,0.0,8.13,N,N,N,N,N
HV0005,B03406,,2024-09-01 00:50:09,,2024-09-01 00:56:00,2024-09-01 01:29:40,75,88,9.605,2020,25.8,0.39,0.72,2.33,2.75,0.0,0.0,32.8,N,N,N,N,N
HV0003,B03404,B03404,2024-08-31 23:57:41,2024-09-01 00:00:09,2024-09-01 00:01:37,2024-09-01 00:11:01,225,256,1.47,564,12.45,0.0,0.34,1.11,0.0,0.0,0.0,7.48,N,N,N,N,N
HV0003,B03404,B03404,2024-09-01 00:05:23,2024-09-01 00:11:45,2024-09-01 00:13:39,2024-09-01 00:25:08,256,225,1.77,689,18.79,0.0,0.51,1.67,0.0,0.0,0.0,10.6,N,N,N,N,N
HV0003,B03404,B03404,2024-09-01 00:23:39,2024-09-01 00:27:07,2024-09-01 00:27:08,2024-09-01 00:34:15,37,36,1.1,427,11.56,0.0,0.32,1.03,0.0,0.0,0.0,7.15,N,N,N,N,N
HV0003,B03404,B03404,2024-09-01 00:30:57,2024-09-01 00:36:49,2024-09-01 00:39:00,2024-09-01 01:02:33,37,97,3.81,1413,24.78,0.0,0.69,2.2,0.0,0.0,0.0,18.91,N,N,N,N,N
HV0005,B03406,,2024-09-01 00:13:11,,2024-09-01 00:19:53,2024-09-01 00:25:14,130,28,1.155,321,8.0,0.0,0.2,0.63,0.0,0.0,0.0,5.47,N,N,N,N,N
HV0005,B03406,,2024-09-01 00:32:46,,2024-09-01 00:39:07,2024-09-01 00:51:52,134,197,2.182,765,16.03,0.0,0.44,1.42,0.0,0.0,4.0,10.44,N,N,N,N,N
HV0003,B03404,B03404,2024-09-01 00:55:42,2024-09-01 00:57:28,2024-09-01 00:57:38,2024-09-01 01:04:28,223,223,1.14,410,8.92,0.0,0.24,0.8,0.0,0.0,0.0,9.78,N,N,N,N,N
HV0003,B03404,B03404,2024-09-01 00:00:59,2024-09-01 00:07:02,2024-09-01 00:07:07,2024-09-01 00:44:57,29,61,8.38,2270,25.71,0.0,0.75,2.42,0.0,0.0,0.0,24.52,Y,Y,N,N,N
HV0003,B03404,B03404,2024-09-01 00:18:27,2024-09-01 00:22:38,2024-09-01 00:22:52,2024-09-01 00:35:33,89,188,1.96,761,8.11,0.0,0.22,0.72,0.0,0.0,0.0,4.3,Y,Y,N,N,N
HV0003,B03404,B03404,2024-09-01 00:21:32,2024-09-01 00:28:38,2024-09-01 00:30:05,2024-09-01 01:14:41,85,130,13.23,2676,34.75,0.0,0.95,3.09,0.0,0.0,0.0,23.3,Y,Y,N,N,N
HV0003,B03404,B03404,2024-09-01 00:45:06,2024-09-01 00:49:18,2024-09-01 00:49:49,2024-09-01 01:26:05,61,216,13.11,2176,24.29,0.0,0.67,2.16,0.0,0.0,0.0,21.15,Y,Y,N,N,N
HV0003,B03404,B03404,2024-08-31 23:57:09,2024-09-01 00:09:14,2024-09-01 00:09:22,2024-09-01 00:19:42,126,212,2.25,620,11.76,0.0,0.34,1.11,0.0,0.0,0.0,9.08,N,N,N,N,N
HV0003,B03404,B03404,2024-09-01 00:20:07,2024-09-01 00:23:30,2024-09-01 00:23:53,2024-09-01 00:33:15,248,31,1.62,562,8.75,0.0,0.24,0.78,0.0,0.0,0.0,7.66,N,N,N,N,N
HV0003,B03404,B03404,2024-09-01 00:34:17,2024-09-01 00:36:37,2024-09-01 00:36:37,2024-09-01 00:42:13,78,18,1.28,336,9.7,0.0,0.26,0.86,0.0,0.0,0.0,5.39,N,N,N,N,N
HV0003,B03404,B03404,2024-09-01 00:33:50,2024-09-01 00:47:29,2024-09-01 00:47:29,2024-09-01 01:35:26,97,3,19.67,2877,79.35,6.94,2.19,7.65,0.0,0.0,0.0,65.89,N,N,N,N,Y
HV0005,B03406,,2024-09-01 00:15:59,,2024-09-01 00:23:25,2024-09-01 00:36:08,25,97,1.136,763,9.85,0.0,0.27,0.87,0.0,0.0,0.0,9.42,N,N,N,N,Y
HV0003,B03404,B03404,2024-09-01 00:14:24,2024-09-01 00:20:33,2024-09-01 00:22:16,2024-09-01 00:29:25,80,37,1.05,429,20.35,0.0,0.56,1.81,0.0,0.0,0.0,9.98,N,N,N,N,N
HV0003,B03404,B03404,2024-09-01 00:31:18,2024-09-01 00:35:41,2024-09-01 00:36:15,2024-09-01 01:15:52,36,92,9.52,2377,60.0,0.0,1.65,5.31,0.0,0.0,0.0,37.8,N,N,N,N,N
HV0003,B03404,B03404,2024-08-31 23:55:03,2024-09-01 00:01:06,2024-09-01 00:01:30,2024-09-01 00:08:52,260,145,1.94,442,12.32,0.0,0.31,1.01,0.0,0.0,0.0,6.94,N,N,N,N,N
HV0003,B03404,B03404,2024-09-01 00:08:01,2024-09-01 00:09:18,2024-09-01 00:10:10,2024-09-01 00:21:07,145,141,3.12,657,22.57,0.0,0.35,1.15,2.75,0.0,0.0,10.62,N,N,N,N,N
HV0003,B03404,B03404,2024-09-01 00:25:18,2024-09-01 00:26:26,2024-09-01 00:26:51,2024-09-01 00:32:52,237,140,1.11,361,6.35,0.0,0.18,0.6,2.75,0.0,0.0,5.4,N,N,N,N,N
HV0003,B03404,B03404,2024-09-01 00:39:39,2024-09-01 00:42:42,2024-09-01 00:43:02,2024-09-01 00:48:26,146,193,0.88,324,9.77,0.0,0.27,0.86,0.0,0.0,1.0,7.39,N,N,N,N,N
HV0005,B03406,,2024-09-01 00:14:49,,2024-09-01 00:18:48,2024-09-01 00:37:58,85,228,4.625,1150,20.39,0.0,0.56,1.81,0.0,0.0,0.0,17.53,N,N,N,N,N
HV0005,B03406,,2024-09-01 00:51:23,,2024-09-01 00:56:18,2024-09-01 01:03:13,228,228,0.967,415,9.05,0.0,0.22,0.72,0.0,0.0,0.0,5.47,N,N,N,N,N
HV0003,B03404,B03404,2024-09-01 00:02:03,2024-09-01 00:03:23,2024-09-01 00:04:49,2024-09-01 00:10:48,72,35,0.98,359,8.6,0.0,0.23,0.77,0.0,0.0,0.0,5.39,N,N,N,N,N
HV0003,B03404,B03404,2024-09-01 00:08:56,2024-09-01 00:12:23,2024-09-01 00:14:25,2024-09-01 01:05:40,35,265,30.39,3075,90.9,33.88,2.64,0.0,0.0,0.0,0.0,41.27,N,N,N,N,N
HV0005,B03406,,2024-09-01 00:10:47,,2024-09-01 00:14:10,2024-09-01 00:41:29,262,265,11.888,1639,35.94,20.28,1.47,0.0,0.0,0.0,0.0,33.07,N,N,N,N,N
HV0005,B03406,,2024-09-01 00:05:10,,2024-09-01 00:09:36,2024-09-01 00:30:26,68,41,6.59,1250,26.97,0.0,0.74,2.39,2.75,0.0,5.0,21.18,N,N,N,N,N
HV0005,B03406,,2024-09-01 00:30:36,,2024-09-01 00:33:07,2024-09-01 00:37:46,41,74,0.656,279,5.98,0.0,0.16,0.53,0.0,0.0,0.0,5.47,N,N,N,N,N
HV0005,B03406,,2024-09-01 00:41:05,,2024-09-01 00:42:49,2024-09-01 01:13:35,74,230,5.144,1846,41.9,0.0,1.15,3.72,2.75,0.0,0.0,35.17,N,N,N,N,N
HV0003,B03404,B03404,2024-08-31 23:59:00,2024-09-01 00:02:14,2024-09-01 00:03:33,2024-09-01 00:21:44,259,60,6.54,1091,14.67,0.0,0.4,1.28,0.0,0.0,0.0,19.49,N,N,N,N,N
HV0003,B03404,B03404,2024-09-01 00:33:18,2024-09-01 00:35:34,2024-09-01 00:37:32,2024-09-01 00:43:44,78,59,0.74,372,9.19,0.0,0.25,0.81,0.0,0.0,0.0,5.59,N,N,N,N,N
HV0003,B03404,B03404,2024-09-01 00:47:12,2024-09-01 00:51:22,2024-09-01 00:52:02,2024-09-01 01:01:28,60,213,2.5,566,16.06,0.0,0.44,1.42,0.0,0.0,0.0,8.9,N,N,N,N,N
HV0003,B03404,B03404,2024-09-01 00:05:25,2024-09-01 00:10:04,2024-09-01 00:10:40,2024-09-01 00:27:55,213,254,6.27,1035,20.86,0.0,0.57,1.85,0.0,0.0,0.0,18.59,N,N,N,N,N
HV0003,B03404,B03404,2024-09-01 00:31:40,2024-09-01 00:34:00,2024-09-01 00:36:00,2024-09-01 01:00:41,254,7,10.61,1481,28.45,6.94,0.79,3.11,0.0,0.0,0.0,28.83,N,N,N,N,N
HV0003,B03404,B03404,2024-09-01 00:06:22,2024-09-01 00:08:36,2024-09-01 00:10:38,2024-09-01 00:21:15,223,7,1.54,637,12.12,0.0,0.26,0.86,0.0,0.0,0.0,8.29,N,N,N,N,N
HV0003,B03404,B03404,2024-09-01 00:20:22,2024-09-01 00:22:24,2024-09-01 00:23:06,2024-09-01 00:42:25,7,82,4.35,1159,23.32,0.0,0.64,2.07,0.0,0.0,0.0,17.18,N,N,N,N,N
HV0003,B03404,B03404,2024-09-01 00:42:43,2024-09-01 00:45:08,2024-09-01 00:45:28,2024-09-01 00:56:26,82,173,1.59,658,11.62,0.0,0.32,1.03,0.0,0.0,0.0,8.56,N,N,N,N,N
HV0003,B03404,B03404,2024-09-01 00:54:55,2024-09-01 00:57:15,2024-09-01 00:57:15,2024-09-01 01:05:05,173,82,1.0,470,14.6,0.0,0.4,1.3,0.0,0.0,0.0,6.79,N,N,N,N,N
HV0005,B03406,,2024-09-01 00:00:19,,2024-09-01 00:02:29,2024-09-01 00:26:30,161,116,7.765,1441,32.39,0.0,0.89,2.88,2.75,0.0,0.0,24.64,N,N,N,N,N
HV0005,B03406,,2024-09-01 00:36:43,,2024-09-01 00:40:08,2024-09-01 00:50:10,24,42,1.571,602,10.86,0.0,0.27,0.86,0.0,0.0,0.0,8.02,N,N,N,N,N
HV0003,B03404,B03404,2024-09-01 00:20:43,2024-09-01 00:22:07,2024-09-01 00:22:50,2024-09-01 00:48:29,14,198,13.12,1539,42.11,0.0,1.23,3.98,0.0,0.0,0.0,33.01,N,N,N,N,N
HV0003,B03404,B03404,2024-09-01 00:47:52,2024-09-01 00:50:11,2024-09-01 00:50:22,2024-09-01 00:57:36,198,198,1.26,434,9.77,0.0,0.27,0.87,0.0,0.0,0.0,6.15,N,N,N,N,N
HV0003,B03404,B03404,2024-09-01 00:50:00,2024-09-01 00:51:53,2024-09-01 00:52:52,2024-09-01 01:13:03,249,141,3.91,1211,38.8,0.0,1.08,3.47,2.75,0.0,6.96,25.97,N,N,N,N,N
HV0005,B03406,,2024-09-01 00:06:14,,2024-09-01 00:13:00,2024-09-01 00:35:02,256,68,4.674,1322,45.06,0.0,1.24,4.0,2.75,0.0,0.0,28.7,N,N,N,N,N
HV0003,B03404,B03404,2024-08-31 23:58:46,2024-09-01 00:03:52,2024-09-01 00:03:56,2024-09-01 00:20:01,78,213,3.6,965,18.77,0.0,0.52,1.67,0.0,0.0,0.0,14.27,N,N,N,N,N
HV0003,B03404,B03404,2024-09-01 00:43:54,2024-09-01 00:44:20,2024-09-01 00:44:57,2024-09-01 00:48:33,248,248,0.66,216,7.55,0.0,0.21,0.67,0.0,0.0,0.0,5.39,N,N,N,N,N
HV0005,B03406,,2024-09-01 00:29:43,,2024-09-01 00:31:18,2024-09-01 00:42:07,213,212,1.495,649,8.07,0.66,0.12,0.38,0.0,0.0,0.0,8.37,N,N,N,N,N
HV0005,B03406,,2024-09-01 00:45:43,,2024-09-01 00:56:02,2024-09-01 01:09:14,60,235,3.544,792,21.52,0.0,0.59,1.91,0.0,0.0,0.0,14.29,N,N,N,N,N
HV0003,B03404,B03404,2024-08-31 23:52:49,2024-08-31 23:58:35,2024-09-01 00:00:26,2024-09-01 00:06:29,21,21,1.13,363,8.9,0.0,0.24,0.79,0.0,0.0,0.0,5.4,N,N,N,N,N
HV0003,B03404,B03404,2024-09-01 00:00:36,2024-09-01 00:09:30,2024-09-01 00:09:30,2024-09-01 00:18:39,108,123,2.48,549,18.75,0.0,0.51,1.66,0.0,0.0,0.0,8.7,N,N,N,N,N
HV0003,B03404,B03404,2024-09-01 00:19:19,2024-09-01 00:20:55,2024-09-01 00:21:05,2024-09-01 00:23:28,210,210,0.67,143,7.8,0.0,0.21,0.69,0.0,0.0,0.0,5.4,N,N,N,N,N
HV0003,B03404,B03404,2024-09-01 00:22:01,2024-09-01 00:24:55,2024-09-01 00:25:41,2024-09-01 00:36:46,210,89,2.95,665,16.82,0.0,0.49,1.59,0.0,0.0,0.0,10.47,N,N,N,N,N
HV0003,B03404,B03404,2024-09-01 00:37:10,2024-09-01 00:40:43,2024-09-01 00:42:45,2024-09-01 00:49:22,89,188,1.45,397,9.83,0.0,0.27,0.87,0.0,0.0,0.0,5.84,N,N,N,N,N
HV0003,B03404,B03404,2024-09-01 00:23:12,2024-09-01 00:25:50,2024-09-01 00:27:51,2024-09-01 01:07:04,65,210,14.54,2353,43.76,0.0,1.2,3.89,0.0,0.0,0.0,44.88,N,N,N,N,N
HV0005,B03406,,2024-09-01 00:09:55,,2024-09-01 00:16:33,2024-09-01 01:02:12,230,34,8.618,2739,50.79,0.57,1.35,4.36,2.75,0.0,0.0,40.34,N,N,N,N,N
HV0005,B03406,,2024-09-01 00:00:20,,2024-09-01 00:14:08,2024-09-01 00:37:31,28,36,8.689,1403,30.45,0.0,0.84,2.7,0.0,0.0,0.0,29.54,N,N,N,N,N
HV0005,B03406,,2024-09-01 00:28:22,,2024-09-01 00:40:44,2024-09-01 00:48:58,36,37,1.254,494,10.8,0.0,0.26,0.85,0.0,0.0,0.0,6.52,N,N,N,N,N
HV0005,B03406,,2024-09-01 00:42:49,,2024-09-01 00:50:54,2024-09-01 01:04:22,37,226,2.349,808,13.43,0.0,0.37,1.19,0.0,0.0,0.0,14.08,N,N,N,N,N
HV0003,B03404,B03404,2024-09-01 00:07:38,2024-09-01 00:18:40,2024-09-01 00:20:41,2024-09-01 00:31:14,168,159,1.0,633,12.06,0.0,0.33,1.08,0.0,0.0,0.0,7.78,N,N,N,N,N
HV0003,B03404,B03404,2024-09-01 00:30:24,2024-09-01 00:33:12,2024-09-01 00:33:18,2024-09-01 00:48:43,159,94,2.94,925,20.46,0.0,0.56,1.82,0.0,0.0,0.0,12.99,N,N,N,N,N
HV0003,B03404,B03404,2024-09-01 00:53:18,2024-09-01 00:53:33,2024-09-01 00:55:34,2024-09-01 01:07:13,169,241,4.41,699,17.76,0.0,0.49,1.57,0.0,0.0,0.0,12.8,N,N,N,N,N
HV0003,B03404,B03404,2024-08-31 23:52:58,2024-09-01 00:00:03,2024-09-01 00:00:48,2024-09-01 00:18:58,138,15,8.72,1090,33.28,0.0,0.98,3.17,0.0,2.5,0.0,22.45,N,N,N,N,N
HV0003,B03404,B03404,2024-08-31 23:56:20,2024-09-01 00:02:33,2024-09-01 00:04:20,2024-09-01 00:11:12,56,173,1.2,412,8.9,0.0,0.24,0.79,0.0,0.0,0.0,9.14,N,N,N,N,N
HV0003,B03404,B03404,2024-09-01 00:23:37,2024-09-01 00:27:17,2024-09-01 00:28:29,2024-09-01 00:38:31,173,56,1.43,602,10.69,0.0,0.29,0.95,0.0,0.0,0.0,9.79,N,N,N,N,N
HV0003,B03404,B03404,2024-09-01 00:40:13,2024-09-01 00:49:29,2024-09-01 00:49:56,2024-09-01 01:05:28,160,129,2.51,932,16.99,0.0,0.46,1.5,0.0,0.0,0.0,14.46,N,N,N,N,N
HV0005,B03406,,2024-09-01 00:17:31,,2024-09-01 00:29:32,2024-09-01 01:41:04,256,237,8.297,4292,60.47,0.0,1.6,5.17,2.75,0.0,0.0,53.17,N,N,N,N,N
HV0003,B03404,B03404,2024-09-01 00:22:19,2024-09-01 00:29:14,2024-09-01 00:30:54,2024-09-01 00:52:45,219,197,7.24,1311,24.49,0.0,0.67,2.18,0.0,0.0,0.0,22.59,N,N,N,N,N
HV0003,B03404,B03404,2024-09-01 00:50:23,2024-09-01 00:55:54,2024-09-01 00:56:59,2024-09-01 01:06:02,197,180,2.12,543,9.21,0.0,0.27,0.87,0.0,0.0,0.0,8.16,N,N,N,N,N
HV0005,B03406,,2024-09-01 00:16:42,,2024-09-01 00:22:37,2024-09-01 00:30:56,218,10,1.581,499,9.86,0.0,0.27,0.87,0.0,0.0,0.0,7.03,N,N,N,N,N
HV0005,B03406,,2024-09-01 00:30:24,,2024-09-01 00:37:07,2024-09-01 01:01:25,10,63,5.325,1458,26.96,0.0,0.66,2.14,0.0,0.0,0.0,21.48,N,N,N,N,N
HV0003,B03404,B03404,2024-09-01 00:25:31,2024-09-01 00:30:16,2024-09-01 00:32:16,2024-09-01 01:02:34,101,265,19.35,1818,51.84,0.0,1.51,4.89,0.0,0.0,0.0,49.62,N,N,N,N,N
HV0003,B03404,B03404,2024-09-01 00:10:58,2024-09-01 00:11:34,2024-09-01 00:13:35,2024-09-01 00:28:26,211,68,2.15,891,19.68,0.0,0.55,1.78,2.75,0.0,5.01,11.93,N,N,N,N,N
HV0003,B03404,B03404,2024-09-01 00:45:10,2024-09-01 00:48:38,2024-09-01 00:50:39,2024-09-01 01:21:06,164,265,5.22,1827,41.2,20.0,1.13,0.0,0.0,0.0,0.0,27.08,N,N,N,N,N
HV0003,B03404,B03404,2024-09-01 00:22:18,2024-09-01 00:24:09,2024-09-01 00:24:09,2024-09-01 00:52:03,129,48,7.2,1674,24.1,0.0,0.66,2.14,2.75,0.0,0.0,26.74,N,N,N,N,N
HV0003,B03404,B03404,2024-09-01 00:48:15,2024-09-01 00:52:26,2024-09-01 00:52:30,2024-09-01 01:36:18,48,108,19.3,2628,50.62,0.0,1.39,4.48,0.75,0.0,0.0,52.47,Y,N,N,N,N
HV0003,B03404,B03404,2024-09-01 00:01:23,2024-09-01 00:04:11,2024-09-01 00:04:17,2024-09-01 00:22:10,37,256,2.49,1073,20.04,0.0,0.58,1.89,0.0,0.0,4.75,14.08,N,N,N,N,N
HV0003,B03404,B03404,2024-09-01 00:20:04,2024-09-01 00:23:19,2024-09-01 00:23:38,2024-09-01 00:36:16,256,232,2.37,758,14.47,0.0,0.39,1.28,2.75,0.0,0.0,12.33,N,N,N,N,N
HV0003,B03404,B03404,2024-09-01 00:35:01,2024-09-01 00:40:07,2024-09-01 00:42:07,2024-09-01 00:58:43,148,112,4.11,996,29.56,0.0,0.82,2.62,2.75,0.0,0.0,16.14,N,N,N,N,N
HV0003,B03404,B03404,2024-09-01 00:55:17,2024-09-01 00:58:39,2024-09-01 00:59:52,2024-09-01 01:08:01,112,145,1.72,489,11.9,0.0,0.35,1.13,0.0,0.0,0.0,8.09,N,N,N,N,N
HV0005,B03406,,2024-09-01 00:52:18,,2024-09-01 00:58:06,2024-09-01 01:33:59,100,62,9.362,2153,39.2,2.06,1.13,3.64,2.75,0.0,0.0,33.77,N,N,N,N,N
HV0005,B03406,,2024-09-01 00:17:45,,2024-09-01 00:23:08,2024-09-01 00:34:16,88,148,1.414,668,12.46,0.0,0.34,1.11,2.75,0.0,0.0,8.44,N,N,N,N,N
HV0005,B03406,,2024-09-01 00:30:24,,2024-09-01 00:38:11,2024-09-01 00:54:35,144,80,4.078,984,19.92,0.0,0.55,1.77,2.75,0.0,0.0,15.16,N,N,N,N,N
HV0003,B03404,B03404,2024-09-01 00:08:27,2024-09-01 00:15:15,2024-09-01 00:16:04,2024-09-01 00:27:33,80,34,3.38,689,28.81,0.0,0.8,2.56,0.0,0.0,0.0,13.32,N,N,N,N,N
HV0003,B03404,B03404,2024-09-01 00:29:10,2024-09-01 00:34:07,2024-09-01 00:36:08,2024-09-01 01:07:25,66,263,8.49,1877,50.8,0.0,1.39,4.51,2.75,0.0,0.0,31.15,N,N,N,N,N
HV0005,B03406,,2024-09-01 00:13:02,,2024-09-01 00:19:13,2024-09-01 00:57:47,218,225,9.705,2314,35.45,0.0,0.84,2.7,0.0,0.0,0.0,35.8,N,N,N,N,N
HV0003,B03404,B03404,2024-09-01 00:06:31,2024-09-01 00:09:47,2024-09-01 00:10:09,2024-09-01 00:22:11,17,34,1.85,722,16.06,0.0,0.44,1.43,0.0,0.0,0.0,9.82,N,N,N,N,N
HV0003,B03404,B03404,2024-09-01 00:25:55,2024-09-01 00:30:19,2024-09-01 00:30:49,2024-09-01 00:49:32,256,114,3.23,1123,35.05,0.0,0.97,3.11,2.75,0.0,8.37,16.55,N,N,N,N,N
HV0003,B03404,B03404,2024-09-01 00:48:34,2024-09-01 00:53:12,2024-09-01 00:53:50,2024-09-01 01:02:47,249,125,1.28,537,11.79,0.0,0.32,1.05,2.75,0.0,0.0,7.96,N,N,N,N,N
HV0003,B03404,B03404,2024-09-01 00:05:27,2024-09-01 00:08:19,2024-09-01 00:09:22,2024-09-01 00:32:47,146,36,4.74,1405,36.27,0.0,1.03,3.33,0.0,0.0,0.0,20.85,N,N,N,N,N
HV0003,B03404,B03404,2024-09-01 00:31:02,2024-09-01 00:37:35,2024-09-01 00:38:21,2024-09-01 01:03:42,36,79,4.58,1521,47.28,0.0,1.32,4.25,2.75,0.0,5.62,24.74,N,N,N,N,N
HV0005,B03406,,2024-08-31 23:52:15,,2024-09-01 00:01:09,2024-09-01 00:23:37,171,130,8.539,1348,33.93,0.0,0.74,2.38,0.0,0.0,0.0,24.79,N,N,N,N,N
HV0005,B03406,,2024-09-01 00:24:53,,2024-09-01 00:27:30,2024-09-01 00:42:34,130,215,1.745,904,11.44,0.0,0.31,1.02,0.0,0.0,0.0,11.2,N,N,N,N,N
HV0005,B03406,,2024-09-01 00:42:48,,2024-09-01 00:46:52,2024-09-01 01:04:06,215,258,3.95,1034,21.47,0.0,0.59,1.91,0.0,0.0,3.0,15.47,N,N,N,N,N
HV0003,B03404,B03404,2024-09-01 00:00:28,2024-09-01 00:03:55,2024-09-01 00:04:26,2024-09-01 00:36:45,91,37,6.87,1939,34.03,0.0,0.93,3.02,0.0,0.0,0.0,28.18,N,N,N,N,N
HV0003,B03404,B03404,2024-09-01 00:35:31,2024-09-01 00:40:15,2024-09-01 00:41:17,2024-09-01 01:03:47,36,65,3.88,1350,23.4,0.0,0.65,2.08,0.0,0.0,0.0,21.49,N,N,N,N,N
HV0003,B03404,B03404,2024-09-01 00:06:30,2024-09-01 00:09:28,2024-09-01 00:11:29,2024-09-01 00:21:32,74,41,1.42,603,10.78,0.0,0.29,0.96,0.0,0.0,0.0,9.05,N,N,N,N,Y
HV0003,B03404,B03404,2024-09-01 00:22:59,2024-09-01 00:27:28,2024-09-01 00:27:30,2024-09-01 00:42:16,152,236,3.54,886,19.9,0.0,0.55,1.77,2.75,0.0,0.0,15.53,N,N,N,N,Y
HV0005,B03406,,2024-09-01 00:45:07,,2024-09-01 00:49:57,2024-09-01 00:57:35,236,141,0.969,458,10.06,0.0,0.28,0.89,2.75,0.0,0.0,6.16,N,N,N,N,Y
HV0003,B03404,B03404,2024-09-01 00:25:00,2024-09-01 00:29:37,2024-09-01 00:30:30,2024-09-01 00:41:41,114,211,1.49,671,35.76,0.0,1.04,3.38,2.75,0.0,0.0,23.45,N,N,N,N,N
HV0003,B03404,B03404,2024-09-01 00:44:37,2024-09-01 00:46:12,2024-09-01 00:46:37,2024-09-01 01:06:12,144,230,3.19,1175,60.09,0.0,1.66,5.34,2.75,0.0,10.47,35.6,N,N,N,N,N
HV0003,B03404,B03404,2024-09-01 00:01:32,2024-09-01 00:04:52,2024-09-01 00:05:10,2024-09-01 00:18:07,113,148,1.62,777,14.11,0.0,0.39,1.25,2.75,0.0,0.0,9.75,N,N,N,N,N
HV0003,B03404,B03404,2024-09-01 00:13:35,2024-09-01 00:22:28,2024-09-01 00:24:07,2024-09-01 00:28:51,148,148,0.08,284,7.19,0.0,0.2,0.64,2.75,0.0,0.0,5.39,N,N,N,N,N
HV0003,B03404,B03404,2024-09-01 00:28:44,2024-09-01 00:33:20,2024-09-01 00:33:32,2024-09-01 00:55:38,79,239,5.38,1326,29.8,0.0,0.87,2.82,2.75,0.0,3.81,20.2,N,N,N,N,N
HV0003,B03404,B03404,2024-09-01 00:18:34,2024-09-01 00:23:28,2024-09-01 00:23:55,2024-09-01 00:57:56,228,37,6.79,2041,25.46,0.0,0.74,2.4,0.0,0.0,0.0,33.06,Y,N,N,N,N
HV0003,B03404,B03404,2024-09-01 00:00:47,2024-09-01 00:03:33,2024-09-01 00:04:03,2024-09-01 00:12:32,39,35,2.05,509,12.5,0.0,0.34,1.11,0.0,0.0,0.0,7.73,N,N,N,N,N
HV0003,B03404,B03404,2024-09-01 00:09:45,2024-09-01 00:13:53,2024-09-01 00:14:17,2024-09-01 00:22:47,35,225,1.79,510,11.62,0.0,0.32,1.03,0.0,0.0,0.0,7.39,N,N,N,N,N
HV0003,B03404,B03404,2024-09-01 00:18:33,2024-09-01 00:28:29,2024-09-01 00:28:36,2024-09-01 00:38:15,61,76,2.23,579,11.48,0.0,0.33,1.08,0.0,0.0,0.0,8.66,Y,N,N,N,N
HV0003,B03404,B03404,2024-09-01 00:49:22,2024-09-01 00:52:29,2024-09-01 00:53:51,2024-09-01 01:05:15,63,225,2.56,684,16.82,0.0,0.49,1.58,0.0,0.0,0.0,10.13,N,N,N,N,N
HV0003,B03404,B03404,2024-09-01 00:21:44,2024-09-01 00:27:42,2024-09-01 00:28:00,2024-09-01 00:35:37,248,242,1.27,457,11.61,0.0,0.32,1.03,0.0,0.0,0.0,7.87,N,N,N,N,Y
HV0003,B03404,B03404,2024-09-01 00:34:58,2024-09-01 00:41:14,2024-09-01 00:42:04,2024-09-01 00:58:16,242,168,6.45,972,23.28,0.0,0.64,2.05,0.0,0.0,0.0,21.98,N,N,N,N,Y
HV0003,B03404,B03404,2024-09-01 00:04:12,2024-09-01 00:13:23,2024-09-01 00:15:12,2024-09-01 00:49:57,132,166,18.62,2085,65.0,6.94,1.88,6.58,0.0,2.5,0.0,48.54,N,N,N,N,N
HV0003,B03404,B03404,2024-09-01 00:54:03,2024-09-01 00:54:52,2024-09-01 00:54:59,2024-09-01 01:01:52,166,42,1.32,413,9.23,0.0,0.25,0.82,0.0,0.0,0.0,5.81,N,N,N,N,N
HV0003,B03404,B03404,2024-09-01 00:02:29,2024-09-01 00:04:59,2024-09-01 00:05:13,2024-09-01 00:14:08,98,16,2.26,535,12.5,0.0,0.34,1.11,0.0,0.0,0.0,8.27,N,N,N,N,N
HV0003,B03404,B03404,2024-09-01 00:06:47,2024-09-01 00:15:11,2024-09-01 00:17:12,2024-09-01 00:44:43,16,180,15.3,1651,38.53,0.0,1.06,3.42,0.0,0.0,0.0,36.85,Y,N,N,N,N
HV0003,B03404,B03404,2024-09-01 00:43:51,2024-09-01 00:48:27,2024-09-01 00:50:28,2024-09-01 00:53:41,180,124,0.61,193,9.24,0.0,0.25,0.82,0.0,0.0,5.0,5.61,N,N,N,N,N
HV0003,B03404,B03404,2024-09-01 00:42:15,2024-09-01 00:43:37,2024-09-01 00:45:06,2024-09-01 00:52:43,231,249,1.57,457,22.82,0.0,0.67,2.15,2.75,0.0,0.0,13.25,N,N,N,N,N
HV0003,B03404,B03404,2024-09-01 00:55:02,2024-09-01 00:56:13,2024-09-01 00:57:34,2024-09-01 01:04:40,249,164,1.09,426,19.64,0.0,0.54,1.75,2.75,0.0,0.0,11.93,N,N,N,N,N
HV0005,B03406,,2024-09-01 00:19:19,,2024-09-01 00:20:01,2024-09-01 00:30:58,249,13,2.241,657,21.95,0.0,0.6,1.95,2.75,0.0,0.0,16.72,N,N,N,N,N
HV0003,B03404,B03404,2024-09-01 00:33:19,2024-09-01 00:33:42,2024-09-01 00:34:37,2024-09-01 01:13:04,116,213,8.07,2307,47.89,0.0,1.3,4.25,0.0,0.0,0.0,33.4,N,N,N,N,N
HV0003,B03404,B03404,2024-09-01 00:15:39,2024-09-01 00:16:22,2024-09-01 00:18:15,2024-09-01 00:27:44,211,158,1.52,569,11.91,0.0,0.35,1.13,2.75,0.0,0.0,7.6,N,N,N,N,N
HV0003,B03404,B03404,2024-09-01 00:25:54,2024-09-01 00:31:38,2024-09-01 00:31:52,2024-09-01 00:54:34,249,54,4.46,1362,23.93,0.0,0.7,2.26,2.75,0.0,6.23,19.3,N,N,N,N,N
HV0003,B03404,B03404,2024-08-31 23:56:40,2024-09-01 00:01:29,2024-09-01 00:03:25,2024-09-01 00:28:01,138,65,10.35,1476,39.53,0.0,1.16,3.74,0.0,2.5,0.0,28.42,N,N,N,N,N
HV0005,B03406,,2024-09-01 00:43:36,,2024-09-01 00:51:50,2024-09-01 01:02:30,148,144,1.826,640,15.35,0.0,0.42,1.36,2.75,0.0,0.0,8.73,N,N,N,N,N
HV0003,B03404,B03404,2024-09-01 00:04:43,2024-09-01 00:06:28,2024-09-01 00:07:44,2024-09-01 00:14:30,169,248,2.16,406,13.39,0.0,0.36,1.19,0.0,0.0,0.0,6.89,N,N,N,N,N
HV0003,B03404,B03404,2024-09-01 00:14:00,2024-09-01 00:16:36,2024-09-01 00:17:18,2024-09-01 00:26:16,248,250,1.53,538,10.91,0.0,0.32,1.03,0.0,0.0,0.0,7.31,N,N,N,N,N
HV0003,B03404,B03404,2024-09-01 00:27:04,2024-09-01 00:29:12,2024-09-01 00:29:58,2024-09-01 00:38:43,250,78,2.08,525,10.67,0.0,0.29,0.95,0.0,0.0,0.0,7.93,N,N,N,N,N
HV0003,B03404,B03404,2024-09-01 00:45:09,2024-09-01 00:46:08,2024-09-01 00:48:09,2024-09-01 01:28:50,243,114,11.11,2441,32.6,0.0,0.9,2.89,2.75,0.0,0.0,38.83,N,N,N,N,N
HV0003,B03404,B03404,2024-08-31 23:59:42,2024-09-01 00:02:30,2024-09-01 00:04:32,2024-09-01 00:17:03,56,70,1.92,751,18.78,0.0,0.51,1.67,0.0,0.0,0.0,14.24,N,N,N,N,N
HV0003,B03404,B03404,2024-09-01 00:16:22,2024-09-01 00:25:58,2024-09-01 00:26:19,2024-09-01 01:11:59,56,149,19.55,2740,58.11,0.0,1.6,5.14,0.0,0.0,0.0,57.65,N,N,N,N,N
HV0005,B03406,,2024-09-01 00:11:57,,2024-09-01 00:12:47,2024-09-01 00:32:43,164,231,3.186,1196,19.92,0.0,0.55,1.77,2.75,0.0,0.0,16.01,N,N,N,N,N
HV0005,B03406,,2024-09-01 00:32:54,,2024-09-01 00:34:54,2024-09-01 00:53:44,231,163,4.281,1130,26.85,0.0,0.8,2.59,2.75,0.0,0.0,16.86,N,N,N,N,N
HV0005,B03406,,2024-09-01 00:55:00,,2024-09-01 00:56:11,2024-09-01 01:15:23,163,87,6.211,1152,27.88,0.0,0.77,2.47,2.75,0.0,0.0,19.71,N,N,N,N,N
HV0003,B03404,B03404,2024-09-01 00:07:23,2024-09-01 00:11:38,2024-09-01 00:12:07,2024-09-01 01:08:01,100,197,13.92,3354,44.51,0.0,1.23,3.94,0.75,0.0,0.0,38.85,Y,Y,N,N,N
HV0003,B03404,B03404,2024-09-01 00:10:37,2024-09-01 00:21:03,2024-09-01 00:21:03,2024-09-01 00:50:50,230,82,6.34,1787,15.51,0.0,0.42,1.38,0.75,0.0,0.0,13.99,Y,Y,N,N,N
HV0003,B03404,B03404,2024-09-01 00:00:09,2024-09-01 00:02:54,2024-09-01 00:03:08,2024-09-01 00:18:18,220,265,6.22,910,25.35,0.0,0.7,2.25,0.0,0.0,0.0,20.28,N,N,N,N,N
HV0005,B03406,,2024-09-01 00:25:24,,2024-09-01 00:29:42,2024-09-01 00:41:15,107,79,1.639,693,15.31,0.0,0.42,1.36,2.75,0.0,0.0,9.35,N,N,N,N,N
HV0005,B03406,,2024-09-01 00:39:39,,2024-09-01 00:46:04,2024-09-01 00:57:50,148,107,1.76,706,24.05,0.0,0.66,2.13,2.75,0.0,5.33,9.28,N,N,N,N,N
HV0003,B03404,B03404,2024-09-01 00:05:12,2024-09-01 00:11:46,2024-09-01 00:12:04,2024-09-01 00:20:16,197,197,1.96,492,10.93,0.0,0.3,0.97,0.0,0.0,0.0,7.45,N,N,N,N,N
HV0003,B03404,B03404,2024-09-01 00:19:58,2024-09-01 00:23:38,2024-09-01 00:24:15,2024-09-01 00:35:38,258,130,2.09,683,12.68,0.0,0.36,1.19,0.0,0.0,5.0,9.47,N,N,N,N,N
HV0003,B03404,B03404,2024-09-01 00:34:00,2024-09-01 00:39:38,2024-09-01 00:40:50,2024-09-01 00:49:58,130,215,0.8,548,8.94,0.0,0.24,0.79,0.0,0.0,0.0,6.41,N,N,N,N,N
HV0003,B03404,B03404,2024-08-31 23:57:31,2024-09-01 00:00:00,2024-09-01 00:00:17,2024-09-01 00:17:09,28,218,4.41,1012,18.63,0.0,0.52,1.65,0.0,0.0,0.0,15.84,N,N,N,N,N
HV0003,B03404,B03404,2024-09-01 00:17:14,2024-09-01 00:19:52,2024-09-01 00:21:54,2024-09-01 00:54:51,218,247,18.24,1977,50.6,6.94,1.39,5.1,0.0,0.0,0.0,44.03,N,N,N,N,N
HV0003,B03404,B03404,2024-09-01 00:54:51,2024-09-01 00:55:44,2024-09-01 00:57:44,2024-09-01 01:05:36,247,119,1.26,472,10.81,0.0,0.3,0.96,0.0,0.0,0.0,6.3,N,N,N,N,N
HV0003,B03404,B03404,2024-09-01 00:00:25,2024-09-01 00:07:54,2024-09-01 00:08:01,2024-09-01 00:26:56,37,61,3.25,1135,20.52,0.0,0.57,1.82,0.0,0.0,0.0,15.45,N,N,N,N,N
HV0003,B03404,B03404,2024-09-01 00:28:10,2024-09-01 00:31:26,2024-09-01 00:31:43,2024-09-01 00:46:44,61,25,3.0,901,15.5,0.0,0.4,1.29,0.0,0.0,0.0,12.84,N,N,N,N,N
HV0003,B03404,B03404,2024-09-01 00:44:35,2024-09-01 00:49:31,2024-09-01 00:49:31,2024-09-01 00:57:12,106,25,1.18,461,23.22,0.0,0.64,2.05,0.0,0.0,5.18,11.62,N,N,N,N,N
HV0003,B03404,B03404,2024-09-01 00:12:52,2024-09-01 00:18:53,2024-09-01 00:19:07,2024-09-01 00:40:43,117,219,6.43,1296,28.06,0.0,0.77,2.48,0.0,0.0,0.0,22.83,N,N,N,N,N
HV0003,B03404,B03404,2024-09-01 00:50:59,2024-09-01 00:53:36,2024-09-01 00:54:53,2024-09-01 01:01:20,219,132,3.42,387,15.37,0.0,0.5,1.59,0.0,2.5,0.0,8.41,N,N,N,N,N
HV0003,B03404,B03404,2024-09-01 00:01:22,2024-09-01 00:09:58,2024-09-01 00:10:45,2024-09-01 00:23:23,53,171,2.5,758,20.57,0.0,0.56,1.82,0.0,0.0,0.0,10.76,N,N,N,N,N
HV0003,B03404,B03404,2024-09-01 00:21:18,2024-09-01 00:29:38,2024-09-01 00:31:15,2024-09-01 00:41:20,92,135,2.41,605,17.89,0.0,0.49,1.61,0.0,0.0,0.0,10.66,N,N,N,N,N
HV0003,B03404,B03404,2024-09-01 00:11:48,2024-09-01 00:15:37,2024-09-01 00:17:13,2024-09-01 00:49:27,177,261,6.9,1934,29.63,0.0,0.82,2.63,2.75,0.0,0.0,28.17,N,N,N,N,N
HV0003,B03404,B03404,2024-09-01 00:48:19,2024-09-01 00:53:37,2024-09-01 00:53:54,2024-09-01 01:02:32,231,148,1.55,518,11.99,0.0,0.35,1.13,2.75,0.0,0.0,7.14,N,N,N,N,N
HV0003,B03404,B03404,2024-09-01 00:01:23,2024-09-01 00:03:51,2024-09-01 00:04:55,2024-09-01 00:12:12,175,98,1.97,437,12.5,0.0,0.34,1.11,0.0,0.0,0.0,6.92,N,N,N,N,N
HV0003,B03404,B03404,2024-09-01 00:13:51,2024-09-01 00:16:23,2024-09-01 00:16:41,2024-09-01 00:30:28,98,28,3.53,827,17.63,0.0,0.52,1.67,0.0,0.0,0.0,12.83,N,N,N,N,N
HV0003,B03404,B03404,2024-09-01 00:31:55,2024-09-01 00:40:47,2024-09-01 00:41:00,2024-09-01 00:50:58,134,197,1.98,598,13.35,0.0,0.36,1.18,0.0,0.0,0.0,8.5,N,N,N,N,N
HV0005,B03406,,2024-09-01 00:50:19,,2024-09-01 00:55:32,2024-09-01 01:20:56,216,83,8.183,1524,24.95,0.0,0.69,2.21,0.0,0.0,0.0,26.02,N,N,N,N,N
HV0003,B03404,B03404,2024-08-31 23:56:18,2024-09-01 00:03:45,2024-09-01 00:03:48,2024-09-01 00:21:15,76,197,7.1,1047,23.07,0.0,0.63,2.05,0.0,0.0,0.0,19.83,N,N,N,N,N
HV0003,B03404,B03404,2024-09-01 00:20:43,2024-09-01 00:22:01,2024-09-01 00:22:53,2024-09-01 00:28:48,197,28,1.18,355,8.55,0.0,0.23,0.76,0.0,0.0,2.0,5.39,N,N,N,N,N
HV0003,B03404,B03404,2024-09-01 00:30:02,2024-09-01 00:32:53,2024-09-01 00:34:12,2024-09-01 00:48:05,130,130,2.67,833,16.1,0.0,0.44,1.42,0.0,0.0,0.0,11.72,N,N,N,N,N
HV0005,B03406,,2024-09-01 00:46:17,,2024-09-01 00:55:51,2024-09-01 01:18:10,205,258,6.235,1339,25.37,0.0,0.62,2.0,0.0,0.0,0.0,21.57,N,N,N,N,N
HV0005,B03406,,2024-09-01 00:03:31,,2024-09-01 00:08:12,2024-09-01 00:41:04,89,219,15.611,1972,42.51,0.0,1.03,3.33,0.0,0.0,0.0,40.54,N,N,N,N,N
HV0005,B03406,,2024-09-01 00:45:32,,2024-09-01 00:47:57,2024-09-01 00:56:21,132,205,2.626,504,15.25,0.0,0.42,1.58,0.0,2.5,0.0,8.5,N,N,N,N,N
HV0005,B03406,,2024-09-01 00:56:47,,2024-09-01 00:58:54,2024-09-01 01:28:57,205,256,16.197,1803,45.09,0.0,1.16,3.74,0.0,0.0,0.0,39.69,N,N,N,N,N
HV0003,B03404,B03404,2024-09-01 00:03:25,2024-09-01 00:07:14,2024-09-01 00:07:47,2024-09-01 00:21:19,113,232,1.5,812,14.5,0.0,0.4,1.29,2.75,0.0,0.0,9.93,N,N,N,N,N
HV0003,B03404,B03404,2024-09-01 00:15:01,2024-09-01 00:22:30,2024-09-01 00:22:45,2024-09-01 00:42:20,148,112,4.03,1175,18.96,0.0,0.56,1.79,0.75,0.0,0.0,14.73,Y,Y,N,N,N
HV0003,B03404,B03404,2024-09-01 00:29:38,2024-09-01 00:36:58,2024-09-01 00:37:19,2024-09-01 01:08:03,255,7,5.27,1844,27.88,0.0,0.77,2.48,0.0,0.0,0.0,24.42,Y,Y,N,N,N
HV0003,B03404,B03404,2024-09-01 00:16:23,2024-09-01 00:21:06,2024-09-01 00:22:23,2024-09-01 00:33:58,129,129,1.82,695,12.47,0.0,0.34,1.11,0.0,0.0,0.0,11.96,N,N,N,N,N
HV0003,B03404,B03404,2024-09-01 00:35:32,2024-09-01 00:40:30,2024-09-01 00:40:50,2024-09-01 00:52:46,70,160,4.31,716,17.89,0.0,0.49,1.58,0.0,0.0,0.0,15.55,N,N,N,N,N
HV0003,B03404,B03404,2024-09-01 00:06:34,2024-09-01 00:21:51,2024-09-01 00:21:51,2024-09-01 00:46:45,232,188,8.66,1494,32.77,6.94,0.95,3.69,2.75,0.0,4.89,26.3,N,N,N,N,N
HV0003,B03404,B03404,2024-09-01 00:47:04,2024-09-01 00:48:51,2024-09-01 00:50:52,2024-09-01 01:20:29,188,91,4.98,1777,25.06,0.0,0.69,2.22,0.0,0.0,0.0,24.04,N,N,N,N,N
HV0003,B03404,B03404,2024-09-01 00:05:43,2024-09-01 00:11:39,2024-09-01 00:12:02,2024-09-01 00:17:11,142,142,1.0,309,6.43,0.0,0.18,0.57,0.75,0.0,3.0,5.4,Y,N,N,N,N
HV0003,B03404,B03404,2024-09-01 00:17:29,2024-09-01 00:18:55,2024-09-01 00:20:57,2024-09-01 00:29:35,239,50,1.7,518,11.86,0.0,0.32,1.05,2.75,0.0,0.0,7.35,N,N,N,N,N
HV0003,B03404,B03404,2024-09-01 00:29:08,2024-09-01 00:31:47,2024-09-01 00:32:15,2024-09-01 00:49:20,48,244,8.19,1025,23.45,0.0,0.64,2.08,2.75,0.0,0.0,21.1,N,N,N,N,N
HV0003,B03404,B03404,2024-09-01 00:09:00,2024-09-01 00:13:29,2024-09-01 00:14:22,2024-09-01 00:24:40,95,121,3.43,618,32.23,0.0,0.89,2.86,0.0,0.0,0.0,22.51,N,N,N,N,N
HV0003,B03404,B03404,2024-09-01 00:52:22,2024-09-01 00:56:17,2024-09-01 00:56:44,2024-09-01 01:16:58,255,170,4.9,1214,38.66,0.0,1.07,3.44,2.75,0.0,3.0,29.84,N,N,N,N,N
HV0003,B03404,B03404,2024-09-01 00:19:37,2024-09-01 00:22:35,2024-09-01 00:22:35,2024-09-01 00:32:52,159,126,1.81,617,15.13,0.0,0.41,1.34,0.0,0.0,0.0,8.45,N,N,N,N,N
HV0003,B03404,B03404,2024-09-01 00:31:58,2024-09-01 00:34:09,2024-09-01 00:34:52,2024-09-01 00:37:56,126,126,0.49,184,7.78,0.0,0.21,0.68,0.0,0.0,0.0,5.4,N,N,N,N,N
HV0003,B03404,B03404,2024-09-01 00:39:16,2024-09-01 00:42:57,2024-09-01 00:43:17,2024-09-01 00:58:55,126,75,5.72,938,21.49,0.0,0.59,1.91,0.0,0.0,0.0,16.89,N,N,N,N,N
HV0005,B03406,,2024-08-31 23:59:43,,2024-09-01 00:03:38,2024-09-01 00:17:56,235,159,3.191,858,18.3,0.0,0.37,1.18,0.0,0.0,0.0,12.72,N,N,N,N,N
HV0005,B03406,,2024-09-01 00:04:39,,2024-09-01 00:11:00,2024-09-01 00:42:16,255,239,7.105,1876,33.36,0.0,0.92,2.96,2.75,0.0,0.0,30.49,N,N,N,N,N
HV0003,B03404,B03404,2024-09-01 00:27:22,2024-09-01 00:30:51,2024-09-01 00:31:12,2024-09-01 00:40:35,36,102,1.89,563,19.62,0.0,0.54,1.74,0.0,0.0,0.0,10.79,N,N,N,N,N
HV0003,B03404,B03404,2024-09-01 00:44:48,2024-09-01 00:47:00,2024-09-01 00:47:30,2024-09-01 00:53:16,198,36,0.95,346,9.18,0.0,0.27,0.87,0.0,0.0,0.0,5.39,N,N,N,N,N
HV0003,B03404,B03404,2024-09-01 00:52:12,2024-09-01 00:57:00,2024-09-01 00:57:14,2024-09-01 01:36:03,36,239,10.14,2329,47.7,0.0,1.31,4.22,2.75,0.0,16.39,36.42,N,N,N,N,N
HV0003,B03404,B03404,2024-09-01 00:06:25,2024-09-01 00:08:36,2024-09-01 00:10:36,2024-09-01 00:18:26,191,191,1.38,470,9.14,0.0,0.23,0.74,0.0,0.0,0.0,8.78,N,N,N,N,N
HV0003,B03404,B03404,2024-09-01 00:17:41,2024-09-01 00:20:04,2024-09-01 00:20:42,2024-09-01 00:22:44,191,191,0.34,122,5.19,0.0,0.1,0.33,0.0,0.0,0.0,7.71,N,N,N,N,N
HV0003,B03404,B03404,2024-09-01 00:18:38,2024-09-01 00:25:00,2024-09-01 00:26:36,2024-09-01 00:40:02,191,215,3.35,806,10.04,0.0,0.27,0.89,0.0,0.0,0.0,12.42,Y,Y,N,N,N
HV0003,B03404,B03404,2024-09-01 00:27:09,2024-09-01 00:34:48,2024-09-01 00:35:03,2024-09-01 00:46:20,205,10,2.61,677,13.17,0.0,0.36,1.17,0.0,0.0,0.0,10.17,Y,Y,N,N,N
HV0003,B03404,B03404,2024-09-01 00:47:50,2024-09-01 00:50:32,2024-09-01 00:50:47,2024-09-01 01:00:25,216,215,2.22,578,13.64,0.0,0.4,1.29,0.0,0.0,0.0,10.96,N,N,N,N,N
HV0005,B03406,,2024-09-01 00:03:34,,2024-09-01 00:11:35,2024-09-01 00:19:11,157,83,1.401,456,8.95,0.0,0.25,0.79,0.0,0.0,0.0,6.36,N,N,N,N,N
HV0005,B03406,,2024-09-01 00:16:26,,2024-09-01 00:21:21,2024-09-01 00:50:32,83,68,7.749,1751,27.99,5.22,0.88,2.84,2.75,0.0,0.0,27.64,N,N,N,N,N
HV0005,B03406,,2024-09-01 00:52:02,,2024-09-01 00:57:16,2024-09-01 01:09:53,68,211,1.642,757,14.58,0.0,0.4,1.29,2.75,0.0,0.0,9.62,N,N,N,N,N
HV0003,B03404,B03404,2024-08-31 23:59:03,2024-09-01 00:03:18,2024-09-01 00:03:39,2024-09-01 00:11:21,85,89,1.21,462,8.9,0.0,0.24,0.79,0.0,0.0,0.0,6.14,N,N,N,N,N
HV0003,B03404,B03404,2024-09-01 00:11:58,2024-09-01 00:14:34,2024-09-01 00:14:57,2024-09-01 00:24:57,89,72,1.7,600,12.57,0.0,0.36,1.19,0.0,0.0,0.0,8.14,N,N,N,N,N
HV0003,B03404,B03404,2024-08-31 23:58:09,2024-09-01 00:04:53,2024-09-01 00:06:20,2024-09-01 00:20:16,76,61,2.1,836,14.25,0.0,0.39,1.26,0.0,0.0,0.0,12.56,N,N,N,N,Y
HV0003,B03404,B03404,2024-09-01 00:13:55,2024-09-01 00:22:25,2024-09-01 00:22:39,2024-09-01 00:27:29,61,177,0.71,290,7.91,0.0,0.23,0.74,0.0,0.0,0.0,6.42,Y,N,N,N,Y
HV0003,B03404,B03404,2024-09-01 00:30:31,2024-09-01 00:33:21,2024-09-01 00:35:17,2024-09-01 00:53:09,61,80,3.12,1072,16.56,0.0,0.45,1.47,0.0,0.0,0.0,16.65,N,N,N,N,Y
HV0003,B03404,B03404,2024-09-01 00:49:34,2024-09-01 00:53:13,2024-09-01 00:55:01,2024-09-01 01:10:07,80,225,2.88,906,19.13,0.0,0.52,1.69,0.0,0.0,0.0,14.61,N,N,N,N,Y
HV0003,B03404,B03404,2024-09-01 00:15:38,2024-09-01 00:20:53,2024-09-01 00:22:53,2024-09-01 00:47:54,112,75,6.29,1501,37.83,0.0,1.04,3.34,2.75,0.0,0.0,25.05,N,N,N,N,N
HV0003,B03404,B03404,2024-09-01 00:49:26,2024-09-01 00:56:42,2024-09-01 00:58:43,2024-09-01 01:30:00,74,81,9.55,1877,40.77,6.94,1.13,4.22,0.0,0.0,0.0,31.24,N,N,N,N,N
HV0003,B03404,B03404,2024-09-01 00:00:39,2024-09-01 00:03:02,2024-09-01 00:03:14,2024-09-01 00:11:15,234,79,1.68,481,13.18,0.0,0.3,0.97,2.75,0.0,3.0,6.96,N,N,N,N,N
HV0003,B03404,B03404,2024-09-01 00:11:39,2024-09-01 00:13:42,2024-09-01 00:13:52,2024-09-01 00:27:12,79,33,4.48,800,22.93,0.0,0.67,2.16,2.75,0.0,0.0,13.86,N,N,N,N,N
HV0003,B03404,B03404,2024-09-01 00:25:23,2024-09-01 00:29:46,2024-09-01 00:31:15,2024-09-01 01:19:12,33,77,6.75,2877,42.04,0.0,1.23,3.97,0.0,0.0,0.0,37.13,N,N,N,N,N
HV0003,B03404,B03404,2024-08-31 23:57:20,2024-09-01 00:00:59,2024-09-01 00:01:18,2024-09-01 00:20:17,164,238,3.6,1139,27.94,0.0,0.77,2.48,2.75,0.0,0.0,15.97,N,N,N,N,N
HV0003,B03404,B03404,2024-09-01 00:20:12,2024-09-01 00:21:26,2024-09-01 00:21:26,2024-09-01 00:42:20,238,265,10.53,1254,31.11,3.18,0.86,3.05,2.75,0.0,0.0,26.81,N,N,N,N,N
HV0003,B03404,B03404,2024-09-01 00:13:47,2024-09-01 00:16:31,2024-09-01 00:16:36,2024-09-01 00:20:38,164,100,0.34,242,18.37,0.0,0.5,1.63,2.75,0.0,2.32,10.62,N,N,N,N,N
HV0003,B03404,B03404,2024-09-01 00:27:56,2024-09-01 00:28:35,2024-09-01 00:33:36,2024-09-01 00:48:02,43,145,2.69,866,29.82,0.0,0.87,2.8,2.75,0.0,0.0,19.88,N,N,N,N,N
HV0003,B03404,B03404,2024-08-31 23:59:39,2024-09-01 00:04:27,2024-09-01 00:05:22,2024-09-01 00:22:10,138,134,7.7,1008,28.8,0.0,0.86,2.78,0.0,2.5,2.0,20.26,N,N,N,N,N
HV0003,B03404,B03404,2024-09-01 00:22:35,2024-09-01 00:25:50,2024-09-01 00:26:30,2024-09-01 01:06:25,134,14,20.77,2395,44.72,0.0,1.23,3.97,0.0,0.0,0.0,51.52,N,N,N,N,N
HV0005,B03406,,2024-08-31 23:56:45,,2024-09-01 00:00:44,2024-09-01 00:14:21,113,231,1.821,817,15.51,0.0,0.43,1.38,2.75,0.0,0.0,10.45,N,N,N,N,N
HV0005,B03406,,2024-09-01 00:15:03,,2024-09-01 00:16:10,2024-09-01 00:18:46,231,231,0.351,156,12.76,0.0,0.35,1.13,2.75,0.0,0.0,5.47,N,N,N,N,N
HV0005,B03406,,2024-09-01 00:19:12,,2024-09-01 00:22:48,2024-09-01 00:36:58,231,164,2.804,850,18.86,0.13,0.52,1.68,2.75,0.0,0.0,12.11,N,N,N,N,N
HV0005,B03406,,2024-09-01 00:29:42,,2024-09-01 00:40:29,2024-09-01 01:10:14,100,34,7.463,1785,32.46,0.93,0.88,2.86,2.75,0.0,0.0,27.59,N,N,N,N,N
HV0003,B03404,B03404,2024-09-01 00:28:07,2024-09-01 00:30:56,2024-09-01 00:32:58,2024-09-01 00:42:26,100,246,0.99,568,16.04,0.0,0.44,1.43,2.75,0.0,0.0,7.74,N,N,N,N,N
HV0003,B03404,B03404,2024-09-01 00:44:54,2024-09-01 00:48:40,2024-09-01 00:49:24,2024-09-01 01:15:19,48,138,10.54,1555,39.89,6.94,1.17,4.38,2.75,2.5,0.0,29.44,N,N,N,N,N
HV0003,B03404,B03404,2024-09-01 00:17:36,2024-09-01 00:22:43,2024-09-01 00:22:51,2024-09-01 00:38:56,208,179,9.01,965,27.29,6.94,0.79,3.19,0.0,0.0,0.0,21.62,N,N,N,N,N
HV0003,B03404,B03404,2024-09-01 00:40:03,2024-09-01 00:47:07,2024-09-01 00:47:32,2024-09-01 01:16:54,193,205,14.71,1762,40.3,0.0,1.1,3.58,0.0,0.0,0.0,37.13,N,N,N,N,N
HV0005,B03406,,2024-09-01 00:40:35,,2024-09-01 00:44:16,2024-09-01 00:49:42,7,179,1.03,326,8.06,0.0,0.22,0.71,0.0,0.0,0.0,5.47,N,N,N,N,N
HV0003,B03404,B03404,2024-09-01 00:46:52,2024-09-01 00:49:07,2024-09-01 00:49:16,2024-09-01 01:13:54,249,256,3.81,1478,38.87,0.0,1.07,3.45,2.75,0.0,4.61,28.58,N,N,N,N,N
HV0003,B03404,B03404,2024-09-01 00:35:40,2024-09-01 00:38:36,2024-09-01 00:38:58,2024-09-01 00:53:48,114,265,4.12,890,27.8,20.0,0.78,0.0,0.0,0.0,0.0,15.56,N,N,N,N,N
HV0003,B03404,B03404,2024-08-31 23:57:25,2024-09-01 00:01:09,2024-09-01 00:03:10,2024-09-01 00:29:08,107,34,6.52,1558,31.9,0.0,0.88,2.82,2.75,0.0,3.83,24.01,N,N,N,N,N
HV0003,B03404,B03404,2024-09-01 00:30:15,2024-09-01 00:43:45,2024-09-01 00:43:55,2024-09-01 01:05:21,65,89,3.98,1286,26.92,0.0,0.74,2.39,0.0,0.0,0.0,17.9,N,N,N,N,N
HV0005,B03406,,2024-09-01 00:20:53,,2024-09-01 00:32:05,2024-09-01 00:39:10,217,17,0.736,425,11.12,0.0,0.31,0.99,0.0,0.0,0.0,7.07,N,N,N,N,N
HV0005,B03406,,2024-09-01 00:42:39,,2024-09-01 00:50:52,2024-09-01 01:11:11,37,4,3.592,1219,34.31,0.0,0.91,2.93,2.75,0.0,0.0,20.79,N,N,N,N,N
HV0003,B03404,B03404,2024-09-01 00:03:12,2024-09-01 00:04:16,2024-09-01 00:06:16,2024-09-01 00:19:33,81,208,5.9,797,17.13,0.0,0.47,1.52,0.0,0.0,0.0,15.76,N,N,N,N,N
HV0003,B03404,B03404,2024-09-01 00:21:24,2024-09-01 00:25:04,2024-09-01 00:25:39,2024-09-01 00:37:06,208,242,2.61,687,17.83,0.0,0.49,1.58,0.0,0.0,0.0,10.23,N,N,N,N,N
HV0003,B03404,B03404,2024-09-01 00:38:12,2024-09-01 00:40:00,2024-09-01 00:40:34,2024-09-01 00:54:44,242,51,3.38,850,20.49,0.0,0.57,1.82,0.0,0.0,0.0,12.86,N,N,N,N,N
HV0003,B03404,B03404,2024-09-01 00:56:53,2024-09-01 00:58:00,2024-09-01 00:58:27,2024-09-01 01:10:28,81,250,4.51,721,17.88,0.0,0.49,1.58,0.0,0.0,0.0,13.14,N,N,N,N,N
HV0003,B03404,B03404,2024-09-01 00:36:13,2024-09-01 00:38:09,2024-09-01 00:40:05,2024-09-01 01:32:23,132,265,21.96,3138,74.3,20.0,2.12,0.0,0.0,2.5,0.0,62.24,N,N,N,N,N
HV0005,B03406,,2024-09-01 00:43:41,,2024-09-01 00:46:49,2024-09-01 00:49:38,152,166,0.415,169,7.02,0.0,0.19,0.62,0.0,0.0,0.0,5.47,N,N,N,N,N
HV0005,B03406,,2024-08-31 23:56:09,,2024-09-01 00:07:22,2024-09-01 00:36:00,186,265,14.551,1718,47.47,21.41,1.89,0.0,0.0,0.0,0.0,40.79,N,N,N,N,N
HV0003,B03404,B03404,2024-08-31 23:58:11,2024-09-01 00:01:47,2024-09-01 00:01:51,2024-09-01 00:15:14,6,187,6.77,803,19.75,0.0,0.54,1.76,0.0,0.0,0.0,17.01,N,N,N,N,N
HV0003,B03404,B03404,2024-09-01 00:38:42,2024-09-01 00:42:51,2024-09-01 00:43:27,2024-09-01 00:47:25,206,245,1.07,238,8.87,0.0,0.24,0.79,0.0,0.0,0.0,5.4,N,N,N,N,N
HV0003,B03404,B03404,2024-09-01 00:46:59,2024-09-01 00:53:03,2024-09-01 00:54:14,2024-09-01 00:58:52,251,115,1.5,278,9.84,0.0,0.27,0.88,0.0,0.0,1.0,5.39,N,N,N,N,N
HV0005,B03406,,2024-09-01 00:18:24,,2024-09-01 00:29:34,2024-09-01 00:38:34,217,17,1.08,540,11.14,0.0,0.31,0.99,0.0,0.0,0.0,7.07,N,N,N,N,N
HV0005,B03406,,2024-09-01 00:35:34,,2024-09-01 00:43:46,2024-09-01 00:51:56,80,80,1.445,490,13.18,0.0,0.28,0.91,0.0,0.0,0.0,6.75,N,N,N,N,N
HV0003,B03404,B03404,2024-09-01 00:14:54,2024-09-01 00:26:09,2024-09-01 00:26:33,2024-09-01 00:46:16,80,61,3.01,1183,18.46,0.0,0.54,1.75,0.0,0.0,2.19,20.98,N,N,N,N,N
HV0003,B03404,B03404,2024-09-01 00:45:48,2024-09-01 00:49:13,2024-09-01 00:51:05,2024-09-01 01:15:10,190,71,4.05,1445,23.26,0.0,0.64,2.06,0.0,0.0,0.0,23.8,N,N,N,N,N
HV0003,B03404,B03404,2024-09-01 00:39:57,2024-09-01 00:45:11,2024-09-01 00:47:11,2024-09-01 00:55:02,144,79,1.17,471,11.33,0.0,0.31,1.01,2.75,0.0,0.0,6.31,N,N,N,N,N
HV0003,B03404,B03404,2024-09-01 00:53:50,2024-09-01 00:58:31,2024-09-01 00:59:33,2024-09-01 01:05:44,79,170,1.32,371,8.25,0.0,0.22,0.74,2.75,0.0,0.0,5.4,N,N,N,N,N
HV0003,B03404,B03404,2024-08-31 23:56:23,2024-08-31 23:59:52,2024-09-01 00:01:07,2024-09-01 00:15:40,91,76,3.0,873,16.99,0.0,0.46,1.51,0.0,0.0,0.0,13.36,N,N,N,N,N
HV0003,B03404,B03404,2024-09-01 00:01:02,2024-09-01 00:15:36,2024-09-01 00:16:19,2024-09-01 00:40:51,76,56,10.26,1472,15.95,0.0,0.44,1.43,0.0,0.0,0.0,17.3,Y,Y,N,N,N
HV0003,B03404,B03404,2024-09-01 00:16:02,2024-09-01 00:21:40,2024-09-01 00:22:06,2024-09-01 00:45:35,77,173,10.26,1409,44.45,0.0,0.67,2.17,0.0,0.0,0.0,16.69,Y,Y,N,N,N
HV0003,B03404,B03404,2024-09-01 00:08:31,2024-09-01 00:12:40,2024-09-01 00:12:40,2024-09-01 00:44:24,205,37,15.76,1904,43.05,0.0,1.19,3.82,0.0,0.0,0.0,46.23,N,N,N,N,Y
HV0003,B03404,B03404,2024-09-01 00:41:08,2024-09-01 00:47:24,2024-09-01 00:47:29,2024-09-01 01:04:03,37,49,2.81,994,21.47,0.0,0.59,1.91,0.0,0.0,2.39,14.6,N,N,N,N,Y
HV0003,B03404,B03404,2024-09-01 00:22:09,2024-09-01 00:23:38,2024-09-01 00:24:18,2024-09-01 00:40:06,42,127,4.3,948,18.72,0.0,0.52,1.66,0.0,0.0,0.0,15.06,N,N,N,N,N
HV0003,B03404,B03404,2024-09-01 00:15:40,2024-09-01 00:18:27,2024-09-01 00:20:28,2024-09-01 00:47:03,249,265,5.98,1595,26.53,20.0,0.73,0.0,0.0,0.0,0.0,25.51,N,N,N,N,N
HV0003,B03404,B03404,2024-09-01 00:14:02,2024-09-01 00:17:58,2024-09-01 00:19:01,2024-09-01 00:32:57,191,135,6.87,836,21.78,0.0,0.6,1.93,0.0,0.0,0.0,17.46,N,N,N,N,N
HV0003,B03404,B03404,2024-09-01 00:22:17,2024-09-01 00:25:41,2024-09-01 00:26:01,2024-09-01 00:47:54,62,89,3.14,1313,14.25,0.0,0.39,1.26,0.0,0.0,0.0,17.03,N,N,N,N,N
HV0003,B03404,B03404,2024-09-01 00:48:39,2024-09-01 00:53:21,2024-09-01 00:55:22,2024-09-01 01:20:10,91,71,3.98,1488,30.11,0.0,0.83,2.67,0.0,0.0,0.0,19.88,N,N,N,N,N
HV0003,B03404,B03404,2024-09-01 00:01:15,2024-09-01 00:04:26,2024-09-01 00:04:43,2024-09-01 00:17:18,65,40,1.59,755,11.49,0.0,0.31,1.02,0.0,0.0,0.0,9.49,N,N,N,N,N
HV0003,B03404,B03404,2024-09-01 00:17:24,2024-09-01 00:20:46,2024-09-01 00:22:04,2024-09-01 00:34:38,25,256,3.63,754,25.93,0.0,0.72,2.3,0.0,0.0,0.0,12.27,N,N,N,N,N
HV0003,B03404,B03404,2024-09-01 00:31:18,2024-09-01 00:37:42,2024-09-01 00:37:45,2024-09-01 01:02:20,256,89,4.68,1475,38.22,0.0,1.05,3.39,0.0,0.0,0.0,21.94,N,N,N,N,N
HV0005,B03406,,2024-09-01 00:04:34,,2024-09-01 00:08:16,2024-09-01 00:18:44,247,208,5.872,628,20.43,0.0,0.56,1.81,0.0,0.0,0.0,14.14,N,N,N,N,N
HV0003,B03404,B03404,2024-09-01 00:17:01,2024-09-01 00:19:06,2024-09-01 00:21:07,2024-09-01 00:36:36,94,243,2.69,929,17.71,0.0,0.48,1.57,0.0,0.0,0.0,12.68,N,N,N,N,N
HV0003,B03404,B03404,2024-09-01 00:37:09,2024-09-01 00:39:22,2024-09-01 00:40:19,2024-09-01 00:48:50,243,127,1.59,511,11.56,0.0,0.32,1.03,0.0,0.0,0.0,7.13,N,N,N,N,N
HV0003,B03404,B03404,2024-09-01 00:01:43,2024-09-01 00:02:44,2024-09-01 00:02:44,2024-09-01 00:08:29,211,113,1.02,345,10.01,0.0,0.27,0.89,2.75,0.0,0.0,5.39,N,N,N,N,N
HV0003,B03404,B03404,2024-09-01 00:07:53,2024-09-01 00:11:40,2024-09-01 00:11:41,2024-09-01 00:25:25,113,141,3.66,824,21.66,0.0,0.6,1.92,2.75,0.0,0.0,12.98,N,N,N,N,N
HV0003,B03404,B03404,2024-09-01 00:32:25,2024-09-01 00:33:42,2024-09-01 00:35:48,2024-09-01 01:09:09,4,188,9.94,2001,39.33,0.0,1.09,3.48,2.75,0.0,8.58,32.96,N,N,N,N,N
HV0003,B03404,B03404,2024-09-01 00:07:33,2024-09-01 00:13:42,2024-09-01 00:14:20,2024-09-01 00:37:49,79,263,4.84,1409,16.36,0.0,0.45,1.45,0.75,0.0,0.0,8.65,Y,Y,N,N,N
HV0003,B03404,B03404,2024-09-01 00:18:22,2024-09-01 00:21:34,2024-09-01 00:22:08,2024-09-01 00:59:00,170,42,7.7,2212,12.88,0.0,0.36,1.15,0.75,0.0,0.0,18.23,Y,Y,N,N,N
HV0003,B03404,B03404,2024-09-01 00:38:57,2024-09-01 00:46:26,2024-09-01 00:46:26,2024-09-01 01:08:34,41,127,5.62,1328,12.45,0.0,0.35,1.11,0.0,0.0,0.0,15.14,Y,Y,N,N,N
HV0003,B03404,B03404,2024-09-01 00:00:53,2024-09-01 00:02:48,2024-09-01 00:03:15,2024-09-01 00:09:55,50,142,1.11,400,9.12,0.0,0.25,0.81,2.75,0.0,0.0,5.4,N,N,N,N,N
HV0003,B03404,B03404,2024-09-01 00:07:08,2024-09-01 00:11:28,2024-09-01 00:12:40,2024-09-01 00:22:33,48,68,1.6,593,13.66,0.0,0.37,1.21,2.75,0.0,0.0,7.94,N,N,N,N,N
HV0003,B03404,B03404,2024-09-01 00:28:05,2024-09-01 00:31:20,2024-09-01 00:33:22,2024-09-01 00:41:59,68,158,0.95,517,15.41,0.0,0.42,1.37,2.75,0.0,0.0,7.68,N,N,N,N,N
HV0003,B03404,B03404,2024-09-01 00:43:00,2024-09-01 00:46:04,2024-09-01 00:48:05,2024-09-01 01:05:17,158,13,3.18,1032,20.54,0.0,0.57,1.83,2.75,0.0,0.0,14.35,N,N,N,N,N
HV0003,B03404,B03404,2024-09-01 00:01:58,2024-09-01 00:03:33,2024-09-01 00:04:28,2024-09-01 00:17:35,68,161,2.42,787,17.19,0.0,0.47,1.52,2.75,0.0,0.0,10.94,N,N,N,N,N
HV0003,B03404,B03404,2024-09-01 00:21:22,2024-09-01 00:21:45,2024-09-01 00:22:34,2024-09-01 00:33:15,164,79,1.86,641,12.79,0.0,0.37,1.21,2.75,0.0,0.0,8.76,N,N,N,N,N
HV0005,B03406,,2024-09-01 00:42:50,,2024-09-01 00:49:04,2024-09-01 00:59:05,79,141,3.065,601,19.0,0.0,0.46,1.49,2.75,0.0,0.0,10.04,N,N,N,N,N
HV0005,B03406,,2024-09-01 00:01:08,,2024-09-01 00:03:00,2024-09-01 00:20:22,142,7,4.384,1042,22.61,0.0,0.62,2.01,2.75,0.0,5.0,16.15,N,N,N,N,N
HV0005,B03406,,2024-09-01 00:20:38,,2024-09-01 00:24:45,2024-09-01 00:45:01,7,82,2.746,1216,17.9,0.0,0.49,1.59,0.0,0.0,0.0,15.61,N,N,N,N,N
HV0003,B03404,B03404,2024-09-01 00:27:17,2024-09-01 00:29:52,2024-09-01 00:31:53,2024-09-01 00:45:11,225,72,2.52,798,16.23,0.0,0.44,1.44,0.0,0.0,0.0,11.18,N,N,N,N,N
HV0003,B03404,B03404,2024-09-01 00:45:20,2024-09-01 00:48:32,2024-09-01 00:50:34,2024-09-01 01:18:38,72,112,7.65,1684,34.17,0.0,0.94,3.06,0.0,0.0,0.0,26.77,N,N,N,N,N
HV0003,B03404,B03404,2024-09-01 00:13:00,2024-09-01 00:16:28,2024-09-01 00:18:16,2024-09-01 00:41:37,50,265,12.34,1401,45.3,20.0,1.25,0.0,0.0,0.0,0.0,32.28,N,N,N,N,N
HV0003,B03404,B03404,2024-08-31 23:58:18,2024-09-01 00:02:19,2024-09-01 00:03:22,2024-09-01 00:11:59,107,90,1.45,517,12.69,0.0,0.35,1.13,2.75,0.0,0.0,12.53,N,N,N,N,N
HV0005,B03406,,2024-09-01 00:26:51,,2024-09-01 00:28:36,2024-09-01 00:46:23,90,263,4.501,1067,26.0,0.0,0.72,2.31,2.75,0.0,0.0,16.54,N,N,N,N,N
HV0005,B03406,,2024-09-01 00:52:03,,2024-09-01 00:55:29,2024-09-01 01:13:49,236,200,11.754,1100,29.3,1.3,0.84,2.71,2.75,0.0,0.0,26.77,N,N,N,N,N
HV0003,B03404,B03404,2024-09-01 00:05:49,2024-09-01 00:08:16,2024-09-01 00:08:57,2024-09-01 00:22:46,89,65,5.41,829,20.25,0.0,0.56,1.8,0.0,0.0,0.0,15.42,N,N,N,N,N
HV0003,B03404,B03404,2024-09-01 00:17:43,2024-09-01 00:25:44,2024-09-01 00:26:57,2024-09-01 00:33:50,65,209,1.93,413,11.47,0.0,0.32,1.05,0.75,0.0,0.0,6.63,Y,N,N,N,N
HV0003,B03404,B03404,2024-09-01 00:30:11,2024-09-01 00:34:40,2024-09-01 00:35:11,2024-09-01 01:01:58,209,68,3.55,1607,15.19,0.0,0.41,1.35,0.75,0.0,0.0,14.89,Y,Y,N,N,N
HV0003,B03404,B03404,2024-09-01 00:33:07,2024-09-01 00:48:12,2024-09-01 00:48:44,2024-09-01 01:08:08,45,164,3.54,1164,17.72,0.0,0.52,1.67,0.75,0.0,0.0,10.55,Y,Y,N,N,N
HV0003,B03404,B03404,2024-09-01 00:06:55,2024-09-01 00:11:08,2024-09-01 00:12:13,2024-09-01 00:16:02,114,79,0.71,229,13.93,0.0,0.38,1.23,2.75,0.0,3.0,6.79,N,N,N,N,N
HV0003,B03404,B03404,2024-09-01 00:18:33,2024-09-01 00:21:40,2024-09-01 00:22:15,2024-09-01 00:31:22,79,45,2.93,547,14.47,0.0,0.42,1.37,2.75,0.0,0.0,9.3,N,N,N,N,N
HV0003,B03404,B03404,2024-09-01 00:30:44,2024-09-01 00:34:24,2024-09-01 00:34:30,2024-09-01 00:55:53,231,228,7.22,1283,28.83,0.0,0.79,2.56,2.75,0.0,6.98,22.28,N,N,N,N,N
HV0003,B03404,B03404,2024-09-01 00:04:56,2024-09-01 00:08:35,2024-09-01 00:10:33,2024-09-01 00:19:43,163,263,2.04,550,15.43,0.0,0.42,1.37,2.75,0.0,0.0,11.56,N,N,N,N,N
HV0003,B03404,B03404,2024-09-01 00:21:13,2024-09-01 00:22:11,2024-09-01 00:22:21,2024-09-01 00:33:01,262,137,3.78,640,18.99,0.0,0.53,1.68,2.75,0.0,0.0,14.8,N,N,N,N,N
HV0003,B03404,B03404,2024-09-01 00:44:53,2024-09-01 00:46:24,2024-09-01 00:46:57,2024-09-01 00:51:58,14,67,0.8,301,8.93,0.0,0.24,0.79,0.0,0.0,0.0,5.4,N,N,N,N,N
HV0003,B03404,B03404,2024-09-01 00:54:42,2024-09-01 00:57:20,2024-09-01 00:57:31,2024-09-01 01:29:12,14,84,13.08,1901,37.88,13.88,1.11,4.81,0.0,0.0,0.0,36.26,N,N,N,N,N
HV0005,B03406,,2024-09-01 00:21:15,,2024-09-01 00:22:51,2024-09-01 00:33:26,249,87,2.418,635,16.46,0.0,0.41,1.33,2.75,0.0,0.0,9.49,N,N,N,N,N
HV0005,B03406,,2024-09-01 00:40:45,,2024-09-01 00:44:16,2024-09-01 00:49:41,114,79,0.726,325,9.9,0.0,0.27,0.88,2.75,0.0,27.0,5.47,N,N,N,N,N
HV0005,B03406,,2024-09-01 00:47:21,,2024-09-01 00:55:44,2024-09-01 01:11:45,148,25,5.503,961,24.37,0.16,0.61,1.98,2.75,0.0,7.47,16.88,N,N,N,N,N
HV0003,B03404,B03404,2024-09-01 00:04:03,2024-09-01 00:07:34,2024-09-01 00:08:08,2024-09-01 00:22:01,249,161,2.23,833,16.22,0.0,0.47,1.53,2.75,0.0,0.0,11.12,N,N,N,N,N
HV0003,B03404,B03404,2024-09-01 00:27:41,2024-09-01 00:32:14,2024-09-01 00:32:59,2024-09-01 00:39:42,164,100,0.94,403,5.45,0.0,0.15,0.49,2.75,0.0,3.0,5.4,N,N,N,N,N
HV0003,B03404,B03404,2024-09-01 00:41:50,2024-09-01 00:43:10,2024-09-01 00:44:12,2024-09-01 01:08:43,100,179,8.97,1471,30.8,6.94,0.84,3.34,2.75,0.0,5.54,26.5,N,N,N,N,N
HV0003,B03404,B03404,2024-09-01 00:03:18,2024-09-01 00:17:28,2024-09-01 00:18:38,2024-09-01 00:37:47,232,89,7.98,1149,32.86,6.94,0.9,3.53,2.75,0.0,0.0,22.01,N,N,N,N,N
HV0003,B03404,B03404,2024-09-01 00:44:38,2024-09-01 00:47:32,2024-09-01 00:49:07,2024-09-01 01:03:07,257,256,7.82,840,25.02,0.0,0.69,2.22,0.0,0.0,0.0,18.8,N,N,N,N,N
HV0003,B03404,B03404,2024-09-01 00:04:23,2024-09-01 00:08:36,2024-09-01 00:09:04,2024-09-01 00:25:15,168,78,5.04,971,25.04,0.0,0.69,2.23,0.0,0.0,4.19,16.28,N,N,N,N,N
HV0003,B03404,B03404,2024-09-01 00:26:22,2024-09-01 00:29:36,2024-09-01 00:31:36,2024-09-01 00:54:00,78,127,5.07,1344,19.62,0.0,0.51,1.62,0.0,0.0,0.0,19.96,N,N,N,N,N
HV0003,B03404,B03404,2024-09-01 00:02:42,2024-09-01 00:07:51,2024-09-01 00:08:22,2024-09-01 00:12:58,80,217,0.74,276,13.4,0.0,0.37,1.19,0.0,0.0,0.0,6.39,N,N,N,N,N
HV0003,B03404,B03404,2024-09-01 00:13:28,2024-09-01 00:22:07,2024-09-01 00:22:27,2024-09-01 00:54:18,255,265,15.63,1911,58.46,20.0,1.68,0.0,0.0,0.0,12.32,43.46,N,N,N,N,N
HV0003,B03404,B03404,2024-09-01 00:41:10,2024-09-01 00:44:02,2024-09-01 00:46:02,2024-09-01 01:06:39,246,152,6.18,1237,25.32,0.0,0.7,2.23,2.75,0.0,0.0,20.42,N,N,N,N,N
HV0003,B03404,B03404,2024-09-01 00:49:21,2024-09-01 00:51:30,2024-09-01 00:51:38,2024-09-01 01:12:33,14,155,11.44,1255,34.88,0.0,0.96,3.09,0.0,0.0,7.79,27.76,N,N,N,N,N
HV0003,B03404,B03404,2024-09-01 00:01:05,2024-09-01 00:07:17,2024-09-01 00:09:18,2024-09-01 00:19:30,37,17,1.66,612,8.9,0.0,0.26,0.84,0.0,0.0,1.0,9.21,Y,N,N,N,N
HV0003,B03404,B03404,2024-09-01 00:19:05,2024-09-01 00:22:45,2024-09-01 00:23:43,2024-09-01 00:32:19,17,256,1.78,516,12.5,0.0,0.34,1.11,0.0,0.0,0.0,7.43,N,N,N,N,N
HV0003,B03404,B03404,2024-09-01 00:27:58,2024-09-01 00:32:37,2024-09-01 00:32:54,2024-09-01 00:49:23,256,87,4.36,989,22.67,0.0,0.63,2.01,2.75,0.0,0.0,17.04,N,N,N,N,N
HV0005,B03406,,2024-09-01 00:10:13,,2024-09-01 00:14:09,2024-09-01 00:31:27,4,246,2.84,1038,17.97,0.0,0.49,1.59,2.75,0.0,0.0,13.99,N,N,N,N,N
HV0005,B03406,,2024-09-01 00:31:35,,2024-09-01 00:34:41,2024-09-01 00:52:57,68,236,4.832,1096,26.88,0.0,0.72,2.34,2.75,0.0,0.0,17.28,N,N,N,N,N
HV0003,B03404,B03404,2024-09-01 00:53:07,2024-09-01 00:55:07,2024-09-01 00:55:57,2024-09-01 01:16:45,7,47,6.99,1248,16.15,6.94,0.48,2.05,0.0,0.0,0.0,21.64,N,N,N,N,N
HV0003,B03404,B03404,2024-08-31 23:52:33,2024-09-01 00:02:06,2024-09-01 00:02:20,2024-09-01 00:22:01,40,112,5.15,1181,23.24,0.0,0.64,2.07,0.0,0.0,0.0,18.47,N,N,N,N,N
HV0003,B03404,B03404,2024-09-01 00:19:19,2024-09-01 00:24:06,2024-09-01 00:24:18,2024-09-01 00:44:24,112,198,3.95,1206,20.61,0.0,0.57,1.83,0.0,0.0,0.0,19.09,N,N,N,N,N
HV0003,B03404,B03404,2024-09-01 00:42:06,2024-09-01 00:45:06,2024-09-01 00:45:06,2024-09-01 01:01:29,198,95,3.65,983,21.46,0.0,0.59,1.91,0.0,0.0,0.0,14.51,N,N,N,N,N
HV0003,B03404,B03404,2024-09-01 00:03:48,2024-09-01 00:08:05,2024-09-01 00:08:24,2024-09-01 00:27:02,222,35,3.3,1118,23.21,0.0,0.64,2.06,0.0,0.0,0.0,15.35,N,N,N,N,N
HV0003,B03404,B03404,2024-09-01 00:26:02,2024-09-01 00:29:56,2024-09-01 00:31:43,2024-09-01 00:45:34,35,76,3.11,831,18.75,0.0,0.52,1.67,0.0,0.0,0.0,12.3,N,N,N,N,N
HV0003,B03404,B03404,2024-09-01 00:46:49,2024-09-01 00:51:26,2024-09-01 00:51:45,2024-09-01 01:19:57,76,72,4.48,1692,15.35,0.0,0.45,1.45,0.0,0.0,0.0,22.53,N,N,N,N,N
HV0003,B03404,B03404,2024-09-01 00:40:02,2024-09-01 00:43:02,2024-09-01 00:43:02,2024-09-01 00:50:40,134,173,4.81,458,19.31,0.0,0.57,1.83,0.0,0.0,0.0,10.99,N,N,N,N,N
HV0003,B03404,B03404,2024-09-01 00:51:29,2024-09-01 00:55:34,2024-09-01 00:56:38,2024-09-01 01:03:03,173,173,0.71,385,8.93,0.0,0.24,0.79,0.0,0.0,0.0,5.39,N,N,N,N,N
HV0005,B03406,,2024-09-01 00:21:29,,2024-09-01 00:25:19,2024-09-01 00:33:58,77,61,2.088,519,17.97,0.0,0.49,1.59,0.0,0.0,0.0,7.91,N,N,N,N,N
HV0005,B03406,,2024-09-01 00:49:20,,2024-09-01 00:51:08,2024-09-01 00:56:08,225,17,0.895,300,11.68,0.0,0.29,0.92,0.0,0.0,0.0,5.47,N,N,N,N,N
HV0003,B03404,B03404,2024-08-31 23:59:01,2024-09-01 00:05:30,2024-09-01 00:05:45,2024-09-01 00:14:53,80,112,1.43,548,13.43,0.0,0.39,1.27,0.0,0.0,0.0,8.46,N,N,N,N,Y
HV0003,B03404,B03404,2024-09-01 00:03:24,2024-09-01 00:17:38,2024-09-01 00:19:27,2024-09-01 00:49:36,112,181,9.19,1809,34.91,0.0,0.96,3.09,0.0,0.0,0.0,35.39,N,N,N,N,Y
HV0003,B03404,B03404,2024-09-01 00:48:18,2024-09-01 00:53:54,2024-09-01 00:55:31,2024-09-01 01:04:09,181,181,1.18,518,14.26,0.0,0.39,1.27,0.0,0.0,0.0,9.73,N,N,N,N,Y
HV0003,B03404,B03404,2024-08-31 23:58:22,2024-09-01 00:08:02,2024-09-01 00:09:42,2024-09-01 00:28:15,180,117,6.84,1113,25.48,5.2,0.74,2.87,0.0,0.0,0.0,20.11,N,N,N,N,N
HV0003,B03404,B03404,2024-09-01 00:22:10,2024-09-01 00:32:35,2024-09-01 00:32:51,2024-09-01 00:42:28,201,201,2.06,577,21.49,0.0,0.59,1.91,0.0,0.0,2.39,9.41,N,N,N,N,N
HV0003,B03404,B03404,2024-09-01 00:35:30,2024-09-01 00:46:06,2024-09-01 00:46:19,2024-09-01 00:51:55,201,201,1.57,336,17.2,0.0,0.47,1.53,0.0,0.0,3.0,8.62,N,N,N,N,N
HV0003,B03404,B03404,2024-09-01 00:51:31,2024-09-01 00:51:50,2024-09-01 00:52:32,2024-09-01 00:56:04,201,201,0.91,212,9.23,0.0,0.27,0.87,0.0,0.0,0.0,6.39,N,N,N,N,N
HV0003,B03404,B03404,2024-09-01 00:17:28,2024-09-01 00:23:09,2024-09-01 00:25:10,2024-09-01 00:53:16,249,265,5.09,1686,27.25,20.0,0.79,0.0,0.0,0.0,0.0,25.18,N,N,N,N,N
HV0003,B03404,B03404,2024-09-01 00:09:32,2024-09-01 00:10:12,2024-09-01 00:12:12,2024-09-01 00:29:02,263,261,8.72,1010,22.67,0.0,0.62,2.02,2.75,0.0,0.0,21.67,N,N,N,N,N
HV0003,B03404,B03404,2024-09-01 00:43:48,2024-09-01 00:45:50,2024-09-01 00:46:13,2024-09-01 01:00:32,88,65,4.04,859,22.6,0.0,0.62,2.0,2.75,0.0,0.0,13.84,N,N,N,N,N
HV0005,B03406,,2024-09-01 00:11:55,,2024-09-01 00:16:32,2024-09-01 00:22:34,221,221,1.056,362,8.66,0.0,0.24,0.77,0.0,0.0,0.0,5.47,N,N,N,N,N
HV0005,B03406,,2024-09-01 00:29:03,,2024-09-01 00:30:34,2024-09-01 00:46:59,206,214,4.031,985,20.59,0.0,0.57,1.83,0.0,0.0,0.0,15.11,N,N,N,N,N
HV0005,B03406,,2024-09-01 00:49:58,,2024-09-01 00:57:07,2024-09-01 01:16:04,115,206,5.246,1137,19.08,0.0,0.41,1.32,0.0,0.0,0.0,18.25,N,N,N,N,N
HV0003,B03404,B03404,2024-09-01 00:03:25,2024-09-01 00:04:03,2024-09-01 00:04:32,2024-09-01 00:10:10,43,238,1.41,338,10.07,0.0,0.27,0.9,2.75,0.0,0.0,5.39,N,N,N,N,N
HV0003,B03404,B03404,2024-09-01 00:10:10,2024-09-01 00:11:59,2024-09-01 00:12:07,2024-09-01 00:30:16,238,235,7.59,1089,22.09,0.0,0.64,2.08,2.75,0.0,0.0,20.9,N,N,N,N,N
HV0005,B03406,,2024-09-01 00:25:11,,2024-09-01 00:32:07,2024-09-01 00:57:50,163,256,6.393,1543,26.1,0.37,0.73,2.35,2.75,0.0,0.0,23.77,N,N,N,N,N
HV0003,B03404,B03404,2024-09-01 00:01:28,2024-09-01 00:04:59,2024-09-01 00:05:33,2024-09-01 00:22:09,61,177,2.96,996,16.73,0.0,0.48,1.58,0.0,0.0,0.0,13.71,N,N,N,N,N
HV0003,B03404,B03404,2024-09-01 00:22:25,2024-09-01 00:25:03,2024-09-01 00:27:04,2024-09-01 00:43:12,177,91,3.28,968,20.17,0.0,0.59,1.91,0.0,0.0,0.0,13.86,N,N,N,N,N
HV0005,B03406,,2024-09-01 00:20:53,,2024-09-01 00:23:58,2024-09-01 00:30:03,49,49,0.816,365,9.84,0.0,0.27,0.87,0.0,0.0,0.0,5.47,N,N,N,N,N
HV0005,B03406,,2024-09-01 00:26:14,,2024-09-01 00:30:24,2024-09-01 00:45:23,49,36,2.479,899,15.83,0.0,0.44,1.4,0.0,0.0,2.65,12.15,N,N,N,N,N
HV0005,B03406,,2024-09-01 00:33:18,,2024-09-01 00:48:57,2024-09-01 01:18:38,36,42,10.076,1781,51.23,6.97,1.6,5.16,0.0,0.0,5.0,31.12,N,N,N,N,N
HV0003,B03404,B03404,2024-09-01 00:09:01,2024-09-01 00:13:42,2024-09-01 00:14:52,2024-09-01 00:42:35,75,34,11.78,1663,34.36,6.94,0.95,3.66,0.0,0.0,0.0,35.1,N,N,N,N,N
HV0005,B03406,,2024-09-01 00:44:34,,2024-09-01 00:56:35,2024-09-01 01:37:56,97,219,12.348,2481,69.69,0.0,1.92,6.19,0.0,0.0,0.0,44.04,N,N,N,N,N
HV0005,B03406,,2024-09-01 00:50:29,,2024-09-01 00:53:18,2024-09-01 01:11:44,166,50,4.102,1106,25.97,0.0,0.71,2.3,2.75,0.0,0.0,17.28,N,N,N,N,N
HV0005,B03406,,2024-09-01 00:17:34,,2024-09-01 00:27:38,2024-09-01 00:45:08,181,89,3.583,1050,31.35,0.0,0.86,2.78,0.0,0.0,0.0,15.13,N,N,N,N,N
HV0005,B03406,,2024-09-01 00:09:00,,2024-09-01 00:14:28,2024-09-01 00:35:49,50,79,3.769,1281,24.87,0.0,0.48,1.56,2.75,0.0,0.0,17.63,N,N,N,N,N
HV0005,B03406,,2024-09-01 00:35:04,,2024-09-01 00:40:14,2024-09-01 01:00:42,79,34,2.92,1228,20.52,0.0,0.56,1.82,2.75,0.0,0.0,15.95,N,N,N,N,N
HV0003,B03404,B03404,2024-09-01 00:51:00,2024-09-01 00:56:30,2024-09-01 00:57:35,2024-09-01 01:36:14,231,265,14.15,2319,88.06,20.0,2.42,0.0,0.0,0.0,0.0,60.1,N,N,N,N,N
HV0003,B03404,B03404,2024-08-31 23:53:55,2024-09-01 00:03:57,2024-09-01 00:05:57,2024-09-01 00:17:20,212,185,3.16,683,15.3,0.0,0.43,1.36,0.0,0.0,1.0,14.62,N,N,N,N,N
HV0003,B03404,B03404,2024-09-01 00:25:17,2024-09-01 00:25:41,2024-09-01 00:26:20,2024-09-01 00:35:21,242,126,2.21,541,12.47,0.0,0.33,1.06,0.0,0.0,0.0,11.95,N,N,N,N,N
HV0003,B03404,B03404,2024-09-01 00:35:36,2024-09-01 00:37:29,2024-09-01 00:37:50,2024-09-01 00:42:32,126,248,0.9,282,7.16,0.0,0.2,0.63,0.0,0.0,0.0,9.07,N,N,N,N,N
HV0003,B03404,B03404,2024-09-01 00:43:41,2024-09-01 00:46:13,2024-09-01 00:46:31,2024-09-01 01:00:19,60,220,6.75,828,17.71,0.0,0.52,1.68,0.0,0.0,0.0,20.91,N,N,N,N,N
HV0003,B03404,B03404,2024-09-01 00:19:49,2024-09-01 00:23:42,2024-09-01 00:24:14,2024-09-01 00:35:55,107,125,1.63,701,12.76,0.0,0.37,1.21,2.75,0.0,0.0,10.53,N,N,N,N,Y
HV0003,B03404,B03404,2024-09-01 00:33:59,2024-09-01 00:43:02,2024-09-01 00:43:06,2024-09-01 01:03:52,114,230,2.68,1246,27.05,0.0,0.74,2.4,2.75,0.0,0.0,17.67,N,N,N,N,Y
HV0005,B03406,,2024-08-31 23:58:28,,2024-09-01 00:13:07,2024-09-01 00:47:39,256,76,5.848,2072,39.25,0.0,1.01,3.26,0.0,0.0,0.0,28.18,N,N,N,N,N
HV0003,B03404,B03404,2024-09-01 00:11:50,2024-09-01 00:15:52,2024-09-01 00:16:43,2024-09-01 00:25:31,79,45,3.43,528,14.5,0.0,0.43,1.37,2.75,0.0,0.0,9.79,N,N,N,N,N
HV0003,B03404,B03404,2024-09-01 00:24:07,2024-09-01 00:27:20,2024-09-01 00:28:58,2024-09-01 00:40:39,45,25,2.73,701,15.79,0.0,0.43,1.4,2.75,0.0,0.0,10.52,N,N,N,N,N
HV0003,B03404,B03404,2024-09-01 00:39:19,2024-09-01 00:44:16,2024-09-01 00:45:00,2024-09-01 00:59:31,33,37,4.37,871,23.23,0.0,0.64,2.06,0.0,0.0,0.0,14.41,N,N,N,N,N
HV0003,B03404,B03404,2024-09-01 00:27:10,2024-09-01 00:35:46,2024-09-01 00:35:58,2024-09-01 01:07:11,256,55,16.11,1873,51.31,0.0,1.41,4.56,0.0,0.0,0.0,44.92,N,N,N,N,N
HV0003,B03404,B03404,2024-09-01 00:08:35,2024-09-01 00:11:00,2024-09-01 00:12:47,2024-09-01 00:31:33,161,211,2.94,1126,51.62,0.0,1.41,4.59,2.75,0.0,12.07,34.18,N,N,N,N,N
HV0003,B03404,B03404,2024-09-01 00:28:34,2024-09-01 00:33:04,2024-09-01 00:34:51,2024-09-01 00:43:18,144,107,1.37,507,12.11,0.0,0.31,1.01,2.75,0.0,0.0,6.91,N,N,N,N,N
HV0003,B03404,B03404,2024-09-01 00:11:18,2024-09-01 00:12:02,2024-09-01 00:13:56,2024-09-01 00:26:40,254,169,6.02,764,22.7,0.0,0.66,2.13,0.0,0.0,0.0,15.61,N,N,N,N,N
HV0003,B03404,B03404,2024-09-01 00:35:59,2024-09-01 00:40:27,2024-09-01 00:42:27,2024-09-01 00:54:52,168,179,3.87,745,16.91,6.94,0.5,2.21,0.0,0.0,0.0,12.5,N,N,N,N,N
HV0005,B03406,,2024-09-01 00:06:15,,2024-09-01 00:11:14,2024-09-01 00:29:27,181,72,3.738,1093,19.55,0.0,0.54,1.74,0.0,0.0,0.0,15.76,N,N,N,N,N
HV0005,B03406,,2024-09-01 00:29:40,,2024-09-01 00:35:02,2024-09-01 00:45:12,72,61,1.574,610,13.39,0.0,0.37,1.19,0.0,0.0,0.0,8.09,N,N,N,N,N
HV0005,B03406,,2024-09-01 00:47:16,,2024-09-01 00:50:46,2024-09-01 00:57:45,61,72,1.152,419,8.8,0.0,0.24,0.78,0.0,0.0,0.0,5.66,N,N,N,N,N
HV0003,B03404,B03404,2024-09-01 00:01:35,2024-09-01 00:09:24,2024-09-01 00:09:52,2024-09-01 00:40:00,39,17,6.09,1808,17.86,0.0,0.5,1.6,0.0,0.0,0.0,25.85,N,N,N,N,N
HV0003,B03404,B03404,2024-09-01 00:15:27,2024-09-01 00:19:50,2024-09-01 00:20:19,2024-09-01 00:35:17,129,80,4.67,898,19.94,0.0,0.56,1.81,0.0,0.0,0.0,15.82,N,N,N,N,N
HV0003,B03404,B03404,2024-09-01 00:27:19,2024-09-01 00:40:34,2024-09-01 00:40:54,2024-09-01 00:53:40,80,102,2.53,766,30.42,0.0,0.83,2.69,0.0,0.0,5.09,14.38,N,N,N,N,N
HV0003,B03404,B03404,2024-09-01 00:56:06,2024-09-01 00:57:42,2024-09-01 00:58:49,2024-09-01 01:05:46,198,198,1.22,417,8.87,0.0,0.24,0.79,0.0,0.0,0.0,5.71,N,N,N,N,N
HV0003,B03404,B03404,2024-08-31 23:58:04,2024-08-31 23:59:28,2024-09-01 00:00:32,2024-09-01 00:20:17,246,233,2.21,1185,23.47,0.0,0.64,2.07,2.75,0.0,0.0,14.52,N,N,N,N,N
HV0003,B03404,B03404,2024-08-31 23:58:42,2024-09-01 00:01:00,2024-09-01 00:03:45,2024-09-01 00:11:34,161,48,1.14,469,10.9,0.0,0.3,0.99,2.75,0.0,0.0,6.2,N,N,N,N,N
HV0003,B03404,B03404,2024-09-01 00:15:45,2024-09-01 00:17:53,2024-09-01 00:17:53,2024-09-01 00:45:11,48,174,14.26,1638,29.9,3.18,0.85,2.94,2.75,0.0,0.0,35.31,N,N,N,N,N
HV0005,B03406,,2024-09-01 00:50:28,,2024-09-01 00:51:54,2024-09-01 01:00:11,238,166,1.434,497,10.73,0.0,0.29,0.95,2.75,0.0,0.0,6.8,N,N,N,N,N
HV0003,B03404,B03404,2024-09-01 00:54:08,2024-09-01 00:54:42,2024-09-01 00:55:36,2024-09-01 01:12:46,164,83,6.03,1030,23.35,6.94,0.68,2.8,2.75,0.0,0.0,18.21,N,N,N,N,N
HV0003,B03404,B03404,2024-09-01 00:43:00,2024-09-01 00:45:16,2024-09-01 00:46:01,2024-09-01 01:00:57,89,61,3.64,896,17.99,0.0,0.5,1.6,0.0,0.0,0.0,16.96,Y,N,N,N,Y
HV0005,B03406,,2024-09-01 00:19:19,,2024-09-01 00:22:45,2024-09-01 00:38:09,29,165,3.511,924,21.04,0.0,0.55,1.76,0.0,0.0,0.0,15.16,N,N,N,N,Y
HV0003,B03404,B03404,2024-09-01 00:31:15,2024-09-01 00:34:19,2024-09-01 00:34:55,2024-09-01 00:46:40,135,98,2.58,705,16.99,0.0,0.46,1.5,0.0,0.0,0.0,10.36,N,N,N,N,N
HV0003,B03404,B03404,2024-09-01 00:48:02,2024-09-01 00:50:55,2024-09-01 00:51:22,2024-09-01 01:05:43,98,95,6.51,861,21.43,0.0,0.59,1.9,0.0,0.0,0.0,17.22,N,N,N,N,N
HV0005,B03406,,2024-09-01 00:24:28,,2024-09-01 00:29:07,2024-09-01 00:38:27,82,129,1.172,560,13.31,0.0,0.37,1.18,0.0,0.0,0.0,7.06,N,N,N,N,N
HV0003,B03404,B03404,2024-09-01 00:01:51,2024-09-01 00:09:39,2024-09-01 00:11:39,2024-09-01 00:25:45,95,92,3.64,846,26.61,0.0,0.74,2.36,0.0,0.0,0.0,13.42,N,N,N,N,N
HV0003,B03404,B03404,2024-09-01 00:17:00,2024-09-01 00:28:07,2024-09-01 00:28:32,2024-09-01 01:06:17,93,265,26.53,2265,126.23,0.0,3.47,11.2,0.0,0.0,0.0,69.84,N,N,N,N,N
HV0003,B03404,B03404,2024-09-01 00:00:29,2024-09-01 00:01:27,2024-09-01 00:01:40,2024-09-01 00:39:38,68,265,18.41,2278,52.61,3.18,1.45,4.94,2.75,0.0,0.0,49.06,N,N,N,N,N
HV0003,B03404,B03404,2024-09-01 00:05:30,2024-09-01 00:08:20,2024-09-01 00:10:21,2024-09-01 00:27:16,51,254,3.12,1015,17.95,0.0,0.5,1.6,0.0,0.0,0.0,14.11,N,N,N,N,N
HV0003,B03404,B03404,2024-09-01 00:30:17,2024-09-01 00:34:16,2024-09-01 00:36:02,2024-09-01 00:44:11,189,61,0.95,489,21.95,0.0,0.6,1.95,0.0,0.0,0.0,15.05,N,N,N,N,N
HV0003,B03404,B03404,2024-09-01 00:44:47,2024-09-01 00:56:03,2024-09-01 00:56:03,2024-09-01 01:25:24,97,71,5.02,1761,54.56,0.0,1.5,4.85,0.0,0.0,0.0,37.53,N,N,N,N,N
HV0005,B03406,,2024-09-01 00:02:52,,2024-09-01 00:11:08,2024-09-01 00:52:23,186,18,12.481,2475,42.97,0.25,1.19,3.83,2.75,0.0,0.0,41.17,N,N,N,N,N
HV0003,B03404,B03404,2024-09-01 00:30:58,2024-09-01 00:33:53,2024-09-01 00:33:58,2024-09-01 00:56:40,173,193,5.52,1362,27.62,0.0,0.76,2.44,0.0,0.0,0.0,25.99,N,N,N,N,N
HV0005,B03406,,2024-09-01 00:55:14,,2024-09-01 00:58:24,2024-09-01 01:10:30,233,87,4.98,726,20.82,0.0,0.57,1.85,2.75,0.0,0.0,13.87,N,N,N,N,N
HV0005,B03406,,2024-09-01 00:26:34,,2024-09-01 00:29:57,2024-09-01 00:51:10,166,47,5.849,1273,24.85,0.0,0.61,1.97,0.0,0.0,0.0,20.4,N,N,N,N,N
HV0003,B03404,B03404,2024-08-31 23:54:51,2024-08-31 23:59:03,2024-09-01 00:00:58,2024-09-01 00:10:34,90,48,1.76,576,12.69,0.0,0.35,1.13,2.75,0.0,0.0,7.99,N,N,N,N,N
HV0003,B03404,B03404,2024-09-01 00:24:30,2024-09-01 00:26:59,2024-09-01 00:27:23,2024-09-01 00:50:15,48,232,4.78,1372,25.29,0.0,0.7,2.25,2.75,0.0,0.0,19.83,N,N,N,N,N
HV0003,B03404,B03404,2024-09-01 00:50:14,2024-09-01 00:53:03,2024-09-01 00:54:12,2024-09-01 01:16:28,148,225,4.3,1336,32.71,0.0,0.9,2.9,2.75,0.0,0.0,20.42,N,N,N,N,N
HV0003,B03404,B03404,2024-08-31 23:57:17,2024-09-01 00:00:48,2024-09-01 00:01:13,2024-09-01 00:14:33,37,255,2.13,800,16.95,0.0,0.46,1.5,0.0,0.0,0.0,10.67,N,N,N,N,N
HV0003,B03404,B03404,2024-09-01 00:12:29,2024-09-01 00:19:28,2024-09-01 00:19:39,2024-09-01 00:29:25,255,49,2.04,586,17.51,0.0,0.47,1.54,0.0,0.0,0.0,9.97,N,N,N,N,N
HV0003,B03404,B03404,2024-09-01 00:28:56,2024-09-01 00:37:00,2024-09-01 00:38:00,2024-09-01 01:23:21,97,265,19.77,2721,88.28,0.0,2.42,7.84,0.0,0.0,0.0,56.84,N,N,N,N,N
HV0003,B03404,B03404,2024-09-01 00:12:59,2024-09-01 00:17:01,2024-09-01 00:17:57,2024-09-01 00:25:05,11,22,1.24,428,8.91,0.0,0.24,0.79,0.0,0.0,3.0,5.85,N,N,N,N,N
HV0003,B03404,B03404,2024-09-01 00:00:27,2024-09-01 00:03:06,2024-09-01 00:04:01,2024-09-01 00:12:04,163,142,1.3,483,9.17,0.0,0.25,0.82,2.75,0.0,3.0,6.46,N,N,N,N,N
HV0003,B03404,B03404,2024-09-01 00:12:17,2024-09-01 00:14:06,2024-09-01 00:16:19,2024-09-01 00:43:50,163,247,9.06,1651,37.07,0.0,1.01,3.29,2.75,0.0,0.0,28.37,N,N,N,N,N
HV0003,B03404,B03404,2024-09-01 00:51:00,2024-09-01 00:55:52,2024-09-01 00:56:40,2024-09-01 01:08:47,69,42,1.5,727,10.71,0.0,0.29,0.95,0.0,0.0,0.0,9.11,N,N,N,N,N
HV0003,B03404,B03404,2024-08-31 23:57:06,2024-09-01 00:00:28,2024-09-01 00:01:21,2024-09-01 00:13:24,107,145,2.96,723,14.9,6.94,0.4,1.94,2.75,0.0,2.0,11.06,N,N,N,N,N
HV0003,B03404,B03404,2024-09-01 00:12:26,2024-09-01 00:16:04,2024-09-01 00:16:04,2024-09-01 00:28:35,145,157,4.22,751,16.71,0.0,0.43,1.38,0.0,0.0,3.0,13.04,N,N,N,N,N
HV0003,B03404,B03404,2024-09-01 00:23:58,2024-09-01 00:29:44,2024-09-01 00:30:04,2024-09-01 00:39:08,157,37,1.51,544,17.12,0.0,0.47,1.52,0.0,0.0,0.0,9.08,N,N,N,N,N
HV0003,B03404,B03404,2024-09-01 00:34:57,2024-09-01 00:44:08,2024-09-01 00:45:10,2024-09-01 00:53:57,37,255,1.41,527,20.15,0.0,0.55,1.79,0.0,0.0,0.0,9.51,N,N,N,N,N
HV0003,B03404,B03404,2024-09-01 00:47:56,2024-09-01 00:55:52,2024-09-01 00:57:53,2024-09-01 01:12:19,255,34,2.06,866,13.27,0.0,0.36,1.18,0.0,0.0,0.0,11.22,N,N,N,N,N
HV0005,B03406,,2024-08-31 23:59:38,,2024-09-01 00:02:09,2024-09-01 00:32:55,228,72,5.048,1846,27.77,0.0,0.76,2.46,0.0,0.0,0.0,24.89,N,N,N,N,N
HV0005,B03406,,2024-09-01 00:36:41,,2024-09-01 00:40:20,2024-09-01 01:05:38,85,76,4.598,1518,30.91,0.0,0.85,2.74,0.0,0.0,0.0,23.99,N,N,N,N,N
HV0003,B03404,B03404,2024-09-01 00:12:44,2024-09-01 00:18:10,2024-09-01 00:18:26,2024-09-01 00:20:45,158,90,0.41,139,9.14,0.0,0.25,0.81,2.75,0.0,0.0,5.4,N,N,N,N,N
HV0003,B03404,B03404,2024-09-01 00:21:50,2024-09-01 00:27:18,2024-09-01 00:27:29,2024-09-01 01:01:51,158,263,6.06,2062,40.46,0.0,1.11,3.59,2.75,0.0,0.0,28.28,N,N,N,N,N
HV0003,B03404,B03404,2024-09-01 00:18:03,2024-09-01 00:19:27,2024-09-01 00:21:22,2024-09-01 00:48:13,164,265,6.27,1611,20.58,20.0,0.68,0.0,0.0,0.0,0.0,25.82,N,N,N,N,N
HV0003,B03404,B03404,2024-09-01 00:06:53,2024-09-01 00:12:25,2024-09-01 00:12:39,2024-09-01 00:27:12,169,208,6.38,873,18.34,0.0,0.51,1.62,0.0,0.0,0.0,17.16,N,N,N,N,N
HV0003,B03404,B03404,2024-09-01 00:28:15,2024-09-01 00:28:49,2024-09-01 00:29:41,2024-09-01 00:34:08,208,208,1.14,267,7.51,0.0,0.22,0.71,0.0,0.0,0.0,5.39,N,N,N,N,N
HV0003,B03404,B03404,2024-09-01 00:36:35,2024-09-01 00:39:37,2024-09-01 00:39:57,2024-09-01 00:46:11,208,208,1.46,374,8.3,0.0,0.22,0.71,0.0,0.0,0.0,5.62,N,N,N,N,N
HV0003,B03404,B03404,2024-09-01 00:52:06,2024-09-01 00:52:41,2024-09-01 00:54:43,2024-09-01 01:03:55,208,208,2.91,552,12.57,0.0,0.34,1.12,0.0,0.0,0.0,9.33,N,N,N,N,N
HV0005,B03406,,2024-08-31 23:56:06,,2024-09-01 00:05:25,2024-09-01 00:21:20,157,129,3.64,955,18.01,0.0,0.44,1.43,0.0,0.0,0.0,14.28,N,N,N,N,N
HV0005,B03406,,2024-09-01 00:15:20,,2024-09-01 00:22:26,2024-09-01 00:30:40,129,82,1.077,494,11.65,0.0,0.32,1.03,0.0,0.0,0.0,6.28,N,N,N,N,N
HV0005,B03406,,2024-09-01 00:27:21,,2024-09-01 00:31:26,2024-09-01 00:43:45,82,260,1.869,739,10.74,0.0,0.3,0.95,0.0,0.0,0.0,12.76,N,N,N,N,N
HV0005,B03406,,2024-09-01 00:39:30,,2024-09-01 00:45:30,2024-09-01 00:49:22,260,260,0.475,232,6.45,0.0,0.18,0.57,0.0,0.0,0.0,5.47,N,N,N,N,N
HV0005,B03406,,2024-09-01 00:49:45,,2024-09-01 00:52:09,2024-09-01 01:03:34,260,223,2.392,685,12.39,0.0,0.34,1.1,0.0,0.0,0.0,9.94,N,N,N,N,N
HV0003,B03404,B03404,2024-08-31 23:58:20,2024-09-01 00:00:31,2024-09-01 00:00:40,2024-09-01 00:31:34,244,169,5.12,1854,38.46,0.0,1.06,3.42,0.0,0.0,0.0,24.97,N,N,N,N,N
HV0003,B03404,B03404,2024-09-01 00:20:36,2024-09-01 00:26:57,2024-09-01 00:27:13,2024-09-01 00:46:34,17,157,3.27,1161,17.38,0.0,0.47,1.54,0.0,0.0,3.0,15.73,N,N,N,N,N
HV0003,B03404,B03404,2024-09-01 00:45:11,2024-09-01 00:48:22,2024-09-01 00:48:22,2024-09-01 01:02:15,157,7,3.73,833,25.15,0.0,0.74,2.38,0.0,0.0,0.0,13.16,N,N,N,N,N
HV0003,B03404,B03404,2024-09-01 00:01:59,2024-09-01 00:06:47,2024-09-01 00:06:50,2024-09-01 00:38:26,213,265,23.24,1896,54.98,6.94,1.51,5.49,0.0,0.0,10.0,53.3,N,N,N,N,N
HV0005,B03406,,2024-09-01 00:34:17,,2024-09-01 00:41:14,2024-09-01 00:53:22,37,36,2.008,728,17.66,0.0,0.48,1.54,0.0,0.0,0.0,9.84,N,N,N,N,N
HV0005,B03406,,2024-09-01 00:54:04,,2024-09-01 00:55:53,2024-09-01 00:59:59,36,157,0.739,246,8.05,0.0,0.22,0.72,0.0,0.0,0.0,5.47,N,N,N,N,N
HV0005,B03406,,2024-09-01 00:08:44,,2024-09-01 00:15:57,2024-09-01 00:27:08,97,49,1.044,671,10.14,0.0,0.28,0.9,0.0,0.0,0.0,7.96,N,N,N,N,N
HV0005,B03406,,2024-09-01 00:22:23,,2024-09-01 00:30:25,2024-09-01 00:43:34,49,256,2.617,789,15.13,0.0,0.42,1.34,0.0,0.0,0.0,11.26,N,N,N,N,N
HV0005,B03406,,2024-09-01 00:41:21,,2024-09-01 00:46:50,2024-09-01 01:05:40,256,97,3.285,1130,20.83,0.0,0.51,1.65,0.0,0.0,0.0,18.0,N,N,N,N,N
HV0003,B03404,B03404,2024-09-01 00:07:48,2024-09-01 00:11:26,2024-09-01 00:12:12,2024-09-01 00:23:30,79,229,2.75,678,16.33,0.0,0.44,1.45,2.75,0.0,0.0,10.33,N,N,N,N,N
HV0003,B03404,B03404,2024-09-01 00:32:24,2024-09-01 00:36:46,2024-09-01 00:37:19,2024-09-01 00:49:11,79,186,2.0,712,18.08,0.0,0.49,1.6,2.75,0.0,0.0,9.64,N,N,N,N,N
HV0003,B03404,B03404,2024-09-01 00:49:10,2024-09-01 00:49:22,2024-09-01 00:51:23,2024-09-01 01:10:28,186,157,6.31,1145,38.26,6.94,1.05,4.01,2.75,0.0,5.3,20.39,N,N,N,N,N
HV0003,B03404,B03404,2024-09-01 00:07:45,2024-09-01 00:14:19,2024-09-01 00:14:31,2024-09-01 00:18:52,79,79,0.76,261,9.17,0.0,0.25,0.81,2.75,0.0,0.0,5.39,N,N,N,N,N
HV0003,B03404,B03404,2024-09-01 00:18:17,2024-09-01 00:26:48,2024-09-01 00:26:48,2024-09-01 00:47:27,79,256,3.86,1239,13.29,0.0,0.36,1.18,0.75,0.0,0.0,10.97,Y,Y,N,N,N
HV0003,B03404,B03404,2024-09-01 00:19:51,2024-09-01 00:32:52,2024-09-01 00:32:52,2024-09-01 01:08:04,4,17,5.74,2112,18.67,0.0,0.52,1.66,0.75,0.0,0.0,15.86,Y,Y,N,N,N
HV0003,B03404,B03404,2024-09-01 00:46:40,2024-09-01 00:50:51,2024-09-01 00:51:50,2024-09-01 01:16:53,256,61,3.8,1503,14.03,0.0,0.38,1.25,0.0,0.0,0.0,11.88,Y,Y,N,N,N
HV0003,B03404,B03404,2024-09-01 00:19:05,2024-09-01 00:20:03,2024-09-01 00:20:03,2024-09-01 00:45:33,148,37,4.91,1530,15.81,0.0,0.44,1.41,2.75,0.0,0.0,21.55,N,N,N,N,N
HV0003,B03404,B03404,2024-09-01 00:42:48,2024-09-01 00:46:46,2024-09-01 00:47:00,2024-09-01 01:23:34,37,142,8.47,2194,37.79,0.0,1.04,3.36,2.75,0.0,0.0,32.84,N,N,N,N,N
HV0005,B03406,,2024-09-01 00:07:23,,2024-09-01 00:13:21,2024-09-01 00:22:36,226,226,1.682,555,15.09,0.0,0.41,1.34,0.0,0.0,0.0,7.71,N,N,N,N,N
HV0005,B03406,,2024-09-01 00:28:48,,2024-09-01 00:32:01,2024-09-01 00:46:36,226,179,2.655,875,17.99,0.0,0.44,1.42,0.0,0.0,0.0,12.16,N,N,N,N,N
HV0003,B03404,B03404,2024-09-01 00:04:00,2024-09-01 00:06:52,2024-09-01 00:08:54,2024-09-01 00:21:42,72,39,2.05,768,14.26,0.0,0.41,1.35,0.0,0.0,0.0,10.26,N,N,N,N,N
HV0003,B03404,B03404,2024-09-01 00:22:29,2024-09-01 00:26:16,2024-09-01 00:27:24,2024-09-01 00:54:10,39,89,4.75,1606,25.89,0.0,0.71,2.3,0.0,0.0,0.0,22.07,N,N,N,N,N
HV0005,B03406,,2024-09-01 00:18:09,,2024-09-01 00:24:11,2024-09-01 00:36:29,106,195,2.356,738,19.7,0.0,0.54,1.75,0.0,0.0,4.4,11.32,N,N,N,N,Y
HV0005,B03406,,2024-09-01 00:35:06,,2024-09-01 00:41:38,2024-09-01 00:51:45,195,25,2.714,607,15.05,0.0,0.41,1.33,0.0,0.0,0.0,10.68,N,N,N,N,Y
HV0005,B03406,,2024-09-01 00:53:43,,2024-09-01 00:57:58,2024-09-01 01:08:33,181,61,1.376,635,11.77,0.0,0.39,1.27,0.0,2.5,0.0,12.07,N,N,N,N,Y
HV0003,B03404,B03404,2024-09-01 00:40:17,2024-09-01 00:41:54,2024-09-01 00:41:59,2024-09-01 00:55:22,113,232,1.67,803,17.59,0.0,0.47,1.54,2.75,0.0,0.0,10.27,N,N,N,N,N
HV0003,B03404,B03404,2024-09-01 00:55:55,2024-09-01 00:57:50,2024-09-01 00:59:19,2024-09-01 01:08:40,148,231,1.52,561,20.81,0.0,0.58,1.89,2.75,0.0,0.0,15.23,N,N,N,N,N
HV0003,B03404,B03404,2024-09-01 00:08:25,2024-09-01 00:14:22,2024-09-01 00:14:47,2024-09-01 00:33:00,95,75,11.51,1093,32.58,6.94,0.9,3.51,0.0,0.0,0.0,27.27,N,N,N,N,N
HV0003,B03404,B03404,2024-09-01 00:33:15,2024-09-01 00:36:02,2024-09-01 00:37:57,2024-09-01 00:54:50,74,169,6.09,1013,18.77,0.0,0.52,1.66,0.0,0.0,0.0,18.12,N,N,N,N,N
HV0003,B03404,B03404,2024-09-01 00:54:11,2024-09-01 00:54:38,2024-09-01 00:56:37,2024-09-01 01:11:57,169,127,3.57,920,22.29,0.0,0.66,2.11,0.0,0.0,0.0,13.8,N,N,N,N,N
HV0005,B03406,,2024-08-31 23:56:00,,2024-09-01 00:17:20,2024-09-01 00:37:39,93,256,9.394,1219,33.87,0.0,0.93,3.01,0.0,0.0,7.56,31.71,N,N,N,N,N
HV0005,B03406,,2024-09-01 00:28:26,,2024-09-01 00:40:34,2024-09-01 00:50:07,80,36,1.609,573,10.74,0.0,0.3,0.95,0.0,0.0,0.0,11.78,N,N,N,N,N
HV0005,B03406,,2024-09-01 00:46:51,,2024-09-01 00:51:58,2024-09-01 01:06:11,36,226,3.227,853,27.88,0.0,0.68,2.21,0.0,0.0,0.0,12.72,N,N,N,N,N
HV0003,B03404,B03404,2024-09-01 00:23:54,2024-09-01 00:30:01,2024-09-01 00:30:14,2024-09-01 00:36:54,255,80,0.67,400,16.31,0.0,0.45,1.44,0.0,0.0,0.0,12.55,N,N,N,N,N
HV0003,B03404,B03404,2024-09-01 00:41:11,2024-09-01 00:43:45,2024-09-01 00:44:08,2024-09-01 00:51:41,255,80,1.18,453,21.6,0.0,0.63,2.03,0.0,0.0,0.0,13.4,N,N,N,N,N
HV0003,B03404,B03404,2024-09-01 00:16:32,2024-09-01 00:20:01,2024-09-01 00:20:07,2024-09-01 00:28:48,82,260,0.81,521,8.53,0.0,0.23,0.75,0.0,0.0,0.0,6.16,N,N,N,N,N
HV0003,B03404,B03404,2024-09-01 00:34:37,2024-09-01 00:38:25,2024-09-01 00:38:33,2024-09-01 00:45:54,226,260,1.37,441,10.73,0.0,0.29,0.96,0.0,0.0,0.0,6.15,N,N,N,N,N
HV0003,B03404,B03404,2024-09-01 00:44:24,2024-09-01 00:48:09,2024-09-01 00:48:54,2024-09-01 00:57:48,260,157,1.49,534,11.53,0.0,0.31,1.03,0.0,0.0,5.0,7.22,N,N,N,N,N
HV0003,B03404,B03404,2024-09-01 00:05:24,2024-09-01 00:10:34,2024-09-01 00:10:34,2024-09-01 00:23:49,232,52,3.23,795,17.27,0.0,0.45,1.47,2.75,0.0,0.0,14.36,N,N,N,N,N
HV0003,B03404,B03404,2024-09-01 00:24:04,2024-09-01 00:25:14,2024-09-01 00:25:23,2024-09-01 00:41:23,52,80,4.1,960,18.68,0.0,0.52,1.66,0.0,0.0,4.17,14.91,N,N,N,N,N
HV0003,B03404,B03404,2024-09-01 00:38:55,2024-09-01 00:41:50,2024-09-01 00:42:11,2024-09-01 00:59:23,80,79,3.18,1032,23.42,0.0,0.65,2.08,2.75,0.0,0.0,14.35,N,N,N,N,N
HV0003,B03404,B03404,2024-08-31 23:57:23,2024-09-01 00:00:07,2024-09-01 00:02:08,2024-09-01 00:52:55,91,97,8.49,3047,51.5,0.0,1.5,4.87,0.0,0.0,0.0,41.16,N,N,N,N,N
HV0003,B03404,B03404,2024-09-01 00:45:52,2024-09-01 00:56:59,2024-09-01 00:57:20,2024-09-01 01:17:07,25,227,5.19,1187,39.4,0.0,1.08,3.5,0.0,0.0,0.0,19.59,N,N,N,N,N
HV0003,B03404,B03404,2024-09-01 00:12:59,2024-09-01 00:15:56,2024-09-01 00:16:18,2024-09-01 00:34:35,72,61,3.97,1097,21.44,0.0,0.59,1.9,0.0,0.0,0.0,16.06,N,N,N,N,N
HV0003,B03404,B03404,2024-09-01 00:33:35,2024-09-01 00:37:16,2024-09-01 00:38:29,2024-09-01 00:58:24,61,36,4.28,1195,24.39,0.0,0.72,2.3,0.0,0.0,0.0,17.43,N,N,N,N,N
HV0003,B03404,B03404,2024-09-01 00:21:51,2024-09-01 00:25:27,2024-09-01 00:26:51,2024-09-01 00:58:48,71,65,8.67,1917,39.03,0.0,1.07,3.46,0.0,0.0,0.0,30.42,N,N,N,N,N
HV0003,B03404,B03404,2024-09-01 00:09:15,2024-09-01 00:15:19,2024-09-01 00:15:53,2024-09-01 00:51:56,148,89,7.45,2163,37.84,0.0,1.1,3.57,2.75,0.0,0.0,31.15,N,N,N,N,N
HV0003,B03404,B03404,2024-09-01 00:51:53,2024-09-01 00:56:27,2024-09-01 00:57:46,2024-09-01 01:02:39,91,91,0.97,293,8.04,0.0,0.22,0.73,0.0,0.0,0.0,5.39,N,N,N,N,N
HV0003,B03404,B03404,2024-09-01 00:15:51,2024-09-01 00:17:03,2024-09-01 00:19:03,2024-09-01 00:40:40,61,198,3.54,1297,20.89,0.0,0.6,1.93,0.0,0.0,0.0,17.41,N,N,N,N,N
HV0003,B03404,B03404,2024-09-01 00:41:18,2024-09-01 00:45:47,2024-09-01 00:46:28,2024-09-01 01:10:21,36,100,7.53,1433,35.54,6.94,0.97,3.77,2.75,0.0,0.0,24.16,N,N,N,N,N
HV0003,B03404,B03404,2024-09-01 00:32:50,2024-09-01 00:35:05,2024-09-01 00:35:15,2024-09-01 00:56:41,9,7,9.49,1286,29.41,0.0,0.86,2.78,0.0,0.0,5.23,25.4,N,N,N,N,N
HV0005,B03406,,2024-09-01 00:11:17,,2024-09-01 00:16:48,2024-09-01 00:36:08,237,69,5.671,1160,25.14,0.0,0.69,2.23,2.75,0.0,0.0,21.26,N,N,N,N,Y
HV0005,B03406,,2024-09-01 00:35:15,,2024-09-01 00:40:56,2024-09-01 00:50:01,167,168,1.539,545,9.85,0.0,0.27,0.87,0.0,0.0,0.0,8.01,N,N,N,N,Y
HV0005,B03406,,2024-09-01 00:49:02,,2024-09-01 00:56:46,2024-09-01 01:15:17,168,244,5.032,1111,22.26,0.0,0.61,1.98,0.0,0.0,0.0,19.66,N,N,N,N,Y
HV0003,B03404,B03404,2024-09-01 00:06:54,2024-09-01 00:08:35,2024-09-01 00:10:37,2024-09-01 00:32:10,181,80,4.96,1293,26.63,0.0,0.73,2.36,0.0,0.0,0.0,20.1,N,N,N,N,N
HV0003,B03404,B03404,2024-09-01 00:29:15,2024-09-01 00:33:55,2024-09-01 00:35:55,2024-09-01 00:45:03,80,255,1.56,548,17.24,0.0,0.47,1.53,0.0,0.0,0.0,9.48,N,N,N,N,N
HV0003,B03404,B03404,2024-09-01 00:40:15,2024-09-01 00:46:11,2024-09-01 00:46:53,2024-09-01 01:02:31,255,82,5.26,938,30.36,0.0,0.84,2.69,0.0,0.0,0.0,17.51,N,N,N,N,N
HV0003,B03404,B03404,2024-09-01 00:12:05,2024-09-01 00:13:49,2024-09-01 00:15:46,2024-09-01 00:23:16,47,78,1.41,450,9.21,0.0,0.25,0.82,0.0,0.0,0.0,6.29,N,N,N,N,N
HV0005,B03406,,2024-09-01 00:43:28,,2024-09-01 00:47:35,2024-09-01 00:56:14,129,129,0.997,519,6.96,0.0,0.19,0.62,0.0,0.0,0.0,6.42,N,N,N,N,N
HV0005,B03406,,2024-09-01 00:10:29,,2024-09-01 00:12:12,2024-09-01 00:28:20,243,78,4.767,968,23.31,0.0,0.57,1.84,0.0,0.0,0.0,15.94,N,N,N,N,N
HV0005,B03406,,2024-09-01 00:30:45,,2024-09-01 00:33:10,2024-09-01 00:47:27,78,168,5.193,857,19.54,0.0,0.54,1.73,0.0,0.0,0.0,15.44,N,N,N,N,N
HV0005,B03406,,2024-09-01 00:50:43,,2024-09-01 00:52:29,2024-09-01 00:57:22,74,42,0.74,293,8.1,0.0,0.15,0.49,0.0,0.0,0.0,5.47,N,N,N,N,N
HV0005,B03406,,2024-09-01 00:57:23,,2024-09-01 00:59:23,2024-09-01 01:03:43,41,41,1.008,260,8.05,0.0,0.22,0.72,0.0,0.0,0.0,5.47,N,N,N,N,N
HV0003,B03404,B03404,2024-08-31 23:54:18,2024-08-31 23:58:52,2024-09-01 00:00:14,2024-09-01 00:37:14,258,228,19.82,2220,42.64,0.0,1.17,3.78,0.0,0.0,0.0,48.53,N,N,N,N,N
HV0003,B03404,B03404,2024-09-01 00:00:28,2024-09-01 00:02:35,2024-09-01 00:03:18,2024-09-01 00:11:36,25,33,1.19,498,11.55,0.0,0.32,1.03,0.0,0.0,0.0,6.46,N,N,N,N,N
HV0003,B03404,B03404,2024-09-01 00:11:14,2024-09-01 00:13:37,2024-09-01 00:13:37,2024-09-01 00:29:21,33,26,5.52,944,24.97,0.0,0.69,2.21,0.0,0.0,4.18,16.68,N,N,N,N,N
HV0003,B03404,B03404,2024-09-01 00:29:55,2024-09-01 00:36:55,2024-09-01 00:37:09,2024-09-01 00:45:56,227,26,1.5,527,10.7,0.0,0.29,0.95,0.0,0.0,0.0,7.16,N,N,N,N,N
HV0003,B03404,B03404,2024-09-01 00:49:50,2024-09-01 00:52:35,2024-09-01 00:52:51,2024-09-01 01:19:00,89,260,12.35,1569,49.46,0.0,1.36,4.39,0.0,0.0,0.0,34.01,N,N,N,N,N
HV0003,B03404,B03404,2024-09-01 00:12:31,2024-09-01 00:17:57,2024-09-01 00:17:57,2024-09-01 00:24:53,168,42,1.94,416,11.32,0.0,0.31,1.0,0.0,0.0,0.0,6.68,N,N,N,N,N
HV0005,B03406,,2024-09-01 00:42:58,,2024-09-01 00:46:15,2024-09-01 01:12:52,162,225,7.141,1597,32.38,2.02,0.91,2.93,2.75,0.0,0.0,25.32,N,N,N,N,N
HV0003,B03404,B03404,2024-09-01 00:19:28,2024-09-01 00:21:35,2024-09-01 00:21:50,2024-09-01 00:44:56,39,55,11.02,1386,36.62,0.0,1.01,3.25,0.0,0.0,0.0,28.46,N,N,N,N,N
HV0003,B03404,B03404,2024-09-01 00:50:16,2024-09-01 00:53:07,2024-09-01 00:54:24,2024-09-01 01:20:04,55,188,7.27,1540,27.89,0.0,0.68,2.19,0.0,0.0,0.0,24.86,N,N,N,N,N
HV0005,B03406,,2024-09-01 00:13:52,,2024-09-01 00:21:37,2024-09-01 00:42:50,133,4,9.442,1273,29.26,0.24,0.81,2.62,2.75,0.0,0.0,25.3,N,N,N,N,N
HV0005,B03406,,2024-09-01 00:40:14,,2024-09-01 00:43:49,2024-09-01 00:50:34,4,232,0.943,405,9.18,0.0,0.25,0.81,2.75,0.0,0.0,5.47,N,N,N,N,N
HV0005,B03406,,2024-09-01 00:48:57,,2024-09-01 00:52:22,2024-09-01 01:07:22,232,256,2.341,900,15.41,0.0,0.42,1.37,2.75,0.0,0.0,11.97,N,N,N,N,N
HV0005,B03406,,2024-09-01 00:03:17,,2024-09-01 00:07:28,2024-09-01 00:22:53,107,148,1.796,925,19.78,0.0,0.37,1.2,2.75,0.0,0.0,11.86,N,N,N,N,N
HV0005,B03406,,2024-09-01 00:22:49,,2024-09-01 00:30:35,2024-09-01 00:36:35,148,79,1.172,360,10.07,0.0,0.28,0.89,2.75,0.0,3.0,5.47,N,N,N,N,N
HV0005,B03406,,2024-09-01 00:39:18,,2024-09-01 00:43:58,2024-09-01 01:12:43,79,57,11.519,1725,54.38,1.65,1.53,4.95,2.75,0.0,0.0,35.05,N,N,N,N,N
HV0003,B03404,B03404,2024-08-31 23:58:47,2024-09-01 00:03:29,2024-09-01 00:03:48,2024-09-01 00:11:56,35,77,1.35,488,8.61,0.0,0.23,0.77,0.0,0.0,0.0,6.58,N,N,N,N,N
HV0005,B03406,,2024-09-01 00:12:47,,2024-09-01 00:19:03,2024-09-01 00:51:55,76,26,16.167,1972,37.73,0.11,0.96,3.09,0.0,0.0,0.0,41.29,N,N,N,N,N
HV0003,B03404,B03404,2024-09-01 00:02:58,2024-09-01 00:08:03,2024-09-01 00:08:20,2024-09-01 00:33:30,164,223,9.3,1510,29.63,6.94,0.83,3.3,2.75,0.0,0.0,28.32,N,N,N,N,N
HV0005,B03406,,2024-09-01 00:35:45,,2024-09-01 00:38:01,2024-09-01 00:49:24,223,82,3.272,683,15.05,0.0,0.41,1.34,0.0,0.0,3.0,11.13,N,N,N,N,N
HV0005,B03406,,2024-09-01 00:47:05,,2024-09-01 00:52:12,2024-09-01 01:18:18,129,198,5.028,1566,25.97,0.0,0.71,2.3,0.0,0.0,0.0,22.13,N,N,N,N,N
HV0003,B03404,B03404,2024-08-31 23:58:22,2024-09-01 00:03:27,2024-09-01 00:03:39,2024-09-01 00:21:02,181,228,3.02,1043,20.13,0.0,0.58,1.9,0.0,0.0,2.38,14.24,N,N,N,N,N
HV0003,B03404,B03404,2024-09-01 00:32:49,2024-09-01 00:38:35,2024-09-01 00:38:35,2024-09-01 01:01:24,227,97,4.7,1369,22.71,0.0,0.67,2.14,0.0,0.0,0.0,19.69,N,N,N,N,N
HV0003,B03404,B03404,2024-09-01 00:27:31,2024-09-01 00:30:21,2024-09-01 00:31:30,2024-09-01 00:55:12,79,239,5.97,1422,29.77,0.0,0.82,2.63,2.75,0.0,0.0,21.94,N,N,N,N,N
HV0003,B03404,B03404,2024-09-01 00:02:04,2024-09-01 00:06:06,2024-09-01 00:07:10,2024-09-01 00:18:37,79,158,1.84,687,19.88,0.0,0.54,1.76,2.75,0.0,0.0,11.02,N,N,N,N,Y
HV0003,B03404,B03404,2024-09-01 00:21:13,2024-09-01 00:22:34,2024-09-01 00:23:21,2024-09-01 00:50:04,158,120,9.91,1603,35.99,0.0,0.99,3.19,2.75,0.0,6.43,33.83,N,N,N,N,Y
HV0003,B03404,B03404,2024-09-01 00:53:33,2024-09-01 00:55:38,2024-09-01 00:56:43,2024-09-01 01:08:16,120,116,1.83,693,12.24,0.0,0.3,0.99,0.0,0.0,1.0,10.76,N,N,N,N,Y
HV0003,B03404,B03404,2024-09-01 00:25:08,2024-09-01 00:28:26,2024-09-01 00:28:33,2024-09-01 00:53:58,116,170,7.75,1525,29.76,0.0,0.82,2.64,2.75,0.0,0.0,29.21,N,N,N,N,Y
HV0005,B03406,,2024-09-01 00:25:17,,2024-09-01 00:33:36,2024-09-01 00:47:29,189,37,2.786,833,18.33,0.0,0.39,1.27,0.0,0.0,4.61,11.92,N,N,N,N,N
HV0005,B03406,,2024-09-01 00:51:34,,2024-09-01 00:55:16,2024-09-01 01:26:41,36,263,7.694,1885,52.14,0.0,1.37,4.43,2.75,0.0,0.0,28.88,N,N,N,N,N
HV0003,B03404,B03404,2024-09-01 00:15:30,2024-09-01 00:18:20,2024-09-01 00:18:53,2024-09-01 00:35:59,89,65,6.98,1026,22.38,0.0,0.61,1.99,0.0,0.0,0.0,19.46,N,N,N,N,N
HV0003,B03404,B03404,2024-09-01 00:27:38,2024-09-01 00:37:36,2024-09-01 00:38:29,2024-09-01 00:46:08,65,49,1.46,459,15.12,0.0,0.44,1.43,0.0,0.0,0.0,8.04,N,N,N,N,N
HV0003,B03404,B03404,2024-09-01 00:50:45,2024-09-01 00:54:20,2024-09-01 00:55:47,2024-09-01 01:21:21,97,198,4.51,1534,36.22,0.0,1.06,3.42,0.0,0.0,8.6,23.79,N,N,N,N,N
HV0005,B03406,,2024-08-31 23:59:45,,2024-09-01 00:03:09,2024-09-01 00:24:57,61,145,5.7,1308,28.13,0.0,0.0,0.0,0.0,0.0,0.0,20.53,N,N,N,N,N
HV0005,B03406,,2024-09-01 00:23:45,,2024-09-01 00:26:34,2024-09-01 00:36:09,145,112,2.175,575,13.35,0.0,0.37,1.18,0.0,0.0,2.24,8.58,N,N,N,N,N
HV0005,B03406,,2024-09-01 00:33:54,,2024-09-01 00:40:35,2024-09-01 00:58:03,255,4,3.983,1048,19.03,0.0,0.52,1.69,2.75,0.0,0.0,15.65,N,N,N,N,N
HV0003,B03404,B03404,2024-09-01 00:24:44,2024-09-01 00:25:49,2024-09-01 00:29:44,2024-09-01 00:45:55,164,145,3.36,971,25.32,0.0,0.7,2.25,2.75,0.0,0.0,16.16,N,N,N,N,N
HV0003,B03404,B03404,2024-09-01 00:45:33,2024-09-01 00:47:33,2024-09-01 00:47:46,2024-09-01 01:11:16,145,40,6.76,1410,31.35,0.0,0.86,2.79,0.0,0.0,0.0,25.03,N,N,N,N,N
HV0003,B03404,B03404,2024-09-01 00:02:13,2024-09-01 00:04:15,2024-09-01 00:05:55,2024-09-01 00:21:17,165,29,3.65,922,17.06,0.0,0.47,1.51,0.0,0.0,0.0,13.92,N,N,N,N,N
HV0003,B03404,B03404,2024-09-01 00:20:30,2024-09-01 00:26:43,2024-09-01 00:28:05,2024-09-01 00:43:38,150,155,5.85,933,32.18,0.0,0.89,2.84,0.0,0.0,0.0,18.03,N,N,N,N,N
HV0003,B03404,B03404,2024-09-01 00:50:59,2024-09-01 00:54:35,2024-09-01 00:55:53,2024-09-01 01:10:24,91,72,2.88,871,16.98,0.0,0.46,1.51,0.0,0.0,0.0,12.39,N,N,N,N,N
HV0003,B03404,B03404,2024-09-01 00:03:24,2024-09-01 00:06:02,2024-09-01 00:06:35,2024-09-01 00:20:10,79,232,1.65,815,14.14,0.0,0.39,1.25,2.75,0.0,0.0,10.16,N,N,N,N,N
HV0003,B03404,B03404,2024-09-01 00:18:50,2024-09-01 00:24:39,2024-09-01 00:25:52,2024-09-01 00:43:52,232,168,8.31,1080,24.39,0.0,0.67,2.16,2.75,0.0,0.0,22.79,N,N,N,N,N
HV0003,B03404,B03404,2024-09-01 00:44:07,2024-09-01 00:45:31,2024-09-01 00:46:13,2024-09-01 00:55:16,168,74,1.98,543,10.72,0.0,0.29,0.95,0.0,0.0,0.0,7.97,N,N,N,N,N
HV0003,B03404,B03404,2024-09-01 00:53:48,2024-09-01 00:54:55,2024-09-01 00:56:18,2024-09-01 01:28:10,74,68,7.96,1912,22.41,0.0,0.62,2.0,2.75,0.0,0.0,29.41,N,N,N,N,N
HV0003,B03404,B03404,2024-09-01 00:54:56,2024-09-01 00:57:06,2024-09-01 00:57:27,2024-09-01 01:16:54,161,209,3.85,1167,27.06,0.0,0.75,2.4,2.75,0.0,4.94,16.58,N,N,N,N,N
HV0003,B03404,B03404,2024-09-01 00:23:19,2024-09-01 00:26:12,2024-09-01 00:27:41,2024-09-01 00:46:05,238,241,9.45,1104,27.09,0.0,0.8,2.55,2.75,0.0,0.0,23.58,N,N,N,N,N
HV0005,B03406,,2024-09-01 00:03:50,,2024-09-01 00:06:57,2024-09-01 00:38:14,230,228,10.537,1877,38.25,5.81,1.15,3.71,2.75,0.0,7.0,32.68,N,N,N,N,N
HV0005,B03406,,2024-09-01 00:37:36,,2024-09-01 00:42:46,2024-09-01 01:00:23,228,85,3.376,1057,19.02,0.0,0.47,1.5,0.0,0.0,0.0,14.91,N,N,N,N,N
HV0003,B03404,B03404,2024-09-01 00:41:29,2024-09-01 00:42:19,2024-09-01 00:43:16,2024-09-01 01:03:08,143,113,4.2,1192,23.12,0.0,0.63,2.02,2.75,0.0,4.22,20.17,N,N,N,N,N
HV0005,B03406,,2024-09-01 00:56:02,,2024-09-01 00:58:19,2024-09-01 01:09:35,119,60,2.138,676,14.33,0.0,0.39,1.27,0.0,0.0,0.0,9.51,N,N,N,N,N
HV0005,B03406,,2024-09-01 00:31:13,,2024-09-01 00:35:06,2024-09-01 00:51:56,262,148,5.87,1010,22.62,0.0,0.62,2.0,2.75,0.0,0.0,17.86,N,N,N,N,N
HV0003,B03404,B03404,2024-09-01 00:25:26,2024-09-01 00:27:22,2024-09-01 00:28:26,2024-09-01 00:49:31,258,61,4.27,1265,18.78,0.0,0.52,1.66,0.0,0.0,0.0,18.1,N,N,N,N,N
HV0003,B03404,B03404,2024-09-01 00:49:26,2024-09-01 00:54:14,2024-09-01 00:56:13,2024-09-01 01:10:05,61,35,1.74,832,16.8,0.0,0.46,1.49,0.0,0.0,0.0,10.72,N,N,N,N,N
HV0003,B03404,B03404,2024-09-01 00:06:17,2024-09-01 00:09:06,2024-09-01 00:09:15,2024-09-01 00:16:10,25,25,1.07,415,7.99,0.0,0.22,0.71,0.0,0.0,0.0,5.49,N,N,N,N,N
HV0003,B03404,B03404,2024-09-01 00:12:38,2024-09-01 00:24:49,2024-09-01 00:24:49,2024-09-01 00:53:41,25,72,5.06,1732,35.23,0.0,0.97,3.13,0.0,0.0,0.0,34.81,N,N,N,N,N
HV0003,B03404,B03404,2024-09-01 00:53:52,2024-09-01 00:55:22,2024-09-01 00:56:02,2024-09-01 01:06:37,72,61,1.86,635,12.46,0.0,0.34,1.11,0.0,0.0,0.0,8.7,N,N,N,N,N
HV0003,B03404,B03404,2024-09-01 00:03:28,2024-09-01 00:03:59,2024-09-01 00:04:41,2024-09-01 00:09:58,188,62,0.88,317,8.88,0.0,0.24,0.78,0.0,0.0,0.0,5.39,N,N,N,N,N
HV0003,B03404,B03404,2024-09-01 00:07:56,2024-09-01 00:12:00,2024-09-01 00:12:00,2024-09-01 00:25:08,62,71,1.96,788,11.46,0.0,0.27,0.89,0.0,0.0,0.0,10.32,N,N,N,N,N
HV0003,B03404,B03404,2024-09-01 00:28:17,2024-09-01 00:32:07,2024-09-01 00:32:23,2024-09-01 00:59:47,91,219,11.0,1644,37.57,0.0,1.04,3.34,0.0,0.0,0.0,30.93,N,N,N,N,N
HV0003,B03404,B03404,2024-09-01 00:33:59,2024-09-01 00:37:03,2024-09-01 00:37:28,2024-09-01 00:49:55,243,74,4.26,747,13.01,0.0,0.36,1.15,0.0,0.0,0.0,13.05,N,N,N,N,N
HV0005,B03406,,2024-09-01 00:11:33,,2024-09-01 00:15:10,2024-09-01 00:36:00,263,211,5.757,1250,33.02,0.0,0.91,2.93,2.75,0.0,0.0,22.8,N,N,N,N,N
HV0005,B03406,,2024-09-01 00:37:54,,2024-09-01 00:43:26,2024-09-01 00:54:45,148,148,0.841,679,10.9,0.0,0.3,0.97,2.75,0.0,0.0,7.77,N,N,N,N,N
HV0005,B03406,,2024-09-01 00:49:30,,2024-09-01 00:57:17,2024-09-01 01:11:19,148,233,2.729,842,26.86,0.12,0.74,2.39,2.75,0.0,0.0,11.94,N,N,N,N,N
HV0003,B03404,B03404,2024-09-01 00:13:17,2024-09-01 00:19:53,2024-09-01 00:21:28,2024-09-01 00:49:20,220,145,15.0,1672,38.0,6.94,1.04,3.99,0.0,0.0,0.0,39.07,N,N,N,N,N
HV0003,B03404,B03404,2024-09-01 00:53:33,2024-09-01 00:55:37,2024-09-01 00:56:12,2024-09-01 01:18:52,145,37,3.83,1360,20.58,0.0,0.57,1.83,0.0,0.0,4.59,20.85,N,N,N,N,N
HV0003,B03404,B03404,2024-09-01 00:06:08,2024-09-01 00:10:15,2024-09-01 00:12:15,2024-09-01 00:45:31,132,116,18.28,1996,63.13,6.94,1.8,6.43,0.0,2.5,0.0,44.25,N,N,N,N,N
HV0003,B03404,B03404,2024-09-01 00:45:14,2024-09-01 00:50:27,2024-09-01 00:51:44,2024-09-01 01:35:21,152,189,21.26,2617,55.47,6.94,1.53,5.54,0.0,0.0,6.94,54.34,N,N,N,N,N
HV0003,B03404,B03404,2024-08-31 23:57:46,2024-09-01 00:04:44,2024-09-01 00:05:02,2024-09-01 00:09:08,203,203,0.96,246,7.85,0.0,0.21,0.7,0.0,0.0,0.0,6.4,N,N,N,N,N
HV0003,B03404,B03404,2024-09-01 00:09:48,2024-09-01 00:17:04,2024-09-01 00:17:21,2024-09-01 00:55:28,203,225,18.94,2287,61.37,0.0,1.72,5.54,0.0,0.0,0.0,47.98,N,N,N,N,N
HV0003,B03404,B03404,2024-09-01 00:53:20,2024-09-01 00:57:12,2024-09-01 00:58:40,2024-09-01 01:16:14,225,77,3.26,1054,17.79,0.0,0.49,1.58,0.0,0.0,1.0,14.67,N,N,N,N,N
HV0005,B03406,,2024-08-31 23:54:55,,2024-09-01 00:00:46,2024-09-01 00:17:39,4,68,2.454,1013,17.97,0.0,0.49,1.59,2.75,0.0,0.0,13.23,N,N,N,N,N
HV0005,B03406,,2024-09-01 00:19:42,,2024-09-01 00:24:24,2024-09-01 00:36:13,68,107,1.501,709,13.52,0.0,0.37,1.2,2.75,0.0,0.0,8.96,N,N,N,N,N
HV0005,B03406,,2024-09-01 00:44:08,,2024-09-01 00:46:31,2024-09-01 01:07:08,107,226,4.837,1237,18.23,2.71,0.54,1.76,2.75,0.0,0.0,18.66,N,N,N,N,N
HV0003,B03404,B03404,2024-09-01 00:24:40,2024-09-01 00:30:42,2024-09-01 00:31:08,2024-09-01 00:39:11,195,40,1.82,483,11.59,0.0,0.32,1.03,0.0,0.0,5.0,7.17,N,N,N,N,N
HV0003,B03404,B03404,2024-09-01 00:39:29,2024-09-01 00:43:22,2024-09-01 00:43:41,2024-09-01 01:11:02,195,225,7.37,1641,35.83,0.0,0.98,3.18,0.0,0.0,0.0,25.97,N,N,N,N,N
HV0003,B03404,B03404,2024-08-31 23:59:28,2024-09-01 00:02:22,2024-09-01 00:03:00,2024-09-01 00:14:29,143,186,2.43,689,19.47,0.0,0.53,1.73,2.75,0.0,2.0,9.99,N,N,N,N,N
HV0003,B03404,B03404,2024-09-01 00:19:05,2024-09-01 00:21:14,2024-09-01 00:23:14,2024-09-01 00:53:18,186,57,9.29,1804,53.74,6.94,1.48,5.39,2.75,0.0,6.89,31.99,N,N,N,N,N
HV0003,B03404,B03404,2024-09-01 00:24:49,2024-09-01 00:26:35,2024-09-01 00:26:35,2024-09-01 00:30:52,17,17,0.95,257,8.96,0.0,0.24,0.8,0.0,0.0,0.0,5.4,N,N,N,N,N
HV0003,B03404,B03404,2024-09-01 00:31:35,2024-09-01 00:35:31,2024-09-01 00:36:15,2024-09-01 01:04:05,17,116,13.81,1670,39.06,6.94,1.14,4.3,0.0,0.0,0.0,35.0,N,N,N,N,N
HV0005,B03406,,2024-08-31 23:54:47,,2024-09-01 00:02:57,2024-09-01 00:10:14,66,88,2.411,437,14.91,0.0,0.5,1.61,2.75,0.0,0.0,7.55,N,N,N,N,N
HV0005,B03406,,2024-09-01 00:12:16,,2024-09-01 00:15:49,2024-09-01 00:40:36,261,198,9.441,1487,36.62,0.32,0.95,3.08,2.75,0.0,0.0,27.38,N,N,N,N,N
HV0005,B03406,,2024-09-01 00:46:23,,2024-09-01 00:51:08,2024-09-01 01:00:58,80,255,2.226,590,16.01,0.0,0.44,1.42,0.0,0.0,2.68,8.79,N,N,N,N,N
HV0003,B03404,B03404,2024-09-01 00:51:38,2024-09-01 00:55:08,2024-09-01 00:55:27,2024-09-01 01:01:06,256,17,1.14,339,13.39,0.0,0.37,1.19,0.0,0.0,0.0,7.39,N,N,N,N,N
HV0003,B03404,B03404,2024-09-01 00:21:37,2024-09-01 00:23:56,2024-09-01 00:24:27,2024-09-01 00:46:27,35,85,3.76,1320,19.7,0.0,0.55,1.75,0.0,0.0,0.0,17.94,N,N,N,N,N
HV0003,B03404,B03404,2024-09-01 00:48:31,2024-09-01 00:49:32,2024-09-01 00:51:33,2024-09-01 01:06:25,85,188,2.13,892,14.47,0.0,0.39,1.28,0.0,0.0,0.0,11.57,N,N,N,N,N
HV0005,B03406,,2024-09-01 00:34:06,,2024-09-01 00:43:51,2024-09-01 01:15:08,80,186,6.626,1877,52.9,2.04,1.51,4.88,2.75,0.0,0.0,31.34,N,N,N,N,N
HV0003,B03404,B03404,2024-09-01 00:00:10,2024-09-01 00:05:21,2024-09-01 00:05:21,2024-09-01 00:29:58,87,17,4.64,1477,20.78,0.0,0.57,1.84,2.75,0.0,0.0,21.41,N,N,N,N,N
HV0005,B03406,,2024-09-01 00:38:13,,2024-09-01 00:41:36,2024-09-01 01:04:08,75,234,4.986,1352,28.02,0.0,0.76,2.46,2.75,0.0,0.0,19.99,N,N,N,N,N
HV0003,B03404,B03404,2024-09-01 00:22:51,2024-09-01 00:25:37,2024-09-01 00:25:54,2024-09-01 00:58:42,149,170,14.08,1968,38.39,0.0,1.12,3.61,2.75,0.0,0.0,38.27,N,N,N,N,N
HV0005,B03406,,2024-09-01 00:16:44,,2024-09-01 00:20:02,2024-09-01 00:38:59,129,122,9.646,1137,27.77,0.0,0.76,2.46,0.0,0.0,0.0,24.25,N,N,N,N,N
HV0005,B03406,,2024-09-01 00:36:16,,2024-09-01 00:41:29,2024-09-01 00:55:44,122,131,0.805,855,13.36,0.0,0.37,1.19,0.0,0.0,0.0,9.44,N,N,N,N,N
HV0005,B03406,,2024-09-01 00:53:24,,2024-09-01 00:56:57,2024-09-01 01:18:47,131,36,9.074,1310,27.77,0.0,0.76,2.46,0.0,0.0,0.0,25.15,N,N,N,N,N
HV0005,B03406,,2024-09-01 00:04:13,,2024-09-01 00:06:04,2024-09-01 00:24:45,249,230,2.472,1121,20.82,0.0,0.57,1.85,2.75,0.0,0.0,14.3,N,N,N,N,N
HV0005,B03406,,2024-09-01 00:21:47,,2024-09-01 00:26:14,2024-09-01 01:01:28,230,34,6.324,2114,36.55,0.2,1.01,3.26,2.75,0.0,0.0,29.24,N,N,N,N,N
HV0003,B03404,B03404,2024-09-01 00:15:55,2024-09-01 00:17:41,2024-09-01 00:19:00,2024-09-01 00:46:17,203,92,13.31,1637,32.37,0.0,0.89,2.86,0.0,0.0,0.0,34.0,N,N,N,N,N
HV0003,B03404,B03404,2024-09-01 00:38:11,2024-09-01 00:45:49,2024-09-01 00:47:40,2024-09-01 01:08:23,92,233,10.34,1243,34.06,6.94,0.94,3.64,2.75,0.0,0.0,26.45,N,N,N,N,N
HV0003,B03404,B03404,2024-09-01 00:14:23,2024-09-01 00:16:20,2024-09-01 00:16:41,2024-09-01 00:25:51,7,146,1.94,550,10.17,0.0,0.28,0.9,0.0,0.0,0.0,7.99,N,N,N,N,N
HV0003,B03404,B03404,2024-09-01 00:38:24,2024-09-01 00:39:24,2024-09-01 00:40:52,2024-09-01 00:54:26,170,164,1.33,814,12.63,0.0,0.29,0.94,2.75,0.0,0.0,9.92,N,N,N,N,N
HV0003,B03404,B03404,2024-09-01 00:03:21,2024-09-01 00:11:57,2024-09-01 00:13:08,2024-09-01 00:32:32,17,34,2.44,1164,44.76,0.0,1.2,3.86,0.0,0.0,0.0,33.27,N,N,N,N,N
HV0003,B03404,B03404,2024-09-01 00:33:20,2024-09-01 00:38:10,2024-09-01 00:38:10,2024-09-01 01:03:19,256,68,5.67,1509,47.46,6.94,1.35,4.97,2.75,0.0,0.0,32.75,N,N,N,N,N
HV0003,B03404,B03404,2024-09-01 00:16:02,2024-09-01 00:16:39,2024-09-01 00:17:33,2024-09-01 00:26:01,234,233,1.33,508,9.15,0.0,0.24,0.78,2.75,0.0,0.0,6.75,N,N,N,N,N
HV0003,B03404,B03404,2024-09-01 00:29:46,2024-09-01 00:31:31,2024-09-01 00:32:17,2024-09-01 00:50:12,164,265,4.13,1075,27.76,20.0,0.66,0.0,0.0,0.0,0.0,17.01,N,N,N,N,N
HV0003,B03404,B03404,2024-09-01 00:13:49,2024-09-01 00:19:25,2024-09-01 00:19:46,2024-09-01 00:50:37,83,25,7.94,1851,29.48,0.0,0.81,2.61,0.0,0.0,0.0,28.79,N,N,N,N,N
HV0003,B03404,B03404,2024-09-01 00:36:53,2024-09-01 00:52:01,2024-09-01 00:53:29,2024-09-01 01:44:42,181,139,13.63,3073,71.59,0.0,1.97,6.35,0.0,0.0,0.0,51.65,N,N,N,N,N
HV0003,B03404,B03404,2024-09-01 00:08:38,2024-09-01 00:13:24,2024-09-01 00:13:34,2024-09-01 00:20:10,10,216,1.29,396,8.0,0.0,0.22,0.71,0.0,0.0,3.0,5.6,N,N,N,N,N
HV0003,B03404,B03404,2024-09-01 00:20:35,2024-09-01 00:23:32,2024-09-01 00:23:41,2024-09-01 00:38:54,216,265,7.04,913,22.69,0.0,0.66,2.15,0.0,0.0,0.0,19.05,N,N,N,N,N
HV0005,B03406,,2024-09-01 00:28:26,,2024-09-01 00:35:16,2024-09-01 01:00:13,188,63,5.037,1497,27.46,0.0,0.76,2.44,0.0,0.0,0.0,21.47,N,N,N,N,N
HV0005,B03406,,2024-09-01 00:09:16,,2024-09-01 00:13:04,2024-09-01 00:31:04,137,148,2.946,1080,19.9,0.0,0.49,1.57,2.75,0.0,0.0,14.55,N,N,N,N,N
HV0005,B03406,,2024-09-01 00:46:38,,2024-09-01 00:50:38,2024-09-01 01:25:16,79,244,10.816,2078,34.35,0.0,0.91,2.93,2.75,0.0,0.0,35.02,N,N,N,N,N
HV0005,B03406,,2024-09-01 00:02:39,,2024-09-01 00:08:05,2024-09-01 00:29:32,163,119,7.613,1287,27.99,0.0,0.77,2.48,2.75,0.0,0.0,22.94,N,N,N,N,N
HV0005,B03406,,2024-09-01 00:51:05,,2024-09-01 00:54:26,2024-09-01 01:14:14,161,255,5.008,1188,25.06,0.16,0.69,2.24,2.75,0.0,0.0,18.42,N,N,N,N,N
HV0005,B03406,,2024-09-01 00:31:13,,2024-09-01 00:36:53,2024-09-01 00:53:06,68,125,2.57,973,15.45,0.0,0.42,1.37,2.75,0.0,0.0,13.0,N,N,N,N,N
HV0005,B03406,,2024-09-01 00:48:03,,2024-09-01 00:53:17,2024-09-01 01:15:08,125,239,5.015,1311,26.11,0.0,0.72,2.32,2.75,0.0,0.0,19.63,N,N,N,N,N
HV0003,B03404,B03404,2024-09-01 00:02:12,2024-09-01 00:07:46,2024-09-01 00:08:00,2024-09-01 00:34:37,255,181,6.9,1597,36.64,0.0,1.01,3.26,0.0,0.0,0.0,26.9,N,N,N,N,N
HV0003,B03404,B03404,2024-09-01 00:33:51,2024-09-01 00:36:56,2024-09-01 00:37:21,2024-09-01 00:51:16,181,61,1.89,835,18.45,0.0,0.52,1.68,0.0,0.0,3.16,12.69,N,N,N,N,N
HV0003,B03404,B03404,2024-09-01 00:50:51,2024-09-01 00:51:13,2024-09-01 00:51:52,2024-09-01 00:59:42,61,25,1.56,470,15.21,0.0,0.42,1.35,0.0,0.0,0.0,6.68,N,N,N,N,N
HV0003,B03404,B03404,2024-09-01 00:24:30,2024-09-01 00:26:30,2024-09-01 00:27:14,2024-09-01 00:35:56,90,107,1.3,522,9.57,0.0,0.24,0.78,2.75,0.0,0.0,6.84,N,N,N,N,N
HV0003,B03404,B03404,2024-09-01 00:30:05,2024-09-01 00:36:06,2024-09-01 00:36:06,2024-09-01 00:41:59,107,79,1.26,353,7.74,0.0,0.21,0.69,0.75,0.0,1.0,5.4,Y,N,N,N,N
HV0005,B03406,,2024-09-01 00:40:48,,2024-09-01 00:43:02,2024-09-01 01:01:18,79,238,5.527,1096,26.65,0.0,0.73,2.37,2.75,0.0,4.88,18.23,N,N,N,N,N
HV0003,B03404,B03404,2024-09-01 00:17:56,2024-09-01 00:22:06,2024-09-01 00:22:29,2024-09-01 00:57:43,181,239,12.18,2114,28.15,0.0,0.77,2.5,2.75,0.0,0.0,37.1,N,N,N,N,N
HV0003,B03404,B03404,2024-08-31 23:58:44,2024-09-01 00:09:35,2024-09-01 00:10:15,2024-09-01 00:22:37,244,169,2.07,742,12.45,0.0,0.34,1.1,0.0,0.0,0.0,10.03,N,N,N,N,N
HV0003,B03404,B03404,2024-09-01 00:23:19,2024-09-01 00:26:39,2024-09-01 00:27:04,2024-09-01 00:37:31,169,126,3.34,627,14.27,0.0,0.4,1.27,0.0,0.0,0.0,10.63,N,N,N,N,N
HV0003,B03404,B03404,2024-09-01 00:14:47,2024-09-01 00:16:25,2024-09-01 00:16:47,2024-09-01 00:28:01,113,164,1.55,674,13.57,0.0,0.37,1.21,2.75,0.0,0.0,10.15,N,N,N,N,Y
HV0003,B03404,B03404,2024-09-01 00:25:50,2024-09-01 00:30:05,2024-09-01 00:31:39,2024-09-01 00:42:00,234,79,1.5,621,10.35,0.0,0.27,0.88,2.75,0.0,0.0,9.54,N,N,N,N,Y
HV0003,B03404,B03404,2024-09-01 00:41:33,2024-09-01 00:46:53,2024-09-01 00:47:15,2024-09-01 01:02:34,4,249,2.08,919,16.35,0.0,0.45,1.45,2.75,0.0,0.0,13.46,N,N,N,N,Y
HV0003,B03404,B03404,2024-09-01 00:37:58,2024-09-01 00:39:58,2024-09-01 00:40:53,2024-09-01 00:46:39,61,37,1.03,346,6.58,0.0,0.18,0.59,0.0,0.0,0.0,5.39,N,N,N,N,N
HV0003,B03404,B03404,2024-09-01 00:46:24,2024-09-01 00:51:34,2024-09-01 00:51:51,2024-09-01 01:05:15,37,256,2.48,804,24.17,0.0,0.66,2.13,0.0,0.0,0.0,11.18,N,N,N,N,N
HV0005,B03406,,2024-09-01 00:14:33,,2024-09-01 00:17:20,2024-09-01 00:41:37,114,52,3.955,1457,20.78,0.81,0.59,1.92,2.75,0.0,0.0,21.12,N,N,N,N,Y
HV0005,B03406,,2024-09-01 00:40:15,,2024-09-01 00:46:45,2024-09-01 00:52:28,33,25,0.767,343,7.94,0.0,0.22,0.7,0.0,0.0,0.0,8.72,N,N,N,N,Y
HV0003,B03404,B03404,2024-09-01 00:03:18,2024-09-01 00:05:04,2024-09-01 00:06:05,2024-09-01 00:11:43,178,22,1.38,338,10.68,0.0,0.29,0.95,0.0,0.0,0.0,5.39,N,N,N,N,N
HV0003,B03404,B03404,2024-09-01 00:12:21,2024-09-01 00:14:04,2024-09-01 00:16:05,2024-09-01 00:38:29,22,55,5.46,1344,25.29,0.0,0.7,2.25,0.0,0.0,0.0,20.49,N,N,N,N,N
HV0003,B03404,B03404,2024-09-01 00:36:00,2024-09-01 00:42:12,2024-09-01 00:43:14,2024-09-01 00:52:19,55,21,2.35,545,13.3,0.0,0.36,1.16,0.0,0.0,0.0,8.49,N,N,N,N,N
HV0003,B03404,B03404,2024-09-01 00:04:57,2024-09-01 00:10:55,2024-09-01 00:11:11,2024-09-01 00:31:10,45,163,6.43,1199,41.02,0.0,1.13,3.63,2.75,0.0,4.85,21.42,N,N,N,N,N
HV0003,B03404,B03404,2024-09-01 00:32:57,2024-09-01 00:33:47,2024-09-01 00:35:44,2024-09-01 01:08:05,163,241,12.31,1941,37.82,0.0,1.04,3.36,2.75,0.0,8.99,35.6,N,N,N,N,N
HV0005,B03406,,2024-09-01 00:41:17,,2024-09-01 00:53:40,2024-09-01 01:09:54,97,61,2.75,974,28.07,0.0,0.77,2.49,0.0,0.0,0.0,17.24,N,N,N,N,N
HV0003,B03404,B03404,2024-08-31 23:57:02,2024-09-01 00:02:27,2024-09-01 00:04:01,2024-09-01 00:13:35,35,35,1.96,574,11.67,0.0,0.32,1.04,0.0,0.0,0.0,8.25,Y,N,N,N,N
HV0003,B03404,B03404,2024-09-01 00:11:02,2024-09-01 00:14:19,2024-09-01 00:15:28,2024-09-01 00:31:09,35,85,2.8,941,18.24,0.0,0.49,1.59,0.0,0.0,0.0,12.95,N,N,N,N,N
HV0003,B03404,B03404,2024-09-01 00:30:27,2024-09-01 00:32:55,2024-09-01 00:34:56,2024-09-01 01:00:37,89,76,4.29,1541,22.83,0.0,0.63,2.02,0.0,0.0,0.0,20.82,N,N,N,N,N
HV0003,B03404,B03404,2024-09-01 00:23:14,2024-09-01 00:28:57,2024-09-01 00:28:57,2024-09-01 00:48:45,232,34,3.17,1188,20.36,0.0,0.6,1.93,2.75,0.0,0.0,17.1,N,N,N,N,N
HV0003,B03404,B03404,2024-09-01 00:54:37,2024-09-01 00:59:34,2024-09-01 00:59:38,2024-09-01 01:09:36,97,255,2.7,598,16.07,0.0,0.44,1.42,0.0,0.0,0.0,9.48,N,N,N,N,N
HV0003,B03404,B03404,2024-09-01 00:01:14,2024-09-01 00:06:30,2024-09-01 00:06:55,2024-09-01 00:22:13,112,37,2.4,918,19.67,0.0,0.54,1.74,0.0,0.0,0.0,13.18,N,N,N,N,N
HV0003,B03404,B03404,2024-09-01 00:30:29,2024-09-01 00:35:22,2024-09-01 00:36:05,2024-09-01 00:46:14,37,37,1.64,609,17.87,0.0,0.49,1.59,0.0,0.0,0.0,9.4,N,N,N,N,N
HV0003,B03404,B03404,2024-09-01 00:46:09,2024-09-01 00:48:46,2024-09-01 00:50:46,2024-09-01 01:08:46,37,49,3.61,1080,19.8,0.0,0.55,1.76,0.0,0.0,0.0,15.41,N,N,N,N,N
HV0003,B03404,B03404,2024-09-01 00:34:28,2024-09-01 00:35:14,2024-09-01 00:35:15,2024-09-01 00:44:11,170,263,2.6,536,11.33,0.0,0.31,1.0,2.75,0.0,0.0,8.75,N,N,N,N,N
HV0003,B03404,B03404,2024-09-01 00:56:18,2024-09-01 00:57:54,2024-09-01 00:58:12,2024-09-01 01:29:15,170,169,10.68,1863,36.03,0.0,0.99,3.2,2.75,0.0,0.0,33.87,N,N,N,N,N
HV0003,B03404,B03404,2024-09-01 00:47:52,2024-09-01 00:57:43,2024-09-01 00:58:10,2024-09-01 01:09:14,234,100,1.91,664,13.93,0.0,0.39,1.27,2.75,0.0,1.0,9.05,N,N,N,N,N
HV0003,B03404,B03404,2024-09-01 00:14:20,2024-09-01 00:15:28,2024-09-01 00:16:06,2024-09-01 00:23:34,7,129,3.17,448,13.39,0.0,0.37,1.19,0.0,0.0,0.0,8.67,N,N,N,N,N
HV0003,B03404,B03404,2024-09-01 00:23:19,2024-09-01 00:24:28,2024-09-01 00:26:29,2024-09-01 00:38:42,129,82,1.89,733,17.25,0.0,0.47,1.53,0.0,0.0,0.0,9.69,N,N,N,N,N
HV0003,B03404,B03404,2024-09-01 00:40:59,2024-09-01 00:56:48,2024-09-01 00:56:49,2024-09-01 01:02:54,173,173,0.95,365,8.92,0.0,0.24,0.8,0.0,0.0,0.0,5.39,N,N,N,N,N
HV0005,B03406,,2024-08-31 23:59:57,,2024-09-01 00:03:45,2024-09-01 00:23:19,170,239,3.221,1174,20.92,0.0,0.58,1.86,2.75,0.0,0.0,15.84,N,N,N,N,N
HV0005,B03406,,2024-09-01 00:24:45,,2024-09-01 00:27:07,2024-09-01 00:52:10,238,7,5.963,1503,30.94,4.03,0.96,3.1,2.75,0.0,8.36,22.79,N,N,N,N,N
HV0003,B03404,B03404,2024-09-01 00:04:02,2024-09-01 00:12:25,2024-09-01 00:13:04,2024-09-01 00:51:59,186,169,11.3,2335,39.92,0.0,1.09,3.54,2.75,0.0,0.0,38.06,N,N,N,N,N
HV0003,B03404,B03404,2024-09-01 00:53:03,2024-09-01 00:54:09,2024-09-01 00:54:40,2024-09-01 01:05:44,169,78,1.2,664,8.65,0.0,0.24,0.77,0.0,0.0,0.0,8.08,N,N,N,N,N
HV0003,B03404,B03404,2024-09-01 00:16:59,2024-09-01 00:23:54,2024-09-01 00:24:00,2024-09-01 00:28:23,255,112,0.96,263,16.57,0.0,0.48,1.56,0.0,0.0,0.0,9.01,N,N,N,N,N
HV0003,B03404,B03404,2024-09-01 00:23:46,2024-09-01 00:29:34,2024-09-01 00:30:35,2024-09-01 00:37:49,112,256,1.69,434,15.16,0.0,0.41,1.35,0.0,0.0,0.0,8.21,N,N,N,N,N
HV0003,B03404,B03404,2024-09-01 00:35:37,2024-09-01 00:40:58,2024-09-01 00:43:00,2024-09-01 00:53:34,256,112,1.35,634,20.32,0.0,0.59,1.92,0.0,0.0,0.0,10.56,N,N,N,N,N
HV0003,B03404,B03404,2024-09-01 00:45:02,2024-09-01 00:55:30,2024-09-01 00:57:15,2024-09-01 01:30:40,112,79,5.39,2005,16.34,0.0,0.45,1.45,0.75,0.0,0.0,16.74,Y,Y,N,N,N
HV0003,B03404,B03404,2024-09-01 00:30:53,2024-09-01 00:34:49,2024-09-01 00:36:48,2024-09-01 00:49:02,256,97,2.17,734,18.72,0.0,0.51,1.66,0.0,0.0,0.0,12.33,N,N,N,N,N
HV0003,B03404,B03404,2024-08-31 23:57:47,2024-09-01 00:01:30,2024-09-01 00:02:18,2024-09-01 00:31:14,191,61,12.39,1736,36.71,0.0,1.01,3.26,0.0,0.0,0.0,33.72,N,N,N,N,N
HV0003,B03404,B03404,2024-09-01 00:31:11,2024-09-01 00:33:34,2024-09-01 00:35:35,2024-09-01 00:43:36,61,72,1.29,481,10.55,0.0,0.29,0.94,0.0,0.0,0.0,6.42,N,N,N,N,N
HV0003,B03404,B03404,2024-09-01 00:47:42,2024-09-01 00:49:38,2024-09-01 00:51:39,2024-09-01 01:06:19,72,85,2.18,880,15.16,0.0,0.41,1.34,0.0,0.0,0.0,11.51,N,N,N,N,N
HV0003,B03404,B03404,2024-09-01 00:07:43,2024-09-01 00:19:51,2024-09-01 00:20:28,2024-09-01 00:29:28,117,117,2.09,540,11.71,0.0,0.26,0.85,0.0,0.0,0.0,8.09,N,N,N,N,N
HV0003,B03404,B03404,2024-09-01 00:19:03,2024-09-01 00:30:51,2024-09-01 00:31:46,2024-09-01 01:22:26,117,61,14.02,3040,53.33,0.0,1.55,5.0,0.0,0.0,6.28,38.93,Y,Y,N,N,N
HV0003,B03404,B03404,2024-09-01 00:49:09,2024-09-01 00:56:11,2024-09-01 00:56:45,2024-09-01 01:34:50,76,37,8.15,2285,19.3,0.0,0.53,1.71,0.0,0.0,0.0,22.11,Y,Y,N,N,N
HV0003,B03404,B03404,2024-09-01 00:39:14,2024-09-01 00:49:01,2024-09-01 00:49:26,2024-09-01 01:15:07,80,97,5.99,1541,48.8,0.0,1.43,4.61,0.0,0.0,0.0,25.89,N,N,N,N,N
HV0005,B03406,,2024-09-01 00:51:00,,2024-09-01 00:59:40,2024-09-01 01:20:20,255,36,3.288,1240,21.22,0.0,0.58,1.88,0.0,0.0,0.0,16.57,N,N,N,N,N
HV0003,B03404,B03404,2024-09-01 00:04:21,2024-09-01 00:07:18,2024-09-01 00:07:24,2024-09-01 00:13:25,166,152,0.93,361,7.78,0.0,0.21,0.7,0.0,0.0,0.0,5.39,N,N,N,N,N
HV0003,B03404,B03404,2024-09-01 00:11:03,2024-09-01 00:16:38,2024-09-01 00:16:43,2024-09-01 00:32:16,152,159,2.96,933,18.61,0.0,0.51,1.65,0.0,0.0,0.0,13.1,N,N,N,N,N
HV0003,B03404,B03404,2024-09-01 00:32:54,2024-09-01 00:35:50,2024-09-01 00:36:21,2024-09-01 00:47:15,168,60,2.47,654,11.19,0.0,0.3,0.99,0.0,0.0,0.0,9.71,Y,N,N,N,N
HV0003,B03404,B03404,2024-09-01 00:47:54,2024-09-01 00:50:26,2024-09-01 00:52:25,2024-09-01 01:18:07,60,265,11.52,1542,36.66,0.0,1.01,3.25,0.0,0.0,0.0,32.55,N,N,N,N,N
HV0003,B03404,B03404,2024-09-01 00:31:20,2024-09-01 00:32:10,2024-09-01 00:32:44,2024-09-01 00:43:21,164,186,1.29,637,37.76,0.0,1.06,3.42,2.75,0.0,6.85,22.39,N,N,N,N,N
HV0003,B03404,B03404,2024-09-01 00:06:16,2024-09-01 00:11:29,2024-09-01 00:12:38,2024-09-01 00:26:25,213,243,5.63,827,20.98,0.0,0.61,1.98,0.0,0.0,0.0,15.69,N,N,N,N,N
HV0003,B03404,B03404,2024-09-01 00:38:17,2024-09-01 00:39:57,2024-09-01 00:41:02,2024-09-01 00:53:08,243,247,2.19,726,13.42,0.0,0.37,1.19,0.0,0.0,0.0,10.03,N,N,N,N,N
HV0005,B03406,,2024-09-01 00:03:07,,2024-09-01 00:06:12,2024-09-01 00:23:22,133,61,4.015,1030,17.66,0.0,0.49,1.57,0.0,0.0,3.94,17.08,N,N,N,N,Y
HV0005,B03406,,2024-09-01 00:21:47,,2024-09-01 00:29:40,2024-09-01 00:50:28,189,36,3.966,1248,23.56,0.0,0.51,1.65,0.0,0.0,0.0,19.11,N,N,N,N,Y
HV0005,B03406,,2024-09-01 00:44:18,,2024-09-01 00:52:44,2024-09-01 01:00:52,36,37,1.156,488,11.25,0.0,0.28,0.89,0.0,0.0,0.0,9.57,N,N,N,N,Y
HV0003,B03404,B03404,2024-09-01 00:00:05,2024-09-01 00:01:28,2024-09-01 00:02:02,2024-09-01 00:06:04,50,246,0.93,242,9.13,0.0,0.25,0.81,2.75,0.0,5.0,5.38,N,N,N,N,N
HV0003,B03404,B03404,2024-09-01 00:07:34,2024-09-01 00:08:40,2024-09-01 00:08:55,2024-09-01 00:40:56,246,129,8.12,1921,32.83,6.94,0.9,3.53,2.75,0.0,4.69,30.71,N,N,N,N,N
HV0003,B03404,B03404,2024-09-01 00:40:16,2024-09-01 00:42:00,2024-09-01 00:42:08,2024-09-01 00:51:23,129,129,1.44,555,12.46,0.0,0.34,1.11,0.0,0.0,5.0,7.35,N,N,N,N,N
HV0003,B03404,B03404,2024-09-01 00:52:31,2024-09-01 00:55:36,2024-09-01 00:56:58,2024-09-01 01:19:19,129,216,8.38,1341,32.26,0.0,0.88,2.86,0.0,0.0,0.0,24.43,N,N,N,N,N
HV0003,B03404,B03404,2024-09-01 00:32:34,2024-09-01 00:34:40,2024-09-01 00:35:35,2024-09-01 00:56:22,225,25,2.98,1247,19.33,0.0,0.46,1.49,0.0,0.0,0.0,17.66,N,N,N,N,N
HV0003,B03404,B03404,2024-09-01 00:34:18,2024-09-01 00:39:17,2024-09-01 00:39:24,2024-09-01 01:03:21,80,265,15.47,1437,57.28,0.0,1.58,5.08,0.0,0.0,0.0,38.98,N,N,N,N,N
HV0003,B03404,B03404,2024-09-01 00:31:54,2024-09-01 00:35:49,2024-09-01 00:35:58,2024-09-01 01:01:24,85,72,3.97,1526,11.05,0.0,0.29,0.96,0.0,0.0,0.0,11.0,Y,Y,N,N,N
HV0003,B03404,B03404,2024-09-01 00:36:02,2024-09-01 00:43:12,2024-09-01 00:43:12,2024-09-01 01:07:23,71,35,4.29,1451,12.16,0.0,0.33,1.08,0.0,0.0,0.0,8.22,Y,Y,N,N,N
HV0003,B03404,B03404,2024-09-01 00:45:11,2024-09-01 00:48:33,2024-09-01 00:49:06,2024-09-01 01:19:09,71,225,5.41,1803,12.77,0.0,0.35,1.13,0.0,0.0,0.0,15.45,Y,Y,N,N,N
HV0003,B03404,B03404,2024-09-01 00:10:59,2024-09-01 00:13:41,2024-09-01 00:14:45,2024-09-01 00:57:37,232,85,6.86,2572,29.71,0.0,0.81,2.63,2.75,0.0,0.0,34.32,N,N,N,N,N
HV0003,B03404,B03404,2024-08-31 23:58:29,2024-08-31 23:59:08,2024-09-01 00:01:09,2024-09-01 00:08:09,159,167,1.01,420,8.72,0.0,0.24,0.78,0.0,0.0,0.0,6.37,N,N,N,N,N
HV0003,B03404,B03404,2024-09-01 00:13:40,2024-09-01 00:16:28,2024-09-01 00:16:52,2024-09-01 00:25:17,60,147,1.79,505,9.79,0.0,0.27,0.87,0.0,0.0,0.0,7.34,N,N,N,N,N
HV0003,B03404,B03404,2024-09-01 00:17:06,2024-09-01 00:29:56,2024-09-01 00:31:27,2024-09-01 00:50:27,168,169,4.9,1140,12.55,0.0,0.35,1.14,0.0,0.0,1.0,11.47,Y,Y,N,N,N
HV0003,B03404,B03404,2024-09-01 00:26:56,2024-09-01 00:37:20,2024-09-01 00:38:08,2024-09-01 00:55:41,159,119,4.61,1053,11.82,0.0,0.34,1.11,0.0,0.0,0.0,10.23,Y,Y,N,N,N
HV0003,B03404,B03404,2024-09-01 00:16:37,2024-09-01 00:18:45,2024-09-01 00:19:13,2024-09-01 00:27:09,18,20,1.46,476,10.71,0.0,0.29,0.95,0.0,0.0,0.0,6.61,N,N,N,N,N
HV0003,B03404,B03404,2024-09-01 00:21:13,2024-09-01 00:29:49,2024-09-01 00:30:22,2024-09-01 00:53:26,20,167,2.85,1384,16.37,0.0,0.47,1.54,0.0,0.0,0.0,17.33,N,N,N,N,N
HV0003,B03404,B03404,2024-09-01 00:04:13,2024-09-01 00:07:34,2024-09-01 00:09:31,2024-09-01 00:18:58,47,78,1.9,567,10.73,0.0,0.29,0.95,0.0,0.0,0.0,8.09,N,N,N,N,N
HV0003,B03404,B03404,2024-09-01 00:31:06,2024-09-01 00:32:10,2024-09-01 00:32:42,2024-09-01 00:42:24,244,42,4.31,582,17.05,0.0,0.47,1.51,0.0,0.0,0.0,11.52,N,N,N,N,N
HV0003,B03404,B03404,2024-09-01 00:43:48,2024-09-01 00:47:46,2024-09-01 00:49:47,2024-09-01 01:02:38,74,136,4.37,771,18.16,0.0,0.5,1.61,0.0,0.0,0.0,13.43,N,N,N,N,N
HV0005,B03406,,2024-09-01 00:00:19,,2024-09-01 00:11:17,2024-09-01 00:22:12,86,117,2.065,655,15.29,0.0,0.33,1.06,0.0,0.0,0.0,9.21,N,N,N,N,N
HV0005,B03406,,2024-09-01 00:17:24,,2024-09-01 00:31:31,2024-09-01 00:38:05,86,86,1.192,394,8.75,0.0,0.21,0.69,0.0,0.0,0.0,5.47,N,N,N,N,N
HV0005,B03406,,2024-09-01 00:34:55,,2024-09-01 00:43:16,2024-09-01 01:15:45,86,177,13.534,1949,44.5,0.0,1.22,3.95,0.0,0.0,0.0,37.48,N,N,N,N,N
HV0003,B03404,B03404,2024-09-01 00:16:52,2024-09-01 00:17:48,2024-09-01 00:17:55,2024-09-01 00:46:09,234,228,10.75,1694,34.57,6.94,0.95,3.69,2.75,0.0,0.0,31.08,N,N,N,N,N
HV0003,B03404,B03404,2024-09-01 00:47:56,2024-09-01 00:50:20,2024-09-01 00:51:05,2024-09-01 01:10:18,228,261,8.14,1153,27.03,0.0,0.74,2.4,2.75,0.0,0.0,22.28,N,N,N,N,N
HV0003,B03404,B03404,2024-09-01 00:09:55,2024-09-01 00:12:00,2024-09-01 00:13:28,2024-09-01 00:27:38,157,70,5.74,850,17.01,0.0,0.47,1.51,0.0,0.0,0.0,16.07,N,N,N,N,N
HV0003,B03404,B03404,2024-09-01 00:26:19,2024-09-01 00:29:28,2024-09-01 00:29:35,2024-09-01 00:43:31,70,7,2.9,836,15.75,0.0,0.43,1.39,0.0,0.0,0.0,12.06,N,N,N,N,N
HV0003,B03404,B03404,2024-09-01 00:45:40,2024-09-01 00:50:04,2024-09-01 00:52:04,2024-09-01 01:00:27,7,7,1.33,503,11.57,0.0,0.32,1.03,0.0,0.0,0.0,6.7,N,N,N,N,N
HV0003,B03404,B03404,2024-09-01 00:33:16,2024-09-01 00:39:19,2024-09-01 00:42:37,2024-09-01 00:58:19,186,113,1.73,942,21.57,0.0,0.59,1.92,2.75,0.0,0.0,13.6,N,N,N,N,Y
HV0005,B03406,,2024-09-01 00:17:45,,2024-09-01 00:18:53,2024-09-01 00:28:29,107,186,0.97,576,12.6,0.0,0.35,1.12,2.75,0.0,0.0,7.31,N,N,N,N,Y
HV0003,B03404,B03404,2024-09-01 00:03:13,2024-09-01 00:06:59,2024-09-01 00:07:25,2024-09-01 00:27:56,151,107,5.31,1231,32.76,0.0,0.9,2.9,2.75,0.0,3.93,22.15,N,N,N,N,Y
HV0003,B03404,B03404,2024-09-01 00:33:11,2024-09-01 00:35:27,2024-09-01 00:36:56,2024-09-01 00:43:11,107,137,0.9,375,10.41,0.0,0.28,0.92,2.75,0.0,0.0,7.16,N,N,N,N,Y
HV0003,B03404,B03404,2024-09-01 00:53:33,2024-09-01 00:56:31,2024-09-01 00:58:32,2024-09-01 01:10:37,79,232,2.42,725,13.88,0.0,0.4,1.31,2.75,0.0,0.0,11.31,N,N,N,N,Y
HV0003,B03404,B03404,2024-09-01 00:47:36,2024-09-01 00:49:11,2024-09-01 00:49:20,2024-09-01 01:00:37,146,223,3.27,677,18.77,0.0,0.52,1.67,0.0,0.0,2.09,11.03,N,N,N,N,N
HV0005,B03406,,2024-09-01 00:09:13,,2024-09-01 00:14:48,2024-09-01 00:20:57,35,72,0.999,369,8.11,0.0,0.2,0.64,0.0,0.0,0.0,5.47,N,N,N,N,N
HV0005,B03406,,2024-09-01 00:22:17,,2024-09-01 00:30:58,2024-09-01 01:00:33,35,10,8.96,1775,34.03,0.0,0.94,3.02,0.0,0.0,0.0,29.54,N,N,N,N,N
HV0003,B03404,B03404,2024-09-01 00:34:20,2024-09-01 00:38:57,2024-09-01 00:39:10,2024-09-01 00:48:36,20,167,1.98,566,10.29,0.0,0.28,0.91,0.0,0.0,0.0,8.19,N,N,N,N,N
HV0003,B03404,B03404,2024-09-01 00:48:42,2024-09-01 00:51:37,2024-09-01 00:53:38,2024-09-01 01:02:23,60,78,1.06,525,7.48,0.0,0.2,0.66,0.0,0.0,0.0,6.89,N,N,N,N,N
HV0003,B03404,B03404,2024-09-01 00:09:36,2024-09-01 00:12:26,2024-09-01 00:13:07,2024-09-01 00:50:54,50,223,12.22,2267,30.82,6.94,0.86,3.35,0.75,0.0,6.4,38.65,Y,N,N,N,N
HV0005,B03406,,2024-09-01 00:28:14,,2024-09-01 00:35:04,2024-09-01 00:50:27,129,56,2.062,923,14.98,0.0,0.41,1.33,0.0,0.0,0.0,11.81,N,N,N,N,N
HV0003,B03404,B03404,2024-09-01 00:37:37,2024-09-01 00:38:23,2024-09-01 00:38:50,2024-09-01 00:55:40,170,231,3.29,1010,13.59,0.0,0.38,1.21,2.75,0.0,0.0,14.28,N,N,N,N,N
HV0005,B03406,,2024-08-31 23:56:02,,2024-09-01 00:06:52,2024-09-01 00:27:10,138,256,7.863,1218,35.92,0.0,1.06,3.65,0.0,0.0,0.0,25.68,N,N,N,N,Y
HV0005,B03406,,2024-09-01 00:17:01,,2024-09-01 00:32:22,2024-09-01 00:50:33,255,223,6.695,1091,36.72,0.0,1.01,3.26,0.0,0.0,4.0,24.78,N,N,N,N,Y
HV0005,B03406,,2024-09-01 00:50:40,,2024-09-01 00:55:30,2024-09-01 01:23:32,223,181,10.472,1682,33.5,0.72,1.01,3.26,0.0,2.5,0.0,34.78,N,N,N,N,Y
HV0003,B03404,B03404,2024-09-01 00:08:51,2024-09-01 00:11:52,2024-09-01 00:12:36,2024-09-01 00:29:41,158,233,2.52,1025,19.69,0.0,0.57,1.86,2.75,0.0,0.0,13.64,N,N,N,N,N
HV0003,B03404,B03404,2024-09-01 00:07:16,2024-09-01 00:12:50,2024-09-01 00:13:35,2024-09-01 00:32:02,57,223,3.74,1107,32.26,0.0,0.83,2.66,0.0,0.0,0.0,21.62,N,N,N,N,N
HV0003,B03404,B03404,2024-09-01 00:33:37,2024-09-01 00:35:06,2024-09-01 00:35:17,2024-09-01 01:07:36,223,249,7.58,1939,28.85,0.0,0.84,2.71,2.75,0.0,7.39,29.15,N,N,N,N,N
HV0005,B03406,,2024-09-01 00:07:00,,2024-09-01 00:12:42,2024-09-01 00:24:52,114,265,3.414,730,20.46,21.35,1.03,0.0,0.0,0.0,0.0,12.59,N,N,N,N,N
HV0003,B03404,B03404,2024-09-01 00:13:40,2024-09-01 00:23:47,2024-09-01 00:24:32,2024-09-01 00:55:17,181,37,4.81,1845,34.95,0.0,1.0,3.22,0.0,0.0,0.0,37.27,N,N,N,N,N
HV0003,B03404,B03404,2024-09-01 00:53:58,2024-09-01 00:57:59,2024-09-01 00:59:53,2024-09-01 01:05:34,37,157,1.46,341,10.85,0.0,0.28,0.91,0.0,0.0,0.0,8.19,N,N,N,N,N
HV0003,B03404,B03404,2024-09-01 00:17:00,2024-09-01 00:24:27,2024-09-01 00:25:53,2024-09-01 00:34:32,37,177,1.78,519,14.25,0.0,0.39,1.26,0.0,0.0,0.0,8.46,N,N,N,N,N
HV0003,B03404,B03404,2024-09-01 00:36:06,2024-09-01 00:40:31,2024-09-01 00:40:54,2024-09-01 00:48:24,37,63,1.56,450,6.73,0.0,0.18,0.6,0.0,0.0,0.0,6.49,N,N,N,N,N
HV0003,B03404,B03404,2024-09-01 00:51:39,2024-09-01 00:53:27,2024-09-01 00:54:23,2024-09-01 01:34:59,37,21,8.55,2436,39.41,0.0,1.08,3.5,0.0,0.0,5.0,35.3,N,N,N,N,N
HV0003,B03404,B03404,2024-09-01 00:28:22,2024-09-01 00:32:02,2024-09-01 00:32:56,2024-09-01 01:04:32,231,61,6.69,1896,34.22,0.0,0.94,3.04,2.75,0.0,6.14,27.52,N,N,N,N,N
HV0005,B03406,,2024-09-01 00:07:31,,2024-09-01 00:14:53,2024-09-01 00:23:55,72,177,1.357,542,10.63,0.0,0.29,0.94,0.0,0.0,0.0,7.14,N,N,N,N,N
HV0005,B03406,,2024-09-01 00:20:41,,2024-09-01 00:37:22,2024-09-01 00:40:51,37,225,0.659,209,9.98,0.0,0.27,0.89,0.0,0.0,0.0,5.47,N,N,N,N,N
HV0005,B03406,,2024-09-01 00:38:45,,2024-09-01 00:42:46,2024-09-01 00:51:35,225,36,1.237,529,8.06,0.0,0.22,0.71,0.0,0.0,0.0,6.85,N,N,N,N,N
HV0003,B03404,B03404,2024-09-01 00:07:18,2024-09-01 00:21:55,2024-09-01 00:22:05,2024-09-01 01:22:08,80,265,7.89,3603,89.64,20.0,2.46,0.0,0.0,0.0,0.0,51.94,N,N,N,N,N
HV0003,B03404,B03404,2024-09-01 00:02:36,2024-09-01 00:03:27,2024-09-01 00:04:59,2024-09-01 00:14:00,130,197,1.89,541,10.07,0.0,0.29,0.95,0.0,0.0,0.0,7.83,N,N,N,N,N
HV0005,B03406,,2024-09-01 00:45:36,,2024-09-01 00:47:11,2024-09-01 00:59:56,113,249,0.922,765,14.47,0.0,0.4,1.29,2.75,0.0,0.0,15.14,N,N,N,N,N
HV0003,B03404,B03404,2024-09-01 00:32:27,2024-09-01 00:35:57,2024-09-01 00:36:13,2024-09-01 00:46:00,249,265,3.19,587,18.8,20.0,0.66,0.0,0.0,0.0,4.06,18.17,N,N,N,N,N
HV0003,B03404,B03404,2024-09-01 00:18:59,2024-09-01 00:24:47,2024-09-01 00:25:08,2024-09-01 00:42:40,37,112,3.69,1052,22.44,0.0,0.62,1.99,0.0,0.0,0.0,17.74,N,N,N,N,N
HV0003,B03404,B03404,2024-09-01 00:40:43,2024-09-01 00:45:15,2024-09-01 00:46:31,2024-09-01 00:53:40,112,255,1.17,429,12.62,0.0,0.36,1.19,0.0,0.0,0.0,7.01,N,N,N,N,N
HV0003,B03404,B03404,2024-09-01 00:52:07,2024-09-01 00:55:07,2024-09-01 00:55:20,2024-09-01 01:11:51,255,231,5.06,991,36.93,0.0,1.02,3.28,2.75,0.0,0.0,19.26,N,N,N,N,N
HV0005,B03406,,2024-09-01 00:02:11,,2024-09-01 00:08:08,2024-09-01 00:16:22,147,212,1.15,494,9.57,0.0,0.26,0.85,0.0,0.0,0.0,6.38,N,N,N,N,N
HV0005,B03406,,2024-09-01 00:22:13,,2024-09-01 00:27:54,2024-09-01 00:40:21,147,248,4.001,747,18.8,0.0,0.52,1.67,0.0,0.0,0.0,12.74,N,N,N,N,N
HV0005,B03406,,2024-09-01 00:36:59,,2024-09-01 00:43:26,2024-09-01 00:55:56,182,254,5.938,750,22.17,0.0,0.61,1.97,0.0,0.0,0.0,15.42,N,N,N,N,N
HV0005,B03406,,2024-09-01 00:42:24,,2024-09-01 00:47:46,2024-09-01 01:03:45,193,80,5.685,959,25.22,0.15,0.62,2.0,0.0,0.0,0.0,17.11,N,N,N,N,N
HV0005,B03406,,2024-09-01 00:04:03,,2024-09-01 00:09:17,2024-09-01 00:31:03,48,226,5.316,1306,25.15,0.0,0.68,2.2,2.75,0.0,0.0,19.99,N,N,N,N,N
HV0005,B03406,,2024-09-01 00:34:41,,2024-09-01 00:41:46,2024-09-01 01:01:57,157,87,8.202,1211,32.37,0.46,0.9,2.91,2.75,0.0,0.0,26.14,N,N,N,N,N
HV0005,B03406,,2024-09-01 00:05:31,,2024-09-01 00:08:49,2024-09-01 00:32:18,87,256,3.314,1409,18.13,0.0,0.5,1.61,2.75,0.0,0.0,19.53,N,N,N,N,Y
HV0005,B03406,,2024-09-01 00:31:09,,2024-09-01 00:35:18,2024-09-01 00:44:24,256,112,1.44,546,10.64,0.0,0.29,0.94,0.0,0.0,0.0,7.85,N,N,N,N,Y
HV0005,B03406,,2024-09-01 00:32:14,,2024-09-01 00:47:08,2024-09-01 01:06:42,112,198,4.71,1174,22.38,0.0,0.62,1.99,0.0,0.0,3.75,20.37,N,N,N,N,Y
HV0005,B03406,,2024-08-31 23:58:02,,2024-09-01 00:02:37,2024-09-01 00:30:24,249,140,5.713,1667,27.05,0.0,0.81,2.6,2.75,0.0,0.0,26.26,N,N,N,N,Y
HV0003,B03404,B03404,2024-09-01 00:21:43,2024-09-01 00:22:29,2024-09-01 00:23:30,2024-09-01 00:35:08,249,148,1.67,698,26.72,0.0,0.73,2.36,2.75,0.0,0.0,15.98,N,N,N,N,N
HV0003,B03404,B03404,2024-09-01 00:32:55,2024-09-01 00:58:43,2024-09-01 00:58:43,2024-09-01 01:33:12,181,219,18.54,2069,103.18,0.0,2.96,9.58,0.0,0.0,0.0,70.57,N,N,N,N,N
HV0003,B03404,B03404,2024-09-01 00:28:06,2024-09-01 00:30:39,2024-09-01 00:31:05,2024-09-01 00:49:25,68,265,5.36,1100,78.77,20.0,2.17,0.0,0.0,0.0,20.18,40.84,N,N,N,N,N
HV0003,B03404,B03404,2024-09-01 00:12:45,2024-09-01 00:15:48,2024-09-01 00:17:32,2024-09-01 00:56:57,36,261,7.42,2365,57.48,0.0,1.58,5.1,0.75,0.0,0.0,35.32,Y,N,N,N,N
HV0005,B03406,,2024-09-01 00:10:30,,2024-09-01 00:12:42,2024-09-01 00:22:06,228,181,1.903,564,12.97,0.0,0.17,0.54,0.0,0.0,0.0,8.09,N,N,N,N,N
HV0005,B03406,,2024-09-01 00:21:09,,2024-09-01 00:28:57,2024-09-01 00:54:53,181,17,1.86,1556,21.27,0.0,0.58,1.89,0.0,0.0,3.56,17.71,N,N,N,N,N
HV0003,B03404,B03404,2024-08-31 23:56:52,2024-09-01 00:03:33,2024-09-01 00:04:54,2024-09-01 00:20:59,148,90,3.27,965,14.71,0.0,0.43,1.39,2.75,0.0,0.0,13.82,N,N,N,N,N
HV0003,B03404,B03404,2024-09-01 00:21:06,2024-09-01 00:21:10,2024-09-01 00:22:14,2024-09-01 00:52:40,90,265,14.75,1826,46.64,20.0,1.28,0.0,0.0,0.0,0.0,39.68,N,N,N,N,N
HV0003,B03404,B03404,2024-09-01 00:11:07,2024-09-01 00:41:02,2024-09-01 00:41:25,2024-09-01 00:50:43,93,92,3.2,558,51.16,0.0,1.41,4.53,0.0,0.0,5.0,28.66,N,N,N,N,N
HV0003,B03404,B03404,2024-09-01 00:09:42,2024-09-01 00:11:01,2024-09-01 00:11:25,2024-09-01 00:41:05,208,265,16.07,1780,50.14,0.0,1.38,4.45,0.0,0.0,20.0,43.72,N,N,N,N,N
HV0003,B03404,B03404,2024-09-01 00:11:33,2024-09-01 00:15:35,2024-09-01 00:16:43,2024-09-01 00:28:00,79,162,2.29,677,17.18,0.0,0.47,1.52,2.75,0.0,3.0,9.69,N,N,N,N,N
HV0003,B03404,B03404,2024-09-01 00:33:55,2024-09-01 00:34:59,2024-09-01 00:35:17,2024-09-01 01:04:31,162,17,8.82,1754,32.42,0.0,0.89,2.88,2.75,0.0,0.0,29.04,N,N,N,N,N
HV0003,B03404,B03404,2024-09-01 00:37:46,2024-09-01 00:43:05,2024-09-01 00:43:18,2024-09-01 01:01:04,148,262,4.53,1066,26.42,0.0,0.71,2.29,2.75,0.0,0.0,17.52,N,N,N,N,N
HV0003,B03404,B03404,2024-09-01 00:01:43,2024-09-01 00:02:53,2024-09-01 00:04:04,2024-09-01 00:21:08,260,102,4.02,1024,16.76,0.0,0.5,1.59,0.0,0.0,0.0,15.42,N,N,N,N,N
HV0003,B03404,B03404,2024-09-01 00:19:50,2024-09-01 00:23:57,2024-09-01 00:24:03,2024-09-01 00:31:01,198,198,1.28,418,12.5,0.0,0.34,1.11,0.0,0.0,0.0,6.8,N,N,N,N,N
HV0003,B03404,B03404,2024-09-01 00:26:33,2024-09-01 00:34:13,2024-09-01 00:34:31,2024-09-01 00:50:18,198,61,2.52,947,17.91,0.0,0.49,1.59,0.0,0.0,0.0,12.63,N,N,N,N,N
HV0003,B03404,B03404,2024-09-01 00:50:38,2024-09-01 00:54:37,2024-09-01 00:55:32,2024-09-01 01:14:37,61,36,2.74,1145,15.15,0.0,0.41,1.34,0.0,0.0,3.0,14.85,N,N,N,N,N
HV0005,B03406,,2024-09-01 00:10:09,,2024-09-01 00:18:28,2024-09-01 00:30:20,37,157,1.977,712,13.29,0.0,0.33,1.05,0.0,0.0,0.0,9.64,N,N,N,N,N
HV0005,B03406,,2024-09-01 00:23:14,,2024-09-01 00:35:05,2024-09-01 01:06:40,80,48,8.073,1895,58.83,0.51,1.63,5.27,2.75,0.0,0.0,32.5,N,N,N,N,N
HV0003,B03404,B03404,2024-09-01 00:12:37,2024-09-01 00:18:15,2024-09-01 00:20:16,2024-09-01 01:23:00,132,265,22.81,3764,89.65,20.0,2.54,0.0,0.0,2.5,11.46,69.48,N,N,N,N,N
HV0005,B03406,,2024-08-31 23:56:16,,2024-09-01 00:04:10,2024-09-01 00:48:06,138,17,10.507,2636,47.27,0.0,1.3,4.42,0.0,0.0,0.0,40.04,N,N,N,N,N
HV0005,B03406,,2024-09-01 00:49:13,,2024-09-01 00:53:24,2024-09-01 01:10:00,17,36,2.928,996,15.83,0.0,0.44,1.41,0.0,0.0,0.0,16.21,N,N,N,N,N
HV0003,B03404,B03404,2024-08-31 23:56:50,2024-09-01 00:02:46,2024-09-01 00:04:11,2024-09-01 00:10:51,79,164,1.1,400,12.6,0.0,0.34,1.12,2.75,0.0,1.0,9.97,N,N,N,N,Y
HV0003,B03404,B03404,2024-09-01 00:11:50,2024-09-01 00:14:38,2024-09-01 00:16:40,2024-09-01 00:35:25,234,148,3.74,1125,27.87,0.0,0.77,2.47,2.75,0.0,3.38,20.26,N,N,N,N,Y
HV0003,B03404,B03404,2024-09-01 00:01:21,2024-09-01 00:06:01,2024-09-01 00:06:40,2024-09-01 00:30:58,129,217,6.86,1458,42.12,0.0,1.16,3.74,0.0,0.0,0.0,24.59,N,N,N,N,N
HV0003,B03404,B03404,2024-09-01 00:31:03,2024-09-01 00:34:29,2024-09-01 00:35:54,2024-09-01 00:42:13,256,255,1.17,379,19.78,0.0,0.54,1.76,0.0,0.0,0.0,9.91,N,N,N,N,N
HV0003,B03404,B03404,2024-09-01 00:36:17,2024-09-01 00:43:09,2024-09-01 00:43:09,2024-09-01 01:03:06,255,144,3.36,1197,32.37,0.0,0.89,2.88,2.75,0.0,0.0,18.23,N,N,N,N,N
HV0003,B03404,B03404,2024-09-01 00:10:20,2024-09-01 00:13:18,2024-09-01 00:13:35,2024-09-01 00:26:22,79,186,2.31,767,19.9,0.0,0.52,1.69,2.75,0.0,2.4,10.59,N,N,N,N,N
HV0003,B03404,B03404,2024-09-01 00:25:48,2024-09-01 00:29:18,2024-09-01 00:29:39,2024-09-01 01:01:15,68,188,11.14,1896,36.61,6.94,1.04,3.97,2.75,0.0,0.0,33.57,N,N,N,N,N
HV0003,B03404,B03404,2024-09-01 00:12:28,2024-09-01 00:17:49,2024-09-01 00:17:49,2024-09-01 00:32:09,230,137,1.47,860,15.42,0.0,0.42,1.37,2.75,0.0,5.0,11.62,N,N,N,N,Y
HV0003,B03404,B03404,2024-09-01 00:24:17,2024-09-01 00:32:03,2024-09-01 00:32:45,2024-09-01 01:03:48,137,24,6.36,1863,16.97,0.0,0.47,1.5,0.75,0.0,0.0,24.93,Y,Y,N,N,Y
HV0003,B03404,B03404,2024-09-01 00:32:18,2024-09-01 00:39:27,2024-09-01 00:40:14,2024-09-01 00:50:32,162,263,2.32,618,10.66,0.0,0.29,0.95,0.75,0.0,0.0,5.72,Y,Y,N,N,Y
HV0003,B03404,B03404,2024-09-01 00:03:15,2024-09-01 00:06:52,2024-09-01 00:07:09,2024-09-01 00:27:03,262,48,3.38,1194,27.94,0.0,0.77,2.48,2.75,0.0,5.09,16.2,N,N,N,N,N
HV0003,B03404,B03404,2024-09-01 00:27:07,2024-09-01 00:28:00,2024-09-01 00:29:06,2024-09-01 01:01:44,48,179,6.09,1958,32.46,0.0,0.89,2.88,2.75,0.0,0.0,27.3,N,N,N,N,N
HV0003,B03404,B03404,2024-09-01 00:04:46,2024-09-01 00:08:27,2024-09-01 00:10:28,2024-09-01 00:25:05,215,134,3.24,877,17.83,0.0,0.5,1.59,0.0,0.0,0.0,15.21,N,N,N,N,N
HV0003,B03404,B03404,2024-09-01 00:25:01,2024-09-01 00:32:29,2024-09-01 00:32:47,2024-09-01 01:14:08,197,149,15.07,2481,43.89,0.0,1.2,3.9,0.0,0.0,0.0,46.89,N,N,N,N,N
HV0003,B03404,B03404,2024-09-01 00:10:06,2024-09-01 00:17:37,2024-09-01 00:17:49,2024-09-01 00:41:27,256,36,4.21,1418,36.7,0.0,1.01,3.25,0.0,0.0,6.14,20.76,N,N,N,N,N
HV0005,B03406,,2024-09-01 00:42:30,,2024-09-01 00:47:08,2024-09-01 00:58:18,198,157,2.064,670,15.22,0.0,0.42,1.35,0.0,0.0,0.0,9.35,N,N,N,N,N
HV0003,B03404,B03404,2024-09-01 00:56:00,2024-09-01 00:57:49,2024-09-01 00:58:11,2024-09-01 01:04:27,164,186,1.01,376,7.85,0.0,0.21,0.69,2.75,0.0,0.0,6.65,N,N,N,N,N
HV0003,B03404,B03404,2024-09-01 00:15:57,2024-09-01 00:16:50,2024-09-01 00:16:56,2024-09-01 00:33:49,48,234,2.46,1013,12.95,0.0,0.32,1.04,2.75,0.0,0.0,13.19,N,N,N,N,N
HV0003,B03404,B03404,2024-09-01 00:34:02,2024-09-01 00:38:10,2024-09-01 00:39:44,2024-09-01 00:51:39,107,163,2.18,715,14.0,0.0,0.36,1.17,2.75,0.0,0.0,9.91,N,N,N,N,N
HV0005,B03406,,2024-08-31 23:54:12,,2024-09-01 00:00:30,2024-09-01 00:29:50,205,7,14.581,1760,51.53,0.0,1.22,3.93,0.0,0.0,0.0,37.06,N,N,N,N,N
HV0005,B03406,,2024-09-01 00:27:04,,2024-09-01 00:31:51,2024-09-01 00:58:16,7,69,9.237,1585,27.74,6.9,0.95,3.07,0.0,0.0,0.0,28.06,N,N,N,N,N
HV0005,B03406,,2024-09-01 00:15:57,,2024-09-01 00:20:54,2024-09-01 00:44:16,181,170,9.586,1402,32.15,2.86,0.96,3.11,2.75,0.0,0.0,26.76,N,N,N,N,N
HV0005,B03406,,2024-09-01 00:49:05,,2024-09-01 00:56:46,2024-09-01 01:25:04,144,119,14.539,1698,38.92,0.22,0.9,2.92,2.75,0.0,0.0,36.4,N,N,N,N,N
HV0003,B03404,B03404,2024-09-01 00:16:32,2024-09-01 00:17:49,2024-09-01 00:19:30,2024-09-01 00:52:43,142,181,11.89,1993,38.53,6.94,1.1,4.1,2.75,0.0,0.0,35.54,N,N,N,N,N
HV0005,B03406,,2024-09-01 00:52:55,,2024-09-01 00:57:03,2024-09-01 01:10:57,106,97,1.529,834,14.31,0.0,0.32,1.02,0.0,0.0,0.0,14.21,N,N,N,N,N
HV0003,B03404,B03404,2024-09-01 00:10:59,2024-09-01 00:19:26,2024-09-01 00:19:55,2024-09-01 00:30:33,242,126,2.37,638,14.08,0.0,0.38,1.25,0.0,0.0,0.0,9.42,N,N,N,N,N
HV0003,B03404,B03404,2024-09-01 00:30:32,2024-09-01 00:34:02,2024-09-01 00:35:06,2024-09-01 00:38:48,60,167,0.62,222,8.96,0.0,0.25,0.79,0.0,0.0,0.0,5.39,N,N,N,N,N
HV0003,B03404,B03404,2024-09-01 00:26:11,2024-09-01 00:32:46,2024-09-01 00:34:21,2024-09-01 00:47:32,35,39,2.52,791,15.2,0.0,0.41,1.35,0.0,0.0,0.0,11.33,N,N,N,N,N
HV0003,B03404,B03404,2024-09-01 00:48:20,2024-09-01 00:53:54,2024-09-01 00:55:34,2024-09-01 01:17:00,91,76,5.15,1286,33.51,0.0,0.92,2.98,0.0,0.0,0.0,20.53,N,N,N,N,N
HV0003,B03404,B03404,2024-09-01 00:07:38,2024-09-01 00:13:53,2024-09-01 00:14:41,2024-09-01 00:23:00,77,76,1.55,499,11.16,0.0,0.3,0.99,0.0,0.0,0.0,6.96,N,N,N,N,N
HV0005,B03406,,2024-09-01 00:15:50,,2024-09-01 00:21:42,2024-09-01 00:31:43,39,77,1.593,601,11.51,0.0,0.32,1.02,0.0,0.0,2.0,8.03,N,N,N,N,N
HV0005,B03406,,2024-09-01 00:29:39,,2024-09-01 00:36:49,2024-09-01 00:44:58,35,77,1.346,489,10.64,0.0,0.29,0.94,0.0,0.0,3.0,6.61,N,N,N,N,N
HV0005,B03406,,2024-09-01 00:46:00,,2024-09-01 00:48:22,2024-09-01 01:28:52,76,69,20.008,2430,54.08,6.82,1.68,5.41,0.0,0.0,0.0,51.0,N,N,N,N,N
HV0003,B03404,B03404,2024-09-01 00:04:32,2024-09-01 00:05:53,2024-09-01 00:07:53,2024-09-01 00:31:18,148,41,7.7,1405,28.08,0.0,0.79,2.56,2.75,0.0,3.48,24.12,N,N,N,N,N
HV0003,B03404,B03404,2024-09-01 00:45:26,2024-09-01 00:45:57,2024-09-01 00:46:05,2024-09-01 00:54:33,48,162,1.48,508,11.13,0.0,0.32,1.05,2.75,0.0,0.0,6.95,N,N,N,N,N
HV0003,B03404,B03404,2024-09-01 00:00:53,2024-09-01 00:02:49,2024-09-01 00:03:08,2024-09-01 00:15:51,163,263,2.54,763,16.27,0.0,0.44,1.44,2.75,0.0,0.0,13.46,N,N,N,N,Y
HV0003,B03404,B03404,2024-09-01 00:16:34,2024-09-01 00:17:13,2024-09-01 00:17:25,2024-09-01 00:20:14,263,141,0.5,169,5.42,0.0,0.15,0.48,2.75,0.0,1.0,7.16,N,N,N,N,Y
HV0003,B03404,B03404,2024-09-01 00:38:34,2024-09-01 00:41:01,2024-09-01 00:41:29,2024-09-01 00:50:16,142,237,1.63,527,11.83,0.0,0.32,1.05,2.75,0.0,0.0,9.56,N,N,N,N,Y
HV0003,B03404,B03404,2024-09-01 00:13:42,2024-09-01 00:19:22,2024-09-01 00:19:28,2024-09-01 00:22:13,255,256,0.4,165,16.59,0.0,0.46,1.47,0.0,0.0,0.0,23.6,N,N,N,N,N
HV0003,B03404,B03404,2024-09-01 00:20:27,2024-09-01 00:29:40,2024-09-01 00:29:40,2024-09-01 00:43:43,255,65,3.42,843,63.34,0.0,1.75,5.61,0.0,0.0,0.0,31.53,N,N,N,N,N
HV0003,B03404,B03404,2024-09-01 00:40:17,2024-09-01 00:42:02,2024-09-01 00:44:23,2024-09-01 00:52:56,65,34,1.11,513,22.93,0.0,0.63,2.03,0.0,0.0,5.12,13.89,N,N,N,N,N
HV0003,B03404,B03404,2024-09-01 00:25:24,2024-09-01 00:27:30,2024-09-01 00:28:32,2024-09-01 00:51:24,41,82,7.21,1372,28.09,6.94,0.82,3.27,0.0,0.0,0.0,23.14,N,N,N,N,N
HV0003,B03404,B03404,2024-09-01 00:47:52,2024-09-01 00:57:50,2024-09-01 00:58:03,2024-09-01 01:01:35,129,129,0.82,212,8.9,0.0,0.24,0.79,0.0,0.0,2.0,5.39,N,N,N,N,N
HV0003,B03404,B03404,2024-08-31 23:57:13,2024-08-31 23:58:33,2024-09-01 00:00:25,2024-09-01 00:10:12,188,61,1.65,587,11.56,0.0,0.32,1.03,0.0,0.0,0.0,7.94,N,N,N,N,N
HV0003,B03404,B03404,2024-09-01 00:09:44,2024-09-01 00:12:01,2024-09-01 00:14:00,2024-09-01 00:45:15,61,219,10.55,1875,40.68,0.0,1.19,3.84,0.0,0.0,0.0,32.57,N,N,N,N,N
HV0003,B03404,B03404,2024-09-01 00:50:50,2024-09-01 00:55:01,2024-09-01 00:55:39,2024-09-01 01:10:42,219,28,7.55,903,21.72,0.0,0.61,1.97,0.0,0.0,0.0,19.04,N,N,N,N,N
HV0003,B03404,B03404,2024-09-01 00:27:54,2024-09-01 00:33:24,2024-09-01 00:33:36,2024-09-01 00:55:43,113,95,10.8,1327,31.02,6.94,0.86,3.37,2.75,0.0,0.0,27.59,N,N,N,N,N
HV0003,B03404,B03404,2024-09-01 00:56:43,2024-09-01 00:59:24,2024-09-01 00:59:38,2024-09-01 01:12:19,95,198,6.51,761,22.41,0.0,0.66,2.11,0.0,0.0,0.0,17.49,N,N,N,N,N
HV0005,B03406,,2024-09-01 00:04:28,,2024-09-01 00:09:50,2024-09-01 00:26:25,80,146,3.851,995,33.33,0.0,0.87,2.79,0.0,0.0,0.0,14.96,N,N,N,N,N
HV0003,B03404,B03404,2024-09-01 00:18:06,2024-09-01 00:22:38,2024-09-01 00:24:28,2024-09-01 01:04:55,132,26,22.75,2427,78.4,0.0,2.23,7.18,0.0,2.5,0.0,54.52,N,N,N,N,N
HV0003,B03404,B03404,2024-08-31 23:54:29,2024-08-31 23:58:59,2024-09-01 00:00:58,2024-09-01 00:13:03,39,76,2.51,725,14.59,0.0,0.4,1.29,0.0,0.0,0.0,10.45,N,N,N,N,N
HV0003,B03404,B03404,2024-09-01 00:15:41,2024-09-01 00:18:24,2024-09-01 00:18:36,2024-09-01 00:27:02,76,124,2.12,506,12.48,0.0,0.34,1.11,0.0,0.0,0.0,7.79,N,N,N,N,N
HV0003,B03404,B03404,2024-09-01 00:26:59,2024-09-01 00:31:20,2024-09-01 00:31:43,2024-09-01 01:03:30,76,71,6.06,1907,37.85,0.0,1.11,3.57,0.0,0.0,0.0,26.77,N,N,N,N,N
HV0005,B03406,,2024-09-01 00:18:41,,2024-09-01 00:21:33,2024-09-01 00:34:51,231,79,1.606,798,14.44,0.0,0.4,1.28,2.75,0.0,2.83,9.97,N,N,N,N,N
HV0005,B03406,,2024-09-01 00:34:01,,2024-09-01 00:40:33,2024-09-01 00:56:23,79,97,3.009,950,19.03,0.0,0.52,1.69,2.75,0.0,0.0,13.37,N,N,N,N,N
HV0005,B03406,,2024-09-01 00:55:51,,2024-09-01 00:58:47,2024-09-01 01:15:33,65,37,4.102,1006,22.17,0.0,0.61,1.97,0.0,0.0,0.0,18.66,N,N,N,N,N
HV0003,B03404,B03404,2024-09-01 00:47:09,2024-09-01 00:56:05,2024-09-01 00:56:45,2024-09-01 01:10:33,112,45,4.2,828,25.27,0.0,0.7,2.24,2.75,0.0,0.0,18.26,N,N,N,N,N
HV0003,B03404,B03404,2024-08-31 23:57:24,2024-09-01 00:03:16,2024-09-01 00:03:59,2024-09-01 00:12:44,71,85,1.17,525,9.42,0.0,0.26,0.83,0.0,0.0,0.0,6.69,N,N,N,N,N
HV0003,B03404,B03404,2024-09-01 00:11:22,2024-09-01 00:15:52,2024-09-01 00:17:06,2024-09-01 00:22:39,85,89,0.84,333,7.35,0.0,0.2,0.65,0.0,0.0,3.0,5.4,N,N,N,N,N
HV0003,B03404,B03404,2024-09-01 00:26:21,2024-09-01 00:30:11,2024-09-01 00:32:04,2024-09-01 01:01:13,89,37,5.72,1749,29.57,0.0,0.81,2.61,0.0,0.0,4.94,24.77,N,N,N,N,N
HV0003,B03404,B03404,2024-08-31 23:58:02,2024-09-01 00:03:31,2024-09-01 00:03:35,2024-09-01 00:14:45,234,163,2.17,670,16.28,0.0,0.47,1.53,2.75,0.0,0.0,9.46,N,N,N,N,N
HV0003,B03404,B03404,2024-09-01 00:17:17,2024-09-01 00:20:27,2024-09-01 00:22:29,2024-09-01 00:36:43,230,238,3.46,854,19.18,0.0,0.53,1.7,2.75,0.0,0.0,13.01,N,N,N,N,N
HV0003,B03404,B03404,2024-09-01 00:46:28,2024-09-01 00:47:11,2024-09-01 00:49:12,2024-09-01 01:01:58,142,229,2.07,766,14.31,0.0,0.39,1.27,2.75,0.0,0.0,10.26,N,N,N,N,N
HV0003,B03404,B03404,2024-09-01 00:12:55,2024-09-01 00:14:03,2024-09-01 00:14:44,2024-09-01 00:17:07,74,74,0.53,143,7.55,0.0,0.21,0.67,0.0,0.0,0.0,5.4,N,N,N,N,N
HV0003,B03404,B03404,2024-09-01 00:13:27,2024-09-01 00:19:07,2024-09-01 00:19:51,2024-09-01 00:27:09,74,168,1.61,438,8.53,0.0,0.23,0.76,0.0,0.0,0.0,6.45,Y,N,N,N,N
HV0003,B03404,B03404,2024-09-01 00:29:27,2024-09-01 00:31:07,2024-09-01 00:31:43,2024-09-01 00:41:29,74,262,2.75,586,15.33,0.0,0.42,1.37,2.75,0.0,3.0,9.44,N,N,N,N,N
HV0003,B03404,B03404,2024-09-01 00:45:37,2024-09-01 00:46:39,2024-09-01 00:47:05,2024-09-01 00:50:47,262,75,1.0,222,7.3,0.0,0.2,0.65,2.75,0.0,0.0,5.4,N,N,N,N,N
HV0003,B03404,B03404,2024-09-01 00:51:00,2024-09-01 00:53:35,2024-09-01 00:55:35,2024-09-01 01:01:01,75,74,0.84,326,9.56,0.0,0.26,0.84,0.0,0.0,0.0,5.91,N,N,N,N,N
HV0003,B03404,B03404,2024-08-31 23:55:44,2024-09-01 00:04:56,2024-09-01 00:04:56,2024-09-01 00:19:00,161,262,3.4,844,19.5,0.0,0.53,1.74,2.75,0.0,2.45,12.82,N,N,N,N,N
HV0003,B03404,B03404,2024-09-01 00:34:40,2024-09-01 00:36:00,2024-09-01 00:36:31,2024-09-01 01:01:33,79,265,6.43,1502,27.32,20.0,0.75,0.0,0.0,0.0,0.0,25.21,N,N,N,N,N
HV0003,B03404,B03404,2024-09-01 00:26:31,2024-09-01 00:27:59,2024-09-01 00:28:26,2024-09-01 00:38:39,90,158,1.2,613,10.29,0.0,0.3,0.98,2.75,0.0,0.0,7.59,N,N,N,N,N
HV0003,B03404,B03404,2024-09-01 00:37:59,2024-09-01 00:43:27,2024-09-01 00:44:39,2024-09-01 00:57:20,249,79,1.44,761,11.86,0.0,0.32,1.05,2.75,0.0,0.0,9.35,N,N,N,N,N
HV0003,B03404,B03404,2024-09-01 00:55:51,2024-09-01 00:58:51,2024-09-01 00:58:58,2024-09-01 01:08:18,79,68,1.79,560,13.36,0.0,0.36,1.19,2.75,0.0,0.0,7.87,N,N,N,N,N
HV0005,B03406,,2024-09-01 00:04:56,,2024-09-01 00:08:25,2024-09-01 00:28:00,66,246,5.25,1175,23.9,0.0,0.65,2.1,2.75,0.0,0.0,18.62,N,N,N,N,N
HV0005,B03406,,2024-09-01 00:27:14,,2024-09-01 00:32:56,2024-09-01 00:46:18,50,265,3.629,802,19.89,20.0,1.1,0.0,0.0,0.0,0.0,14.13,N,N,N,N,N
HV0003,B03404,B03404,2024-09-01 00:16:19,2024-09-01 00:25:28,2024-09-01 00:25:42,2024-09-01 00:56:02,256,68,5.49,1820,41.71,0.0,1.22,3.94,2.75,0.0,0.0,36.91,N,N,N,N,N
HV0003,B03404,B03404,2024-08-31 23:56:57,2024-09-01 00:00:18,2024-09-01 00:01:45,2024-09-01 00:12:38,211,246,2.28,653,19.95,0.0,0.54,1.77,2.75,0.0,0.0,11.19,N,N,N,N,Y
HV0003,B03404,B03404,2024-09-01 00:10:59,2024-09-01 00:12:39,2024-09-01 00:14:17,2024-09-01 00:20:35,246,68,0.88,378,9.47,0.0,0.27,0.89,2.75,0.0,0.0,6.22,N,N,N,N,Y
HV0003,B03404,B03404,2024-09-01 00:21:30,2024-09-01 00:23:54,2024-09-01 00:24:05,2024-09-01 00:41:52,68,164,1.46,1067,14.11,0.0,0.36,1.16,2.75,0.0,0.0,13.68,N,N,N,N,Y
HV0003,B03404,B03404,2024-09-01 00:41:04,2024-09-01 00:44:46,2024-09-01 00:45:26,2024-09-01 00:53:04,234,246,1.04,458,12.91,0.0,0.35,1.15,2.75,0.0,0.0,7.69,N,N,N,N,Y
HV0003,B03404,B03404,2024-09-01 00:49:26,2024-09-01 00:52:50,2024-09-01 00:54:37,2024-09-01 01:08:22,246,79,2.68,825,29.78,0.0,0.8,2.63,2.75,0.0,0.0,15.36,N,N,N,N,Y
HV0003,B03404,B03404,2024-09-01 00:13:55,2024-09-01 00:15:08,2024-09-01 00:17:22,2024-09-01 00:30:59,241,259,3.56,817,16.54,0.0,0.49,1.56,0.0,0.0,0.0,12.78,N,N,N,N,N
HV0003,B03404,B03404,2024-09-01 00:34:08,2024-09-01 00:40:07,2024-09-01 00:40:28,2024-09-01 01:00:26,259,60,6.23,1198,24.16,0.0,0.66,2.13,0.0,0.0,0.0,20.11,N,N,N,N,N
HV0003,B03404,B03404,2024-08-31 23:59:38,2024-09-01 00:09:11,2024-09-01 00:09:18,2024-09-01 00:15:08,70,129,1.02,350,8.45,0.0,0.24,0.8,0.0,0.0,0.0,5.4,N,N,N,N,N
HV0003,B03404,B03404,2024-09-01 00:16:32,2024-09-01 00:19:27,2024-09-01 00:20:13,2024-09-01 00:37:53,173,53,4.28,1060,20.55,0.0,0.57,1.82,0.0,0.0,2.0,17.37,N,N,N,N,N
HV0003,B03404,B03404,2024-09-01 00:26:28,2024-09-01 00:30:06,2024-09-01 00:30:06,2024-09-01 00:46:09,131,82,7.47,963,24.15,0.0,0.66,2.14,0.0,0.0,0.0,19.52,N,N,N,N,N
HV0003,B03404,B03404,2024-09-01 00:49:04,2024-09-01 00:51:31,2024-09-01 00:53:33,2024-09-01 01:14:19,82,179,5.17,1246,34.36,0.0,0.95,3.05,0.0,0.0,0.0,24.39,N,N,N,N,N
HV0005,B03406,,2024-08-31 23:59:56,,2024-09-01 00:07:33,2024-09-01 00:26:18,101,130,6.122,1125,23.11,0.0,0.64,2.05,0.0,0.0,3.7,19.33,N,N,N,N,N
HV0005,B03406,,2024-09-01 00:02:39,,2024-09-01 00:07:42,2024-09-01 00:31:24,145,25,7.735,1422,24.68,0.0,0.68,2.19,0.0,0.0,0.0,24.43,N,N,N,N,N
HV0005,B03406,,2024-09-01 00:30:23,,2024-09-01 00:42:55,2024-09-01 01:15:36,181,48,6.867,1961,47.22,0.48,1.31,4.23,2.75,0.0,0.0,30.99,N,N,N,N,N
HV0003,B03404,B03404,2024-08-31 23:53:01,2024-09-01 00:00:52,2024-09-01 00:01:17,2024-09-01 00:35:52,108,157,17.9,2075,48.38,0.0,1.33,4.29,0.0,0.0,0.0,44.5,N,N,N,N,N
HV0003,B03404,B03404,2024-09-01 00:32:48,2024-09-01 00:36:20,2024-09-01 00:38:21,2024-09-01 01:01:05,157,263,6.8,1364,40.22,0.0,1.1,3.57,2.75,0.0,9.52,25.88,N,N,N,N,N
HV0003,B03404,B03404,2024-09-01 00:52:54,2024-09-01 00:57:17,2024-09-01 00:58:01,2024-09-01 01:22:04,152,186,7.01,1443,25.6,0.0,0.73,2.36,2.75,0.0,0.0,27.37,N,N,N,N,Y
HV0005,B03406,,2024-09-01 00:02:56,,2024-09-01 00:18:15,2024-09-01 00:46:01,37,76,5.047,1666,26.76,0.0,0.74,2.37,0.0,0.0,0.0,23.14,N,N,N,N,N
HV0003,B03404,B03404,2024-09-01 00:12:48,2024-09-01 00:18:36,2024-09-01 00:20:30,2024-09-01 00:33:04,79,256,2.86,754,31.24,0.0,0.85,2.78,2.75,0.0,0.0,15.61,N,N,N,N,N
HV0003,B03404,B03404,2024-09-01 00:19:24,2024-09-01 00:24:59,2024-09-01 00:26:58,2024-09-01 00:42:53,79,140,4.56,955,20.83,0.0,0.58,1.84,2.75,0.0,0.0,15.48,N,N,N,N,N
HV0003,B03404,B03404,2024-08-31 23:54:34,2024-09-01 00:00:08,2024-09-01 00:00:08,2024-09-01 00:22:53,145,66,6.03,1365,26.9,0.0,0.79,2.53,0.0,0.0,0.0,21.46,N,N,N,N,N
HV0003,B03404,B03404,2024-09-01 00:20:50,2024-09-01 00:24:19,2024-09-01 00:24:45,2024-09-01 00:48:58,66,89,6.89,1453,23.29,0.0,0.68,2.19,0.0,0.0,0.0,23.49,N,N,N,N,N
HV0003,B03404,B03404,2024-09-01 00:03:40,2024-09-01 00:04:49,2024-09-01 00:06:50,2024-09-01 00:41:35,148,85,8.58,2085,37.06,0.0,1.02,3.29,2.75,0.0,0.0,33.68,N,N,N,N,N
HV0003,B03404,B03404,2024-09-01 00:41:44,2024-09-01 00:43:37,2024-09-01 00:43:48,2024-09-01 00:58:43,85,195,5.01,895,22.71,0.0,0.67,2.15,0.0,0.0,1.0,15.51,N,N,N,N,N
HV0003,B03404,B03404,2024-09-01 00:33:17,2024-09-01 00:39:24,2024-09-01 00:40:20,2024-09-01 00:57:38,130,160,7.76,1038,18.11,0.0,0.5,1.61,0.0,0.0,0.0,22.64,N,N,N,N,N
HV0005,B03406,,2024-09-01 00:02:47,,2024-09-01 00:05:24,2024-09-01 00:19:31,90,144,2.259,847,16.49,0.0,0.41,1.34,2.75,0.0,0.0,12.21,N,N,N,N,Y
HV0005,B03406,,2024-09-01 00:19:31,,2024-09-01 00:26:19,2024-09-01 00:36:45,148,66,2.46,626,17.19,0.0,0.47,1.53,2.75,0.0,0.0,10.42,N,N,N,N,Y
HV0005,B03406,,2024-09-01 00:32:51,,2024-09-01 00:39:20,2024-09-01 00:48:33,66,209,2.09,553,15.16,0.0,0.42,1.35,2.75,0.0,0.0,9.06,N,N,N,N,Y
HV0005,B03406,,2024-09-01 00:49:11,,2024-09-01 00:51:47,2024-09-01 01:03:06,87,144,1.66,679,12.76,0.0,0.35,1.13,2.75,0.0,0.0,9.52,N,N,N,N,Y
HV0003,B03404,B03404,2024-09-01 00:16:15,2024-09-01 00:20:02,2024-09-01 00:22:04,2024-09-01 00:33:22,216,10,2.6,678,16.32,0.0,0.44,1.44,0.0,0.0,0.0,10.13,N,N,N,N,N
HV0003,B03404,B03404,2024-09-01 00:31:19,2024-09-01 00:35:10,2024-09-01 00:35:12,2024-09-01 00:47:31,218,216,3.72,739,19.62,0.0,0.54,1.74,0.0,0.0,0.0,12.24,N,N,N,N,N
HV0003,B03404,B03404,2024-09-01 00:50:02,2024-09-01 00:51:54,2024-09-01 00:54:07,2024-09-01 01:18:36,197,212,12.73,1469,32.93,6.94,0.96,3.73,0.0,0.0,0.0,31.59,N,N,N,N,N
HV0005,B03406,,2024-09-01 00:02:53,,2024-09-01 00:08:57,2024-09-01 00:19:08,37,17,1.737,611,10.74,0.0,0.3,0.95,0.0,0.0,2.0,8.32,N,N,N,N,N
HV0005,B03406,,2024-09-01 00:18:41,,2024-09-01 00:23:10,2024-09-01 00:38:30,17,61,2.598,920,17.39,0.0,0.37,1.21,0.0,0.0,0.0,12.52,N,N,N,N,N
HV0005,B03406,,2024-09-01 00:41:45,,2024-09-01 00:49:21,2024-09-01 01:01:16,62,61,2.196,715,15.04,0.0,0.41,1.34,0.0,0.0,0.0,9.97,N,N,N,N,N
HV0003,B03404,B03404,2024-09-01 00:20:31,2024-09-01 00:24:42,2024-09-01 00:24:58,2024-09-01 00:58:57,89,216,12.83,2039,37.46,0.0,1.03,3.32,0.0,0.0,0.0,37.26,N,N,N,N,N
HV0003,B03404,B03404,2024-09-01 00:03:06,2024-09-01 00:05:06,2024-09-01 00:07:09,2024-09-01 00:22:35,97,34,2.33,926,14.05,0.0,0.41,1.32,0.0,0.0,0.0,12.18,N,N,N,N,N
HV0003,B03404,B03404,2024-09-01 00:27:43,2024-09-01 00:31:26,2024-09-01 00:33:21,2024-09-01 00:43:27,255,112,1.78,606,12.52,0.0,0.34,1.11,0.0,0.0,0.0,9.31,N,N,N,N,N
HV0003,B03404,B03404,2024-09-01 00:42:06,2024-09-01 00:45:42,2024-09-01 00:46:36,2024-09-01 00:57:29,112,256,2.53,653,16.24,0.0,0.39,1.25,0.0,0.0,0.0,9.78,N,N,N,N,N
HV0003,B03404,B03404,2024-09-01 00:05:32,2024-09-01 00:06:02,2024-09-01 00:08:02,2024-09-01 00:15:30,79,232,0.92,448,8.64,0.0,0.24,0.77,2.75,0.0,0.0,6.39,N,N,N,N,N
HV0003,B03404,B03404,2024-09-01 00:14:56,2024-09-01 00:19:18,2024-09-01 00:20:49,2024-09-01 00:30:16,4,231,1.76,567,18.98,0.0,0.52,1.68,2.75,0.0,0.0,9.48,N,N,N,N,N
HV0003,B03404,B03404,2024-09-01 00:30:14,2024-09-01 00:33:26,2024-09-01 00:33:54,2024-09-01 00:48:16,231,80,4.6,862,14.6,0.0,0.41,1.3,2.75,0.0,0.0,14.64,N,N,N,N,N
HV0003,B03404,B03404,2024-09-01 00:45:51,2024-09-01 00:49:34,2024-09-01 00:50:07,2024-09-01 01:10:59,255,61,3.6,1252,21.42,0.0,0.59,1.9,0.0,0.0,0.0,18.32,N,N,N,N,N
HV0005,B03406,,2024-09-01 00:09:00,,2024-09-01 00:13:17,2024-09-01 00:23:11,75,247,3.89,594,19.77,0.0,0.54,1.75,0.0,0.0,0.0,12.62,N,N,N,N,Y
HV0005,B03406,,2024-09-01 00:25:49,,2024-09-01 00:31:11,2024-09-01 00:40:09,247,247,2.767,538,12.44,0.0,0.3,0.98,0.0,0.0,0.0,10.1,N,N,N,N,Y
HV0005,B03406,,2024-09-01 00:39:18,,2024-09-01 00:42:43,2024-09-01 00:56:30,169,185,5.299,827,20.81,0.0,0.45,1.44,0.0,0.0,3.4,17.37,N,N,N,N,Y
HV0005,B03406,,2024-09-01 00:12:07,,2024-09-01 00:25:54,2024-09-01 00:34:39,181,65,1.45,525,10.9,0.0,0.37,1.19,0.0,2.5,0.0,7.1,N,N,N,N,N
HV0005,B03406,,2024-09-01 00:34:08,,2024-09-01 00:42:13,2024-09-01 01:03:37,25,188,3.545,1284,32.02,0.0,0.88,2.84,0.0,0.0,7.77,17.35,N,N,N,N,N
HV0005,B03406,,2024-09-01 00:11:36,,2024-09-01 00:17:04,2024-09-01 00:29:38,97,225,2.528,754,15.22,0.0,0.42,1.35,0.0,0.0,0.0,10.8,N,N,N,N,N
HV0005,B03406,,2024-09-01 00:26:10,,2024-09-01 00:32:50,2024-09-01 00:49:27,37,157,2.23,997,13.59,0.0,0.33,1.07,0.0,0.0,2.0,12.76,N,N,N,N,N
HV0003,B03404,B03404,2024-08-31 23:57:33,2024-09-01 00:02:18,2024-09-01 00:02:40,2024-09-01 00:26:23,97,71,4.44,1423,28.65,0.0,0.79,2.54,0.0,0.0,0.0,19.87,N,N,N,N,N
HV0003,B03404,B03404,2024-09-01 00:28:56,2024-09-01 00:31:26,2024-09-01 00:31:42,2024-09-01 00:42:11,91,72,2.14,629,12.46,0.0,0.34,1.11,0.0,0.0,0.0,9.02,N,N,N,N,N
HV0003,B03404,B03404,2024-09-01 00:46:18,2024-09-01 00:50:06,2024-09-01 00:52:07,2024-09-01 01:21:35,177,223,13.61,1768,35.98,0.0,0.99,3.19,0.0,0.0,0.0,35.7,N,N,N,N,N
HV0005,B03406,,2024-09-01 00:14:34,,2024-09-01 00:20:20,2024-09-01 00:45:44,181,255,4.42,1524,23.93,0.0,0.66,2.12,0.0,0.0,0.0,20.89,N,N,N,N,N
HV0005,B03406,,2024-09-01 00:42:45,,2024-09-01 00:46:55,2024-09-01 01:25:38,255,48,7.448,2323,46.13,0.41,1.28,4.13,2.75,0.0,0.0,32.82,N,N,N,N,N
HV0003,B03404,B03404,2024-09-01 00:11:12,2024-09-01 00:13:49,2024-09-01 00:14:10,2024-09-01 00:23:58,90,114,1.33,588,12.66,0.0,0.35,1.13,2.75,0.0,0.0,7.52,N,N,N,N,N
HV0003,B03404,B03404,2024-09-01 00:21:44,2024-09-01 00:27:48,2024-09-01 00:27:48,2024-09-01 00:41:13,79,230,3.44,805,25.26,0.0,0.7,2.24,2.75,0.0,0.0,12.5,N,N,N,N,N
HV0003,B03404,B03404,2024-09-01 00:43:45,2024-09-01 00:48:21,2024-09-01 00:50:11,2024-09-01 01:14:11,230,129,7.8,1440,33.4,6.94,0.92,3.58,2.75,0.0,0.0,24.6,N,N,N,N,N
HV0003,B03404,B03404,2024-09-01 00:11:44,2024-09-01 00:17:31,2024-09-01 00:19:41,2024-09-01 00:40:07,87,107,2.23,1226,20.11,0.0,0.55,1.78,2.75,0.0,0.0,14.95,N,N,N,N,N
HV0003,B03404,B03404,2024-09-01 00:39:03,2024-09-01 00:43:22,2024-09-01 00:45:12,2024-09-01 01:06:39,224,246,3.38,1287,23.44,0.0,0.65,2.08,2.75,0.0,0.0,17.11,N,N,N,N,N
HV0003,B03404,B03404,2024-09-01 00:16:38,2024-09-01 00:20:26,2024-09-01 00:21:55,2024-09-01 00:42:26,216,122,7.79,1231,23.5,0.0,0.68,2.22,0.0,0.0,0.0,22.55,N,N,N,N,N
HV0003,B03404,B03404,2024-09-01 00:43:45,2024-09-01 00:44:30,2024-09-01 00:45:26,2024-09-01 00:51:02,191,191,1.22,336,8.91,0.0,0.24,0.79,0.0,0.0,0.0,5.39,N,N,N,N,N
HV0003,B03404,B03404,2024-09-01 00:53:37,2024-09-01 00:56:06,2024-09-01 00:56:23,2024-09-01 01:22:39,191,34,14.43,1576,36.66,0.0,1.0,3.26,0.0,0.0,0.0,34.94,N,N,N,N,N
HV0003,B03404,B03404,2024-09-01 00:41:47,2024-09-01 00:43:18,2024-09-01 00:45:18,2024-09-01 01:15:02,263,132,19.43,1784,50.76,6.94,1.46,5.34,2.75,2.5,0.0,43.76,N,N,N,N,N
HV0005,B03406,,2024-09-01 00:02:52,,2024-09-01 00:06:01,2024-09-01 00:19:08,223,247,5.176,787,20.13,6.96,0.66,2.14,0.0,0.0,0.0,14.74,N,N,N,N,N
HV0005,B03406,,2024-09-01 00:00:45,,2024-09-01 00:03:10,2024-09-01 00:18:35,181,66,3.677,925,20.35,0.0,0.56,1.81,0.0,0.0,0.0,14.04,N,N,N,N,N
HV0005,B03406,,2024-09-01 00:16:00,,2024-09-01 00:21:00,2024-09-01 00:36:01,66,255,3.641,901,21.65,0.0,0.6,1.92,0.0,0.0,0.0,13.75,N,N,N,N,N
HV0005,B03406,,2024-09-01 00:27:51,,2024-09-01 00:38:00,2024-09-01 01:23:01,255,75,8.193,2701,30.06,1.51,0.87,2.8,2.75,0.0,7.6,37.51,N,N,N,N,N
HV0005,B03406,,2024-09-01 00:14:16,,2024-09-01 00:16:52,2024-09-01 00:34:36,88,148,3.575,1064,17.41,0.0,0.42,1.36,2.75,0.0,0.0,15.25,N,N,N,N,N
HV0005,B03406,,2024-09-01 00:32:34,,2024-09-01 00:35:56,2024-09-01 00:45:15,148,249,1.499,559,17.15,0.0,0.47,1.52,2.75,0.0,0.0,7.5,N,N,N,N,N
HV0005,B03406,,2024-09-01 00:41:53,,2024-09-01 00:46:28,2024-09-01 00:59:48,249,79,1.391,800,11.86,0.0,0.33,1.05,2.75,0.0,0.0,9.7,N,N,N,N,N
HV0003,B03404,B03404,2024-09-01 00:55:09,2024-09-01 00:57:13,2024-09-01 00:59:18,2024-09-01 01:24:37,161,256,6.24,1519,41.28,0.0,1.14,3.65,2.75,0.0,0.0,24.25,N,N,N,N,N
HV0005,B03406,,2024-09-01 00:04:17,,2024-09-01 00:11:32,2024-09-01 00:22:25,25,256,3.246,653,17.22,0.0,0.42,1.36,0.0,0.0,0.0,10.8,N,N,N,N,N
HV0005,B03406,,2024-09-01 00:17:38,,2024-09-01 00:24:50,2024-09-01 00:39:50,256,36,2.338,900,14.33,0.0,0.39,1.27,0.0,0.0,0.0,11.97,N,N,N,N,N
HV0005,B03406,,2024-09-01 00:34:09,,2024-09-01 00:45:27,2024-09-01 01:07:19,36,148,4.235,1312,28.3,0.0,0.78,2.51,2.75,0.0,0.0,21.58,N,N,N,N,N
HV0003,B03404,B03404,2024-09-01 00:09:42,2024-09-01 00:10:36,2024-09-01 00:11:21,2024-09-01 00:33:22,223,68,8.3,1321,31.98,6.94,0.88,3.45,2.75,0.0,0.0,24.13,N,N,N,N,N
HV0003,B03404,B03404,2024-09-01 00:38:38,2024-09-01 00:45:00,2024-09-01 00:46:03,2024-09-01 00:56:17,68,170,1.87,614,16.34,0.0,0.45,1.45,2.75,0.0,0.0,8.5,N,N,N,N,N
HV0003,B03404,B03404,2024-09-01 00:24:22,2024-09-01 00:27:11,2024-09-01 00:27:17,2024-09-01 00:41:36,145,233,3.29,859,15.33,0.0,0.45,1.45,2.75,0.0,0.0,13.13,N,N,N,N,N
HV0003,B03404,B03404,2024-09-01 00:41:14,2024-09-01 00:41:35,2024-09-01 00:43:37,2024-09-01 00:58:12,233,65,5.66,875,21.92,0.0,0.6,1.95,2.75,0.0,0.0,16.52,N,N,N,N,N
HV0005,B03406,,2024-09-01 00:02:06,,2024-09-01 00:05:28,2024-09-01 00:25:03,114,161,3.148,1175,20.74,0.0,0.57,1.84,2.75,0.0,2.0,15.76,N,N,N,N,N
HV0005,B03406,,2024-09-01 00:29:28,,2024-09-01 00:33:05,2024-09-01 00:40:19,161,236,1.823,434,9.97,0.0,0.27,0.88,2.75,0.0,0.0,6.72,N,N,N,N,N
HV0005,B03406,,2024-09-01 00:41:44,,2024-09-01 00:46:00,2024-09-01 00:56:15,236,42,3.413,615,16.48,0.0,0.41,1.33,2.75,0.0,0.0,10.66,N,N,N,N,N
HV0005,B03406,,2024-09-01 00:11:55,,2024-09-01 00:15:05,2024-09-01 00:33:01,61,89,2.97,1076,19.72,0.0,0.48,1.56,0.0,0.0,0.0,14.54,N,N,N,N,N
HV0005,B03406,,2024-09-01 00:47:03,,2024-09-01 00:49:35,2024-09-01 01:16:42,89,74,18.169,1627,46.21,3.51,1.23,3.97,0.0,0.0,0.0,40.66,N,N,N,N,N
HV0003,B03404,B03404,2024-09-01 00:08:59,2024-09-01 00:12:41,2024-09-01 00:14:42,2024-09-01 00:47:46,98,230,12.39,1984,50.67,6.94,1.48,5.4,2.75,0.0,0.0,36.13,N,N,N,N,N
HV0003,B03404,B03404,2024-09-01 00:48:16,2024-09-01 00:48:53,2024-09-01 00:50:11,2024-09-01 00:55:26,48,246,1.41,315,8.43,0.0,0.23,0.75,2.75,0.0,5.0,5.39,N,N,N,N,N
HV0005,B03406,,2024-09-01 00:44:23,,2024-09-01 00:48:16,2024-09-01 01:05:02,90,87,3.41,1006,22.61,0.0,0.62,2.01,2.75,0.0,0.0,14.47,N,N,N,N,N
HV0003,B03404,B03404,2024-09-01 00:07:33,2024-09-01 00:07:54,2024-09-01 00:09:54,2024-09-01 00:27:57,249,229,3.01,1083,23.47,0.0,0.64,2.09,2.75,0.0,0.0,14.61,N,N,N,N,N
HV0003,B03404,B03404,2024-09-01 00:55:24,2024-09-01 00:58:04,2024-09-01 00:58:24,2024-09-01 01:31:18,162,33,6.22,1974,32.2,0.0,0.94,3.03,2.75,0.0,0.0,27.64,N,N,N,N,N
HV0003,B03404,B03404,2024-09-01 00:08:25,2024-09-01 00:10:21,2024-09-01 00:11:51,2024-09-01 00:23:04,235,169,1.14,673,10.44,0.0,0.29,0.93,0.0,0.0,3.0,8.09,N,N,N,N,N
HV0003,B03404,B03404,2024-09-01 00:30:32,2024-09-01 00:33:25,2024-09-01 00:34:39,2024-09-01 00:45:06,18,248,3.55,627,17.9,0.0,0.5,1.59,0.0,0.0,0.0,10.92,N,N,N,N,N
HV0005,B03406,,2024-09-01 00:01:16,,2024-09-01 00:05:08,2024-09-01 00:22:36,32,159,5.423,1048,22.91,0.0,0.49,1.59,0.0,0.0,0.0,17.62,N,N,N,N,N
HV0003,B03404,B03404,2024-09-01 00:17:49,2024-09-01 00:20:21,2024-09-01 00:20:21,2024-09-01 00:27:00,166,151,0.99,399,8.08,0.0,0.23,0.77,0.0,0.0,0.0,5.4,N,N,N,N,N
HV0003,B03404,B03404,2024-09-01 00:53:12,2024-09-01 00:56:25,2024-09-01 00:58:24,2024-09-01 01:01:17,241,153,0.44,173,8.9,0.0,0.24,0.79,0.0,0.0,5.0,5.39,N,N,N,N,N
HV0005,B03406,,2024-09-01 00:45:41,,2024-09-01 00:47:34,2024-09-01 01:05:31,166,246,5.44,1077,25.29,0.0,0.7,2.25,2.75,0.0,0.0,17.92,N,N,N,N,N
HV0005,B03406,,2024-09-01 00:10:06,,2024-09-01 00:13:45,2024-09-01 00:32:32,33,14,6.695,1127,27.34,0.19,0.76,2.44,0.0,0.0,0.0,20.13,N,N,N,N,N
HV0003,B03404,B03404,2024-09-01 00:15:17,2024-09-01 00:17:09,2024-09-01 00:19:11,2024-09-01 00:45:26,9,256,11.73,1575,50.09,0.0,1.47,4.72,0.0,0.0,0.0,31.26,N,N,N,N,N
HV0003,B03404,B03404,2024-09-01 00:38:49,2024-09-01 00:46:33,2024-09-01 00:47:19,2024-09-01 00:52:25,256,80,0.89,306,11.58,0.0,0.32,1.02,0.0,0.0,0.0,6.9,N,N,N,N,N
HV0003,B03404,B03404,2024-09-01 00:50:28,2024-09-01 00:54:21,2024-09-01 00:55:34,2024-09-01 01:25:51,80,225,5.13,1817,38.49,0.0,1.06,3.42,0.0,0.0,0.0,25.88,N,N,N,N,N
HV0003,B03404,B03404,2024-09-01 00:40:07,2024-09-01 00:43:06,2024-09-01 00:45:07,2024-09-01 01:38:04,97,254,19.96,3177,76.5,6.94,2.2,7.72,0.0,0.0,0.0,61.4,N,N,N,N,N
HV0003,B03404,B03404,2024-09-01 00:46:39,2024-09-01 00:48:55,2024-09-01 00:51:07,2024-09-01 01:09:59,231,148,1.25,1132,16.02,0.0,0.47,1.52,2.75,0.0,5.0,15.98,N,N,N,N,N
HV0003,B03404,B03404,2024-09-01 00:24:11,2024-09-01 00:28:27,2024-09-01 00:30:27,2024-09-01 01:00:20,132,126,18.8,1793,55.36,6.94,1.59,5.75,0.0,2.5,0.0,43.0,N,N,N,N,N
HV0003,B03404,B03404,2024-09-01 00:26:44,2024-09-01 00:33:26,2024-09-01 00:33:28,2024-09-01 01:03:23,196,196,7.55,1795,37.84,0.0,1.1,3.57,0.0,0.0,4.49,27.71,N,N,N,N,N
HV0003,B03404,B03404,2024-09-01 00:27:24,2024-09-01 00:28:54,2024-09-01 00:29:08,2024-09-01 00:36:05,223,7,1.33,417,5.76,0.0,0.16,0.51,0.0,0.0,2.0,5.86,N,N,N,N,N
HV0003,B03404,B03404,2024-09-01 00:36:44,2024-09-01 00:38:34,2024-09-01 00:39:06,2024-09-01 01:00:25,7,37,6.85,1279,20.68,0.0,0.59,1.91,0.0,0.0,0.0,21.75,N,N,N,N,N
HV0003,B03404,B03404,2024-09-01 00:07:06,2024-09-01 00:10:05,2024-09-01 00:12:06,2024-09-01 00:22:18,185,212,1.84,612,12.02,0.0,0.33,1.07,0.0,0.0,0.0,8.45,N,N,N,N,N
HV0003,B03404,B03404,2024-09-01 00:20:41,2024-09-01 00:25:29,2024-09-01 00:25:37,2024-09-01 00:30:04,212,248,1.26,267,8.96,0.0,0.24,0.8,0.0,0.0,3.5,5.39,N,N,N,N,N
HV0003,B03404,B03404,2024-09-01 00:30:04,2024-09-01 00:32:01,2024-09-01 00:33:18,2024-09-01 00:47:29,212,75,6.03,851,16.67,0.0,0.46,1.48,0.0,0.0,0.0,16.47,N,N,N,N,N
HV0005,B03406,,2024-09-01 00:12:55,,2024-09-01 00:17:50,2024-09-01 00:24:12,164,234,0.93,382,8.21,0.0,0.23,0.73,2.75,0.0,0.0,5.47,N,N,N,N,N
HV0005,B03406,,2024-09-01 00:25:34,,2024-09-01 00:30:05,2024-09-01 00:42:47,79,246,2.671,762,18.94,0.0,0.52,1.68,2.75,0.0,0.0,11.08,N,N,N,N,N
HV0005,B03406,,2024-09-01 00:43:28,,2024-09-01 00:48:23,2024-09-01 00:55:06,246,230,0.941,403,11.76,0.0,0.32,1.04,2.75,0.0,2.0,5.47,N,N,N,N,N
HV0003,B03404,B03404,2024-09-01 00:07:42,2024-09-01 00:09:47,2024-09-01 00:10:55,2024-09-01 00:19:00,113,107,1.13,485,12.7,0.0,0.35,1.13,2.75,0.0,0.0,6.25,N,N,N,N,N
HV0003,B03404,B03404,2024-09-01 00:13:42,2024-09-01 00:19:47,2024-09-01 00:20:36,2024-09-01 00:30:19,107,249,1.75,583,20.25,0.0,0.55,1.8,2.75,0.0,0.0,10.12,N,N,N,N,N
HV0005,B03406,,2024-09-01 00:04:18,,2024-09-01 00:07:02,2024-09-01 00:11:25,144,211,0.723,263,14.83,0.0,0.23,0.74,2.75,0.0,0.0,10.1,N,N,N,N,N
HV0005,B03406,,2024-09-01 00:10:26,,2024-09-01 00:12:54,2024-09-01 00:26:17,211,100,2.611,803,17.25,0.0,0.43,1.39,2.75,0.0,0.0,11.39,N,N,N,N,N
HV0005,B03406,,2024-09-01 00:26:20,,2024-09-01 00:32:30,2024-09-01 00:44:19,100,234,1.069,709,10.73,0.0,0.29,0.95,2.75,0.0,0.0,8.38,N,N,N,N,N
HV0005,B03406,,2024-09-01 00:43:51,,2024-09-01 00:46:40,2024-09-01 01:08:03,234,7,5.22,1283,23.19,0.24,0.64,2.08,2.75,0.0,0.0,19.63,N,N,N,N,N
HV0003,B03404,B03404,2024-09-01 00:02:16,2024-09-01 00:06:25,2024-09-01 00:07:35,2024-09-01 00:17:49,130,10,2.13,614,13.46,0.0,0.39,1.27,0.0,0.0,0.0,8.86,N,N,N,N,N
HV0003,B03404,B03404,2024-09-01 00:19:06,2024-09-01 00:23:34,2024-09-01 00:25:34,2024-09-01 00:45:53,218,135,6.18,1219,17.81,0.0,0.49,1.58,0.0,0.0,0.0,20.25,N,N,N,N,N
HV0003,B03404,B03404,2024-09-01 00:46:48,2024-09-01 00:49:10,2024-09-01 00:51:10,2024-09-01 01:14:33,135,205,4.14,1403,24.16,0.0,0.69,2.22,0.0,0.0,0.0,19.26,N,N,N,N,N
HV0003,B03404,B03404,2024-08-31 23:56:38,2024-08-31 23:59:21,2024-09-01 00:01:22,2024-09-01 00:10:28,51,254,1.71,546,11.7,0.0,0.32,1.04,0.0,0.0,0.0,7.65,N,N,N,N,N
HV0005,B03406,,2024-09-01 00:14:27,,2024-09-01 00:18:01,2024-09-01 00:38:58,254,265,10.117,1257,28.98,0.0,0.66,2.13,0.0,0.0,0.0,28.95,N,N,N,N,N
HV0003,B03404,B03404,2024-09-01 00:05:23,2024-09-01 00:07:37,2024-09-01 00:07:57,2024-09-01 00:20:10,79,87,2.34,733,15.05,0.0,0.42,1.36,2.75,0.0,0.0,10.3,N,N,N,N,N
HV0003,B03404,B03404,2024-09-01 00:17:44,2024-09-01 00:26:35,2024-09-01 00:26:35,2024-09-01 00:59:57,87,91,8.99,2002,38.27,6.94,1.04,3.96,2.75,0.0,0.0,31.68,N,N,N,N,N
HV0003,B03404,B03404,2024-08-31 23:59:46,2024-09-01 00:05:40,2024-09-01 00:07:18,2024-09-01 00:24:09,254,213,5.47,1011,20.39,0.0,0.56,1.81,0.0,0.0,0.0,17.26,N,N,N,N,N
HV0003,B03404,B03404,2024-09-01 00:33:53,2024-09-01 00:38:01,2024-09-01 00:39:01,2024-09-01 00:49:00,213,248,2.07,599,12.62,0.0,0.37,1.19,0.0,0.0,0.0,8.64,N,N,N,N,N
HV0003,B03404,B03404,2024-09-01 00:47:59,2024-09-01 00:51:49,2024-09-01 00:53:49,2024-09-01 01:01:18,248,147,2.04,449,10.49,0.0,0.29,0.93,0.0,0.0,0.0,7.15,Y,N,N,N,N
HV0003,B03404,B03404,2024-09-01 00:02:02,2024-09-01 00:09:06,2024-09-01 00:09:21,2024-09-01 00:58:37,48,243,10.94,2956,37.19,0.0,1.09,3.52,2.75,0.0,9.36,43.6,N,N,N,N,N
HV0003,B03404,B03404,2024-09-01 00:20:15,2024-09-01 00:22:20,2024-09-01 00:23:11,2024-09-01 00:31:55,40,148,4.18,524,19.0,0.0,0.53,1.68,2.75,0.0,0.0,10.77,N,N,N,N,N
HV0005,B03406,,2024-09-01 00:31:10,,2024-09-01 00:38:19,2024-09-01 00:48:58,144,137,2.135,639,14.48,0.0,0.37,1.2,2.75,0.0,0.0,9.15,N,N,N,N,N
HV0005,B03406,,2024-09-01 00:51:35,,2024-09-01 00:54:27,2024-09-01 01:05:12,107,229,2.26,645,11.86,0.0,0.33,1.05,2.75,0.0,0.0,9.37,N,N,N,N,N
HV0005,B03406,,2024-09-01 00:31:36,,2024-09-01 00:36:49,2024-09-01 01:11:15,132,188,10.423,2066,37.61,0.0,1.03,3.56,0.0,2.5,0.0,34.37,N,N,N,N,N
HV0003,B03404,B03404,2024-09-01 00:29:50,2024-09-01 00:34:47,2024-09-01 00:34:59,2024-09-01 00:41:49,14,67,1.48,410,8.93,0.0,0.24,0.79,0.0,0.0,0.0,7.74,N,N,N,N,N
HV0003,B03404,B03404,2024-09-01 00:35:51,2024-09-01 00:45:31,2024-09-01 00:46:17,2024-09-01 01:00:57,22,52,6.62,880,16.71,0.0,0.46,1.48,0.0,0.0,0.0,17.55,Y,N,N,N,N
HV0003,B03404,B03404,2024-09-01 00:46:13,2024-09-01 00:49:08,2024-09-01 00:49:14,2024-09-01 00:57:43,174,240,2.03,509,10.39,0.0,0.28,0.92,0.0,0.0,0.0,7.7,N,N,N,N,N
HV0005,B03406,,2024-09-01 00:01:30,,2024-09-01 00:08:04,2024-09-01 00:27:19,80,197,5.015,1155,39.18,0.0,0.94,3.03,0.0,0.0,0.0,19.2,N,N,N,N,N
HV0005,B03406,,2024-09-01 00:27:05,,2024-09-01 00:31:38,2024-09-01 01:05:12,76,213,18.466,2014,49.32,7.08,1.55,5.0,0.0,0.0,0.0,44.84,N,N,N,N,N
HV0003,B03404,B03404,2024-09-01 00:08:03,2024-09-01 00:08:36,2024-09-01 00:09:04,2024-09-01 00:25:53,164,239,3.17,1009,21.69,0.0,0.6,1.93,2.75,0.0,2.69,14.12,N,N,N,N,N
HV0003,B03404,B03404,2024-09-01 00:27:30,2024-09-01 00:29:00,2024-09-01 00:29:51,2024-09-01 00:42:43,239,170,3.34,772,19.87,0.0,0.55,1.77,2.75,0.0,0.0,12.04,N,N,N,N,N
HV0003,B03404,B03404,2024-09-01 00:45:10,2024-09-01 00:47:36,2024-09-01 00:47:43,2024-09-01 01:11:50,162,75,4.02,1447,17.21,0.0,0.48,1.53,2.75,0.0,0.0,19.53,N,N,N,N,N
HV0005,B03406,,2024-09-01 00:54:49,,2024-09-01 00:59:37,2024-09-01 01:11:00,26,26,1.61,683,8.94,0.0,0.25,0.79,0.0,0.0,0.0,8.86,N,N,N,N,N
HV0003,B03404,B03404,2024-09-01 00:17:00,2024-09-01 00:22:47,2024-09-01 00:23:03,2024-09-01 01:06:03,132,79,17.64,2580,46.06,0.0,1.34,4.31,2.75,2.5,0.0,49.06,N,N,N,N,N
HV0003,B03404,B03404,2024-09-01 00:11:30,2024-09-01 00:14:09,2024-09-01 00:14:54,2024-09-01 00:31:48,247,250,7.73,1014,18.17,0.0,0.53,1.72,0.0,0.0,0.0,20.36,N,N,N,N,N
HV0003,B03404,B03404,2024-09-01 00:42:31,2024-09-01 00:48:17,2024-09-01 00:48:45,2024-09-01 01:10:16,250,81,5.35,1291,20.54,0.0,0.57,1.82,0.0,0.0,0.0,19.83,N,N,N,N,N
HV0005,B03406,,2024-09-01 00:01:36,,2024-09-01 00:05:55,2024-09-01 00:21:27,126,32,4.391,932,21.08,0.0,0.45,1.46,0.0,0.0,0.0,15.08,N,N,N,N,N
HV0005,B03406,,2024-09-01 00:42:14,,2024-09-01 00:46:58,2024-09-01 01:02:05,47,212,2.116,907,15.92,0.0,0.44,1.41,0.0,0.0,0.0,11.73,N,N,N,N,N
HV0005,B03406,,2024-09-01 00:46:03,,2024-09-01 00:47:59,2024-09-01 01:00:42,205,265,3.9,763,19.88,0.0,0.49,1.57,0.0,0.0,0.0,13.86,N,N,N,N,N
HV0003,B03404,B03404,2024-09-01 00:22:28,2024-09-01 00:25:29,2024-09-01 00:25:42,2024-09-01 01:05:46,62,243,18.12,2404,53.18,6.94,1.46,5.34,0.0,0.0,13.38,48.0,N,N,N,N,N
HV0003,B03404,B03404,2024-08-31 23:51:38,2024-09-01 00:00:09,2024-09-01 00:00:46,2024-09-01 00:48:51,49,29,8.49,2885,32.43,0.0,0.89,2.88,0.0,0.0,0.0,21.64,Y,Y,N,N,N
HV0003,B03404,B03404,2024-09-01 00:46:15,2024-09-01 00:53:05,2024-09-01 00:53:37,2024-09-01 01:00:09,29,55,1.03,392,8.88,0.0,0.24,0.79,0.0,0.0,0.0,5.39,N,N,N,N,N
HV0003,B03404,B03404,2024-09-01 00:03:47,2024-09-01 00:08:03,2024-09-01 00:10:04,2024-09-01 00:21:56,19,219,6.0,712,23.06,0.0,0.64,2.07,0.0,0.0,0.0,15.08,N,N,N,N,N
HV0003,B03404,B03404,2024-09-01 00:17:15,2024-09-01 00:25:03,2024-09-01 00:25:50,2024-09-01 00:41:06,219,216,4.19,916,14.95,0.0,0.41,1.32,0.0,0.0,0.0,14.6,Y,N,N,N,N
HV0003,B03404,B03404,2024-09-01 00:14:02,2024-09-01 00:21:38,2024-09-01 00:22:29,2024-09-01 00:30:03,39,155,1.03,454,8.61,0.0,0.24,0.77,0.0,0.0,0.0,5.81,Y,N,N,N,N
HV0003,B03404,B03404,2024-09-01 00:30:41,2024-09-01 00:35:14,2024-09-01 00:36:59,2024-09-01 01:11:03,155,232,20.93,2044,58.67,0.0,1.68,5.4,2.75,0.0,0.0,48.32,N,N,N,N,N
HV0005,B03406,,2024-09-01 00:54:47,,2024-09-01 00:56:21,2024-09-01 01:12:00,148,255,4.099,939,29.95,0.0,0.82,2.66,2.75,0.0,0.0,23.5,N,N,N,N,N
HV0005,B03406,,2024-09-01 00:07:58,,2024-09-01 00:18:47,2024-09-01 00:28:49,127,220,3.023,602,17.25,0.0,0.34,1.09,0.0,0.0,0.0,10.0,N,N,N,N,N
HV0005,B03406,,2024-09-01 00:28:45,,2024-09-01 00:33:26,2024-09-01 00:43:39,220,243,2.434,613,14.18,0.15,0.39,1.27,0.0,0.0,0.0,9.3,N,N,N,N,N
HV0005,B03406,,2024-09-01 00:45:49,,2024-09-01 00:47:16,2024-09-01 01:05:27,243,24,4.626,1091,22.41,0.0,0.55,1.77,0.0,0.0,0.0,16.95,N,N,N,N,N
HV0003,B03404,B03404,2024-09-01 00:11:12,2024-09-01 00:12:24,2024-09-01 00:14:24,2024-09-01 00:34:31,68,140,4.34,1207,27.36,0.0,0.76,2.43,2.75,0.0,0.0,20.36,N,N,N,N,Y
HV0003,B03404,B03404,2024-09-01 00:33:47,2024-09-01 00:34:31,2024-09-01 00:35:01,2024-09-01 00:55:58,140,244,7.22,1257,23.58,0.0,0.69,2.23,2.75,0.0,6.15,25.91,N,N,N,N,Y
HV0003,B03404,B03404,2024-09-01 00:13:00,2024-09-01 00:19:35,2024-09-01 00:19:52,2024-09-01 00:42:14,36,72,4.32,1342,22.39,0.0,0.62,1.98,0.0,0.0,0.0,20.42,N,N,N,N,N
HV0003,B03404,B03404,2024-09-01 00:42:33,2024-09-01 00:43:43,2024-09-01 00:44:36,2024-09-01 00:48:56,72,72,1.08,260,8.04,0.0,0.22,0.72,0.0,0.0,0.0,5.39,N,N,N,N,N
HV0003,B03404,B03404,2024-09-01 00:48:18,2024-09-01 00:51:43,2024-09-01 00:51:57,2024-09-01 01:17:38,72,197,8.32,1541,33.1,0.0,0.91,2.93,0.0,0.0,0.0,26.29,N,N,N,N,N
HV0003,B03404,B03404,2024-08-31 23:58:28,2024-08-31 23:59:21,2024-09-01 00:00:49,2024-09-01 00:15:18,238,246,3.26,869,20.79,0.0,0.58,1.85,2.75,0.0,2.5,12.87,N,N,N,N,N
HV0003,B03404,B03404,2024-09-01 00:36:07,2024-09-01 00:41:25,2024-09-01 00:41:38,2024-09-01 00:51:03,249,79,1.34,565,12.74,0.0,0.35,1.13,2.75,0.0,0.0,7.31,N,N,N,N,N
HV0003,B03404,B03404,2024-09-01 00:49:05,2024-09-01 00:53:25,2024-09-01 00:53:40,2024-09-01 01:09:07,79,161,3.12,927,21.66,0.0,0.6,1.93,2.75,0.0,5.38,14.25,N,N,N,N,N
HV0003,B03404,B03404,2024-09-01 00:16:35,2024-09-01 00:17:06,2024-09-01 00:17:55,2024-09-01 00:24:07,236,161,1.67,372,8.56,0.0,0.22,0.72,2.75,0.0,0.0,5.88,N,N,N,N,N
HV0003,B03404,B03404,2024-09-01 00:24:36,2024-09-01 00:25:54,2024-09-01 00:27:07,2024-09-01 01:06:00,230,189,9.68,2333,38.71,0.0,1.07,3.42,2.75,0.0,4.59,35.83,N,N,N,N,N
HV0005,B03406,,2024-09-01 00:11:05,,2024-09-01 00:17:34,2024-09-01 00:48:47,229,37,6.887,1873,30.53,0.0,0.84,2.71,2.75,0.0,0.0,27.66,N,N,N,N,N
HV0005,B03406,,2024-09-01 00:50:38,,2024-09-01 00:54:34,2024-09-01 01:16:30,37,25,3.468,1316,22.69,0.0,0.49,1.57,0.0,0.0,0.0,17.56,N,N,N,N,N
HV0005,B03406,,2024-09-01 00:10:16,,2024-09-01 00:12:17,2024-09-01 00:31:32,179,112,4.081,1155,21.52,0.77,0.61,1.98,0.0,0.0,0.0,23.84,N,N,N,N,N
HV0005,B03406,,2024-09-01 00:22:11,,2024-09-01 00:32:02,2024-09-01 00:47:14,112,7,3.373,912,16.84,0.18,0.47,1.51,0.0,0.0,0.0,13.5,N,N,N,N,N
HV0005,B03406,,2024-09-01 00:46:25,,2024-09-01 00:53:15,2024-09-01 01:01:36,7,7,1.219,501,8.42,0.0,0.23,0.75,0.0,0.0,0.0,6.55,N,N,N,N,N
HV0003,B03404,B03404,2024-09-01 00:09:01,2024-09-01 00:11:02,2024-09-01 00:11:02,2024-09-01 00:17:32,79,170,1.51,390,10.76,0.0,0.28,0.92,2.75,0.0,0.0,5.84,N,N,N,N,N
HV0003,B03404,B03404,2024-09-01 00:33:15,2024-09-01 00:36:35,2024-09-01 00:36:53,2024-09-01 00:49:05,145,43,3.03,732,22.73,0.0,0.62,2.02,2.75,0.0,2.81,11.42,N,N,N,N,N
HV0003,B03404,B03404,2024-09-01 00:49:23,2024-09-01 00:50:47,2024-09-01 00:51:01,2024-09-01 01:21:28,163,145,5.02,1827,27.99,0.0,0.77,2.48,2.75,0.0,0.0,24.58,N,N,N,N,N
HV0003,B03404,B03404,2024-09-01 00:05:21,2024-09-01 00:10:08,2024-09-01 00:11:24,2024-09-01 00:20:16,20,136,1.11,532,9.37,0.0,0.27,0.89,0.0,0.0,0.0,6.68,N,N,N,N,N
HV0003,B03404,B03404,2024-09-01 00:15:48,2024-09-01 00:26:52,2024-09-01 00:27:23,2024-09-01 00:36:22,241,153,1.39,539,9.7,0.0,0.26,0.86,0.0,0.0,0.0,7.13,N,N,N,N,N
HV0003,B03404,B03404,2024-09-01 00:43:24,2024-09-01 00:47:08,2024-09-01 00:47:33,2024-09-01 00:52:36,153,127,0.77,303,8.9,0.0,0.24,0.79,0.0,0.0,0.0,5.39,N,N,N,N,N
HV0003,B03404,B03404,2024-09-01 00:52:39,2024-09-01 00:57:08,2024-09-01 00:59:09,2024-09-01 01:13:13,153,42,4.33,844,18.28,0.0,0.51,1.62,0.0,0.0,0.0,14.09,N,N,N,N,N
HV0005,B03406,,2024-09-01 00:28:24,,2024-09-01 00:46:42,2024-09-01 01:09:51,48,114,3.755,1389,24.91,0.0,0.51,1.66,2.75,0.0,3.0,18.67,N,N,N,N,N
HV0003,B03404,B03404,2024-09-01 00:30:59,2024-09-01 00:38:22,2024-09-01 00:38:50,2024-09-01 00:49:11,139,218,1.88,621,10.52,0.0,0.29,0.94,0.0,0.0,0.0,8.59,N,N,N,N,N
HV0003,B03404,B03404,2024-09-01 00:51:04,2024-09-01 00:55:10,2024-09-01 00:56:19,2024-09-01 01:06:38,205,219,1.64,619,12.51,0.0,0.34,1.11,0.0,0.0,0.0,8.25,N,N,N,N,N
HV0003,B03404,B03404,2024-09-01 00:05:00,2024-09-01 00:06:43,2024-09-01 00:07:25,2024-09-01 00:27:14,141,160,5.87,1189,27.08,0.0,0.75,2.4,2.75,0.0,0.0,19.54,N,N,N,N,N
HV0003,B03404,B03404,2024-09-01 00:29:55,2024-09-01 00:34:43,2024-09-01 00:34:52,2024-09-01 00:55:13,198,225,3.53,1221,24.66,0.0,0.68,2.19,0.0,0.0,0.0,18.41,N,N,N,N,N
HV0003,B03404,B03404,2024-09-01 00:56:25,2024-09-01 00:58:47,2024-09-01 00:59:36,2024-09-01 01:11:44,17,256,2.68,728,14.34,0.0,0.39,1.27,0.0,0.0,0.0,10.71,N,N,N,N,N
HV0003,B03404,B03404,2024-09-01 00:00:54,2024-09-01 00:06:24,2024-09-01 00:07:21,2024-09-01 00:36:35,249,263,5.76,1754,30.58,0.0,0.84,2.71,2.75,0.0,0.0,29.22,N,N,N,N,Y
HV0005,B03406,,2024-09-01 00:14:45,,2024-09-01 00:22:33,2024-09-01 00:34:54,226,82,2.628,741,13.43,0.0,0.37,1.19,0.0,0.0,0.0,14.81,N,N,N,N,N
HV0005,B03406,,2024-09-01 00:25:59,,2024-09-01 00:40:44,2024-09-01 00:48:30,82,56,1.227,466,13.25,0.0,0.36,1.18,0.0,0.0,0.0,10.47,N,N,N,N,N
HV0005,B03406,,2024-08-31 23:53:34,,2024-09-01 00:48:06,2024-09-01 01:10:09,93,164,9.138,1323,50.99,6.58,1.58,5.09,2.75,0.0,0.0,30.37,N,N,N,N,N
HV0003,B03404,B03404,2024-09-01 00:13:30,2024-09-01 00:18:14,2024-09-01 00:20:25,2024-09-01 00:46:04,259,74,11.18,1539,35.54,6.94,0.98,3.77,0.0,0.0,0.0,30.16,N,N,N,N,N
HV0005,B03406,,2024-09-01 00:46:21,,2024-09-01 00:51:30,2024-09-01 01:04:20,74,239,3.382,770,18.7,0.23,0.52,1.68,2.75,0.0,4.78,12.13,N,N,N,N,N
HV0005,B03406,,2024-08-31 23:57:33,,2024-09-01 00:04:16,2024-09-01 00:15:58,186,265,3.162,702,17.46,20.0,1.04,0.0,0.0,0.0,0.0,11.95,N,N,N,N,N
HV0005,B03406,,2024-09-01 00:52:45,,2024-09-01 00:58:31,2024-09-01 01:10:45,246,48,1.888,734,13.73,0.0,0.38,1.22,2.75,0.0,0.0,9.73,N,N,N,N,N
HV0005,B03406,,2024-08-31 23:56:50,,2024-09-01 00:01:50,2024-09-01 00:14:36,37,37,1.898,766,13.83,0.0,0.39,1.27,0.0,0.0,0.0,10.06,N,N,N,N,N
HV0003,B03404,B03404,2024-09-01 00:26:17,2024-09-01 00:29:06,2024-09-01 00:29:36,2024-09-01 00:38:50,69,169,2.42,554,13.39,0.0,0.36,1.19,0.0,0.0,0.0,10.59,N,N,N,N,N
HV0003,B03404,B03404,2024-09-01 00:38:21,2024-09-01 00:42:10,2024-09-01 00:42:24,2024-09-01 01:27:47,169,148,13.54,2723,37.87,0.0,1.04,3.36,2.75,0.0,0.0,46.79,N,N,N,N,N
HV0003,B03404,B03404,2024-09-01 00:11:58,2024-09-01 00:14:49,2024-09-01 00:16:14,2024-09-01 00:40:05,48,79,3.93,1431,51.42,0.0,1.51,4.85,2.75,0.0,0.0,41.41,N,N,N,N,N
HV0003,B03404,B03404,2024-09-01 00:48:41,2024-09-01 00:51:01,2024-09-01 00:52:24,2024-09-01 01:14:19,148,112,3.93,1315,30.55,0.0,0.9,2.88,2.75,0.0,0.0,27.13,N,N,N,N,N
HV0005,B03406,,2024-08-31 23:56:34,,2024-09-01 00:00:51,2024-09-01 00:07:16,41,42,1.254,385,9.57,0.0,0.26,0.85,0.0,0.0,1.0,5.47,N,N,N,N,N
HV0005,B03406,,2024-09-01 00:05:45,,2024-09-01 00:11:16,2024-09-01 00:16:29,42,42,0.748,313,7.9,0.0,0.22,0.7,0.0,0.0,0.0,5.47,N,N,N,N,N
HV0005,B03406,,2024-09-01 00:18:30,,2024-09-01 00:22:27,2024-09-01 00:29:14,42,244,1.709,407,8.92,0.0,0.25,0.79,0.0,0.0,0.0,6.3,N,N,N,N,N
HV0005,B03406,,2024-09-01 00:31:31,,2024-09-01 00:33:27,2024-09-01 00:53:41,244,159,3.364,1214,18.54,0.0,0.51,1.64,0.0,0.0,3.27,16.42,N,N,N,N,N
HV0003,B03404,B03404,2024-09-01 00:11:00,2024-09-01 00:12:04,2024-09-01 00:12:07,2024-09-01 00:22:25,230,236,2.6,618,14.93,0.0,0.41,1.32,2.75,0.0,0.0,9.7,N,N,N,N,N
HV0003,B03404,B03404,2024-09-01 00:22:38,2024-09-01 00:23:40,2024-09-01 00:24:40,2024-09-01 00:28:07,236,75,1.27,207,8.56,0.0,0.23,0.76,2.75,0.0,0.0,5.4,N,N,N,N,N
HV0003,B03404,B03404,2024-09-01 00:28:54,2024-09-01 00:31:08,2024-09-01 00:33:09,2024-09-01 01:02:15,74,254,10.53,1746,23.71,0.0,0.65,2.1,0.0,0.0,0.0,31.29,N,N,N,N,N
HV0005,B03406,,2024-09-01 00:12:45,,2024-09-01 00:15:48,2024-09-01 00:25:33,41,152,1.32,585,8.71,0.0,0.24,0.77,0.0,0.0,0.0,7.51,N,N,N,N,N
HV0005,B03406,,2024-09-01 00:31:58,,2024-09-01 00:33:52,2024-09-01 00:42:29,116,119,1.833,517,11.76,0.0,0.29,0.93,0.0,0.0,0.0,7.54,N,N,N,N,N
HV0005,B03406,,2024-09-01 00:42:11,,2024-09-01 00:48:35,2024-09-01 01:02:34,119,168,3.144,839,17.8,0.0,0.49,1.58,0.0,0.0,0.0,12.47,N,N,N,N,N
HV0003,B03404,B03404,2024-09-01 00:10:59,2024-09-01 00:14:21,2024-09-01 00:14:35,2024-09-01 00:31:31,17,112,4.47,1016,25.0,0.0,0.69,2.21,0.0,0.0,0.0,15.95,N,N,N,N,N
HV0003,B03404,B03404,2024-09-01 00:29:31,2024-09-01 00:34:09,2024-09-01 00:34:38,2024-09-01 00:49:18,112,157,3.76,880,25.95,0.0,0.72,2.3,0.0,0.0,0.0,14.66,N,N,N,N,N
HV0003,B03404,B03404,2024-09-01 00:47:02,2024-09-01 00:49:33,2024-09-01 00:49:33,2024-09-01 00:56:56,157,37,1.42,443,12.45,0.0,0.34,1.11,0.0,0.0,0.0,7.23,N,N,N,N,N
HV0003,B03404,B03404,2024-09-01 00:07:56,2024-09-01 00:11:09,2024-09-01 00:11:38,2024-09-01 00:37:06,144,238,6.85,1528,51.96,0.0,1.43,4.62,2.75,0.0,0.0,25.26,N,N,N,N,N
HV0003,B03404,B03404,2024-08-31 23:58:54,2024-08-31 23:59:35,2024-09-01 00:00:53,2024-09-01 00:09:35,170,224,1.54,522,9.99,0.0,0.27,0.89,2.75,0.0,0.0,7.16,N,N,N,N,N
HV0003,B03404,B03404,2024-09-01 00:10:03,2024-09-01 00:13:23,2024-09-01 00:15:24,2024-09-01 00:18:24,4,4,0.55,180,11.12,0.0,0.3,0.98,2.75,0.0,0.0,5.56,N,N,N,N,N
HV0003,B03404,B03404,2024-09-01 00:17:57,2024-09-01 00:21:43,2024-09-01 00:21:53,2024-09-01 00:39:10,4,97,5.0,1037,23.46,0.0,0.65,2.09,2.75,0.0,0.0,16.87,N,N,N,N,N
HV0003,B03404,B03404,2024-09-01 00:39:02,2024-09-01 00:45:39,2024-09-01 00:46:26,2024-09-01 01:21:45,97,265,6.25,2119,65.14,20.0,1.79,0.0,0.0,0.0,0.0,33.47,N,N,N,N,N
HV0005,B03406,,2024-09-01 00:50:08,,2024-09-01 00:56:26,2024-09-01 01:05:49,74,42,2.192,563,12.54,0.0,0.34,1.11,0.0,0.0,0.0,8.48,N,N,N,N,N
HV0003,B03404,B03404,2024-09-01 00:03:42,2024-09-01 00:09:38,2024-09-01 00:10:06,2024-09-01 00:16:20,97,61,1.39,374,8.33,0.0,0.24,0.79,0.0,0.0,0.0,7.91,N,N,N,N,N
HV0003,B03404,B03404,2024-09-01 00:16:35,2024-09-01 00:21:22,2024-09-01 00:22:28,2024-09-01 00:35:58,61,112,3.84,810,17.7,0.0,0.49,1.57,0.0,0.0,0.0,15.48,N,N,N,N,N
HV0003,B03404,B03404,2024-09-01 00:29:39,2024-09-01 00:38:26,2024-09-01 00:39:47,2024-09-01 01:02:34,112,133,9.27,1367,38.7,0.0,1.14,3.65,0.0,0.0,9.19,29.78,N,N,N,N,N
HV0003,B03404,B03404,2024-09-01 00:21:24,2024-09-01 00:24:53,2024-09-01 00:24:53,2024-09-01 00:40:44,130,218,3.95,951,19.61,0.0,0.54,1.74,0.0,0.0,0.0,14.61,N,N,N,N,N
HV0003,B03404,B03404,2024-09-01 00:44:54,2024-09-01 00:46:49,2024-09-01 00:47:43,2024-09-01 01:04:03,218,122,4.21,980,19.39,0.0,0.57,1.83,0.0,0.0,0.0,15.25,N,N,N,N,N
HV0003,B03404,B03404,2024-09-01 00:06:33,2024-09-01 00:08:59,2024-09-01 00:10:59,2024-09-01 00:30:21,107,50,3.02,1162,24.52,0.0,0.71,2.32,2.75,0.0,0.0,15.4,N,N,N,N,N
HV0003,B03404,B03404,2024-09-01 00:30:56,2024-09-01 00:31:51,2024-09-01 00:32:07,2024-09-01 00:48:14,50,107,3.18,967,20.77,0.0,0.58,1.85,2.75,0.0,0.0,13.72,N,N,N,N,N
HV0003,B03404,B03404,2024-09-01 00:48:18,2024-09-01 00:52:47,2024-09-01 00:53:36,2024-09-01 01:00:05,79,162,1.93,389,15.42,0.0,0.42,1.37,2.75,0.0,4.0,6.4,N,N,N,N,N
HV0003,B03404,B03404,2024-08-31 23:59:34,2024-09-01 00:05:53,2024-09-01 00:05:58,2024-09-01 00:20:52,244,163,6.59,894,22.57,0.0,0.62,2.01,2.75,0.0,0.0,17.65,N,N,N,N,N
HV0003,B03404,B03404,2024-09-01 00:21:50,2024-09-01 00:25:53,2024-09-01 00:27:54,2024-09-01 00:37:47,230,170,1.17,593,18.49,0.0,0.51,1.64,2.75,0.0,0.0,9.69,N,N,N,N,N
HV0003,B03404,B03404,2024-09-01 00:39:42,2024-09-01 00:40:09,2024-09-01 00:42:08,2024-09-01 00:45:52,170,186,0.58,224,7.61,0.0,0.15,0.5,2.75,0.0,0.0,5.39,N,N,N,N,N
HV0003,B03404,B03404,2024-09-01 00:50:39,2024-09-01 00:54:29,2024-09-01 00:54:41,2024-09-01 01:05:48,164,48,1.94,667,16.3,0.0,0.44,1.45,2.75,0.0,0.0,9.12,N,N,N,N,N
HV0003,B03404,B03404,2024-09-01 00:29:20,2024-09-01 00:34:53,2024-09-01 00:35:10,2024-09-01 00:47:55,6,206,3.52,765,17.4,0.0,0.48,1.54,0.0,0.0,0.0,12.22,N,N,N,N,N
HV0003,B03404,B03404,2024-09-01 00:45:08,2024-09-01 00:51:09,2024-09-01 00:51:20,2024-09-01 01:01:19,206,187,2.29,599,12.54,0.0,0.34,1.11,0.0,0.0,0.0,8.93,N,N,N,N,N
HV0005,B03406,,2024-09-01 00:11:50,,2024-09-01 00:15:05,2024-09-01 00:28:50,127,247,3.322,825,17.52,0.0,0.38,1.22,0.0,0.0,0.0,12.58,N,N,N,N,N
HV0005,B03406,,2024-09-01 00:39:48,,2024-09-01 00:42:01,2024-09-01 00:52:42,69,126,1.949,641,12.54,0.0,0.34,1.11,0.0,0.0,0.0,8.91,N,N,N,N,N
HV0005,B03406,,2024-08-31 23:59:48,,2024-09-01 00:03:44,2024-09-01 00:14:22,224,4,1.558,638,11.16,0.0,0.3,0.97,2.75,0.0,0.0,8.35,N,N,N,N,N
HV0005,B03406,,2024-09-01 00:15:53,,2024-09-01 00:22:45,2024-09-01 00:34:52,148,261,3.991,727,18.8,0.0,0.52,1.67,2.75,0.0,3.56,12.53,N,N,N,N,N
HV0005,B03406,,2024-09-01 00:35:16,,2024-09-01 00:42:53,2024-09-01 00:56:51,88,249,2.875,838,18.13,0.0,0.5,1.61,2.75,0.0,0.0,12.09,N,N,N,N,N
HV0005,B03406,,2024-09-01 00:53:46,,2024-09-01 00:59:56,2024-09-01 01:05:29,249,234,1.161,333,9.88,0.0,0.27,0.88,2.75,0.0,0.0,5.47,N,N,N,N,N
HV0003,B03404,B03404,2024-09-01 00:02:57,2024-09-01 00:07:56,2024-09-01 00:08:38,2024-09-01 00:20:56,162,238,3.15,738,20.85,0.0,0.57,1.85,2.75,0.0,0.0,11.95,N,N,N,N,N
HV0003,B03404,B03404,2024-09-01 00:19:31,2024-09-01 00:25:56,2024-09-01 00:26:18,2024-09-01 00:40:41,238,127,6.6,863,19.86,0.0,0.55,1.77,2.75,0.0,0.0,17.36,N,N,N,N,N
HV0003,B03404,B03404,2024-09-01 00:42:31,2024-09-01 00:46:08,2024-09-01 00:47:20,2024-09-01 01:03:16,127,119,4.53,956,16.1,0.0,0.45,1.42,0.0,0.0,0.0,15.45,N,N,N,N,N
HV0003,B03404,B03404,2024-09-01 00:39:56,2024-09-01 00:43:30,2024-09-01 00:43:36,2024-09-01 00:54:31,198,36,2.0,655,12.59,0.0,0.34,1.12,0.0,0.0,0.0,9.25,N,N,N,N,N
HV0003,B03404,B03404,2024-09-01 00:48:18,2024-09-01 00:56:46,2024-09-01 00:58:47,2024-09-01 01:10:03,36,225,1.41,676,16.83,0.0,0.46,1.5,0.0,0.0,0.0,10.11,N,N,N,N,N
HV0003,B03404,B03404,2024-08-31 23:52:15,2024-09-01 00:00:34,2024-09-01 00:01:00,2024-09-01 00:26:41,208,220,10.72,1541,35.84,0.0,0.99,3.18,0.0,0.0,0.0,29.55,N,N,N,N,N
HV0003,B03404,B03404,2024-09-01 00:42:04,2024-09-01 00:44:50,2024-09-01 00:46:56,2024-09-01 01:17:07,220,174,2.59,1811,28.34,0.0,0.77,2.51,0.0,0.0,0.0,21.13,N,N,N,N,N
HV0003,B03404,B03404,2024-09-01 00:28:12,2024-09-01 00:31:55,2024-09-01 00:32:00,2024-09-01 00:40:58,159,69,1.68,538,10.68,0.0,0.29,0.95,0.0,0.0,0.0,7.51,N,N,N,N,N
HV0003,B03404,B03404,2024-09-01 00:41:51,2024-09-01 00:44:23,2024-09-01 00:44:45,2024-09-01 00:57:19,69,78,2.4,754,13.18,0.0,0.36,1.17,0.0,0.0,0.0,10.59,N,N,N,N,N
HV0003,B03404,B03404,2024-09-01 00:02:10,2024-09-01 00:03:44,2024-09-01 00:04:30,2024-09-01 00:17:07,7,82,2.45,757,21.43,0.0,0.59,1.9,0.0,0.0,0.0,10.9,N,N,N,N,N
HV0003,B03404,B03404,2024-09-01 00:17:28,2024-09-01 00:20:10,2024-09-01 00:20:10,2024-09-01 00:27:56,129,70,2.86,466,12.8,0.0,0.35,1.13,0.0,0.0,0.0,8.63,N,N,N,N,N
HV0003,B03404,B03404,2024-09-01 00:27:19,2024-09-01 00:29:44,2024-09-01 00:29:52,2024-09-01 00:43:35,70,42,7.55,823,27.21,6.94,0.75,3.03,0.0,0.0,0.0,18.48,N,N,N,N,N
HV0003,B03404,B03404,2024-09-01 00:48:44,2024-09-01 00:49:52,2024-09-01 00:51:05,2024-09-01 01:23:29,42,164,7.31,1944,28.84,0.0,0.79,2.56,2.75,0.0,0.0,29.04,N,N,N,N,N
HV0003,B03404,B03404,2024-09-01 00:06:27,2024-09-01 00:10:59,2024-09-01 00:12:44,2024-09-01 00:19:49,189,17,1.24,425,8.05,0.0,0.22,0.72,0.0,0.0,0.0,5.82,N,N,N,N,N
HV0003,B03404,B03404,2024-09-01 00:19:55,2024-09-01 00:23:39,2024-09-01 00:25:40,2024-09-01 00:45:56,17,79,4.04,1216,20.78,0.0,0.57,1.81,2.75,0.0,0.0,17.31,N,N,N,N,N
HV0003,B03404,B03404,2024-09-01 00:17:30,2024-09-01 00:18:22,2024-09-01 00:19:10,2024-09-01 00:32:28,90,237,3.42,798,21.09,0.0,0.49,1.59,2.75,0.0,4.54,12.4,N,N,N,N,N
HV0003,B03404,B03404,2024-09-01 00:37:36,2024-09-01 00:39:50,2024-09-01 00:40:06,2024-09-01 01:03:51,161,169,9.82,1425,25.54,0.0,0.7,2.29,2.75,0.0,0.0,27.21,N,N,N,N,N
HV0003,B03404,B03404,2024-08-31 23:52:16,2024-09-01 00:01:29,2024-09-01 00:02:01,2024-09-01 00:20:01,79,246,2.77,1080,19.84,0.0,0.54,1.77,2.75,0.0,0.0,15.99,N,N,N,N,Y
HV0003,B03404,B03404,2024-09-01 00:13:24,2024-09-01 00:15:36,2024-09-01 00:16:20,2024-09-01 00:19:30,185,242,0.67,190,8.56,0.0,0.21,0.69,0.0,0.0,3.0,5.4,N,N,N,N,N
HV0003,B03404,B03404,2024-09-01 00:24:24,2024-09-01 00:28:00,2024-09-01 00:28:12,2024-09-01 00:38:06,242,81,3.99,594,14.32,0.0,0.4,1.27,0.0,0.0,0.0,11.2,N,N,N,N,N
HV0003,B03404,B03404,2024-09-01 00:52:28,2024-09-01 00:55:52,2024-09-01 00:57:55,2024-09-01 01:19:47,240,50,13.67,1312,33.16,3.18,0.91,3.21,2.75,0.0,0.0,31.34,N,N,N,N,N
HV0003,B03404,B03404,2024-09-01 00:11:42,2024-09-01 00:16:29,2024-09-01 00:17:26,2024-09-01 00:47:37,37,79,5.51,1811,33.32,0.0,0.92,2.96,2.75,0.0,0.0,25.08,N,N,N,N,N
HV0003,B03404,B03404,2024-09-01 00:55:39,2024-09-01 00:56:29,2024-09-01 00:57:52,2024-09-01 01:14:05,113,246,2.72,973,18.72,0.0,0.54,1.76,2.75,0.0,0.0,13.16,N,N,N,N,N
HV0003,B03404,B03404,2024-09-01 00:14:30,2024-09-01 00:15:26,2024-09-01 00:17:26,2024-09-01 00:44:36,7,19,14.36,1630,35.35,0.0,1.03,3.34,0.0,0.0,0.0,35.37,N,N,N,N,N
HV0003,B03404,B03404,2024-09-01 00:43:59,2024-09-01 00:48:34,2024-09-01 00:49:28,2024-09-01 00:52:56,19,19,0.71,208,8.87,0.0,0.24,0.78,0.0,0.0,0.0,5.4,N,N,N,N,N
HV0003,B03404,B03404,2024-08-31 23:54:43,2024-09-01 00:03:51,2024-09-01 00:05:52,2024-09-01 00:27:18,37,255,2.08,1286,28.76,0.0,0.79,2.55,0.0,0.0,6.42,18.28,N,N,N,N,N
HV0003,B03404,B03404,2024-09-01 00:19:47,2024-09-01 00:28:19,2024-09-01 00:29:05,2024-09-01 00:50:01,255,61,3.43,1256,18.98,0.0,0.53,1.69,0.0,0.0,0.0,17.86,N,N,N,N,N
HV0003,B03404,B03404,2024-09-01 00:53:25,2024-09-01 00:58:43,2024-09-01 00:59:13,2024-09-01 01:20:01,97,80,5.45,1248,47.93,0.0,1.36,4.4,0.0,0.0,0.0,24.75,N,N,N,N,N
HV0003,B03404,B03404,2024-09-01 00:36:14,2024-09-01 00:40:47,2024-09-01 00:41:18,2024-09-01 01:12:54,74,79,6.27,1896,24.37,0.0,0.67,2.15,2.75,0.0,5.99,26.95,N,N,N,N,N
HV0003,B03404,B03404,2024-09-01 00:11:33,2024-09-01 00:14:33,2024-09-01 00:15:43,2024-09-01 01:29:47,145,206,36.66,4444,104.65,13.88,2.88,10.52,0.0,0.0,0.0,93.04,N,N,N,N,N
HV0003,B03404,B03404,2024-09-01 00:01:14,2024-09-01 00:16:40,2024-09-01 00:17:04,2024-09-01 00:45:13,80,25,5.5,1689,42.99,0.0,1.18,3.82,0.0,0.0,4.79,26.64,N,N,N,N,N
HV0003,B03404,B03404,2024-09-01 00:55:00,2024-09-01 00:50:59,2024-09-01 00:51:29,2024-09-01 01:24:55,181,42,13.88,2006,43.42,6.94,1.23,4.47,0.0,0.0,0.0,43.62,N,N,N,N,N
HV0003,B03404,B03404,2024-09-01 00:01:06,2024-09-01 00:05:43,2024-09-01 00:05:52,2024-09-01 00:22:45,95,7,5.32,1013,23.53,0.0,0.69,2.21,0.0,0.0,0.0,18.83,N,N,N,N,N
HV0003,B03404,B03404,2024-09-01 00:23:09,2024-09-01 00:27:31,2024-09-01 00:27:59,2024-09-01 00:54:36,7,225,7.93,1597,31.5,0.0,0.89,2.87,0.0,0.0,0.0,26.3,N,N,N,N,N
HV0003,B03404,B03404,2024-09-01 00:54:47,2024-09-01 00:57:39,2024-09-01 00:59:40,2024-09-01 01:15:28,225,97,2.46,948,16.56,0.0,0.45,1.47,0.0,0.0,0.0,12.56,N,N,N,N,N
HV0005,B03406,,2024-09-01 00:07:50,,2024-09-01 00:20:01,2024-09-01 00:45:08,232,265,10.612,1507,36.44,20.0,1.55,0.0,0.0,0.0,0.0,36.93,N,N,N,N,Y
HV0005,B03406,,2024-09-01 00:04:18,,2024-09-01 00:06:48,2024-09-01 00:29:06,79,112,5.251,1338,22.43,1.07,0.65,2.09,2.75,0.0,5.22,20.21,N,N,N,N,N
HV0005,B03406,,2024-09-01 00:25:24,,2024-09-01 00:33:55,2024-09-01 00:46:56,112,226,2.624,781,23.97,0.0,0.66,2.13,0.0,0.0,5.35,11.2,N,N,N,N,N
HV0003,B03404,B03404,2024-09-01 00:21:17,2024-09-01 00:24:49,2024-09-01 00:25:28,2024-09-01 00:39:57,56,260,3.52,869,17.86,0.0,0.5,1.59,0.0,0.0,0.0,13.23,N,N,N,N,N
HV0003,B03404,B03404,2024-09-01 00:41:57,2024-09-01 00:43:41,2024-09-01 00:45:41,2024-09-01 01:00:19,260,145,3.14,878,21.25,0.0,0.59,1.89,0.0,0.0,0.0,12.79,N,N,N,N,N
HV0003,B03404,B03404,2024-09-01 00:14:37,2024-09-01 00:22:59,2024-09-01 00:24:28,2024-09-01 00:47:21,95,148,11.57,1373,96.1,0.0,2.81,9.07,2.75,0.0,0.0,64.56,N,N,N,N,N
HV0005,B03406,,2024-09-01 00:48:37,,2024-09-01 00:52:53,2024-09-01 01:13:43,148,68,2.18,1250,24.95,0.0,0.69,2.21,2.75,0.0,0.0,22.81,N,N,N,N,N
HV0003,B03404,B03404,2024-09-01 00:06:51,2024-09-01 00:15:29,2024-09-01 00:15:49,2024-09-01 00:24:04,127,243,1.39,495,11.59,0.0,0.32,1.03,0.0,0.0,0.0,6.7,N,N,N,N,N
HV0003,B03404,B03404,2024-09-01 00:48:58,2024-09-01 00:51:49,2024-09-01 00:52:10,2024-09-01 01:04:30,69,248,5.24,740,20.56,0.0,0.57,1.83,0.0,0.0,0.0,14.32,N,N,N,N,N
HV0005,B03406,,2024-09-01 00:06:14,,2024-09-01 00:10:12,2024-09-01 00:19:00,248,182,1.939,528,12.58,0.0,0.27,0.87,0.0,0.0,0.0,7.79,N,N,N,N,N
HV0005,B03406,,2024-09-01 00:17:16,,2024-09-01 00:24:14,2024-09-01 00:31:10,182,20,1.754,416,10.74,0.0,0.3,0.95,0.0,0.0,0.0,6.45,N,N,N,N,N
HV0005,B03406,,2024-09-01 00:29:41,,2024-09-01 00:32:30,2024-09-01 00:43:27,20,213,4.287,657,19.24,0.0,0.41,1.34,0.0,0.0,0.0,12.25,N,N,N,N,N
HV0003,B03404,B03404,2024-09-01 00:01:31,2024-09-01 00:04:25,2024-09-01 00:04:25,2024-09-01 00:24:56,83,197,4.61,1231,27.67,0.0,0.76,2.45,0.0,0.0,11.0,20.82,N,N,N,N,Y
HV0003,B03404,B03404,2024-09-01 00:20:19,2024-09-01 00:28:31,2024-09-01 00:29:45,2024-09-01 00:49:16,258,53,7.99,1171,21.58,0.0,0.6,1.95,0.0,0.0,0.0,26.2,Y,N,N,N,Y
HV0003,B03404,B03404,2024-09-01 00:49:02,2024-09-01 00:50:55,2024-09-01 00:52:56,2024-09-01 01:21:16,53,230,12.38,1700,31.39,6.94,0.91,3.4,2.75,0.0,0.0,39.07,N,N,N,N,Y
HV0003,B03404,B03404,2024-08-31 23:58:48,2024-09-01 00:00:53,2024-09-01 00:01:04,2024-09-01 00:16:08,97,188,3.2,904,17.65,0.0,0.52,1.67,0.0,0.0,0.0,13.14,N,N,N,N,N
HV0003,B03404,B03404,2024-09-01 00:19:26,2024-09-01 00:20:53,2024-09-01 00:22:05,2024-09-01 00:29:44,61,188,1.42,459,11.13,0.0,0.3,0.99,0.0,0.0,0.0,6.39,N,N,N,N,N
HV0003,B03404,B03404,2024-09-01 00:35:00,2024-09-01 00:38:05,2024-09-01 00:38:17,2024-09-01 00:58:20,62,40,3.76,1203,20.57,0.0,0.57,1.83,0.0,0.0,0.0,16.8,N,N,N,N,N
HV0003,B03404,B03404,2024-09-01 00:54:00,2024-09-01 00:58:28,2024-09-01 00:59:39,2024-09-01 01:03:32,243,244,1.13,233,8.74,0.0,0.24,0.78,0.0,0.0,0.0,5.39,Y,N,N,N,N
HV0005,B03406,,2024-09-01 00:02:57,,2024-09-01 00:06:40,2024-09-01 00:16:17,91,39,1.724,577,12.54,0.0,0.31,0.99,0.0,0.0,0.0,7.98,N,N,N,N,N
HV0005,B03406,,2024-09-01 00:20:47,,2024-09-01 00:29:04,2024-09-01 00:32:59,39,76,0.9,235,8.05,0.0,0.22,0.71,0.0,0.0,0.0,5.47,N,N,N,N,N
HV0005,B03406,,2024-09-01 00:38:20,,2024-09-01 00:40:21,2024-09-01 01:02:13,144,7,10.253,1312,29.78,0.0,0.82,2.64,2.75,0.0,0.0,26.79,N,N,N,N,N
HV0003,B03404,B03404,2024-09-01 00:20:45,2024-09-01 00:22:01,2024-09-01 00:23:42,2024-09-01 00:37:25,89,228,4.8,823,20.53,0.0,0.57,1.83,0.0,0.0,4.58,14.53,N,N,N,N,N
HV0003,B03404,B03404,2024-09-01 00:37:59,2024-09-01 00:39:13,2024-09-01 00:40:01,2024-09-01 01:05:50,227,198,10.01,1549,32.19,0.0,0.89,2.84,0.0,0.0,0.0,28.66,N,N,N,N,N
HV0005,B03406,,2024-09-01 00:06:25,,2024-09-01 00:10:49,2024-09-01 00:21:20,257,89,1.69,631,12.27,0.0,0.34,1.09,0.0,0.0,3.0,8.45,N,N,N,N,N
HV0003,B03404,B03404,2024-09-01 00:10:09,2024-09-01 00:14:36,2024-09-01 00:14:39,2024-09-01 00:26:24,80,157,3.38,705,22.33,0.0,0.62,1.98,0.0,0.0,0.0,13.45,N,N,N,N,N
HV0003,B03404,B03404,2024-09-01 00:29:15,2024-09-01 00:32:04,2024-09-01 00:32:52,2024-09-01 00:40:54,157,226,2.24,482,7.56,0.0,0.21,0.67,0.0,0.0,0.0,7.73,N,N,N,N,N
HV0003,B03404,B03404,2024-09-01 00:43:01,2024-09-01 00:47:16,2024-09-01 00:48:05,2024-09-01 01:01:34,80,179,5.83,809,26.86,0.0,0.74,2.38,0.0,0.0,4.49,17.04,N,N,N,N,N
HV0003,B03404,B03404,2024-08-31 23:49:23,2024-09-01 00:36:34,2024-09-01 00:38:36,2024-09-01 00:57:15,93,164,9.13,1119,151.42,6.94,4.17,14.06,2.75,0.0,0.0,75.81,N,N,N,N,N
HV0003,B03404,B03404,2024-09-01 00:36:33,2024-09-01 00:39:17,2024-09-01 00:41:15,2024-09-01 00:52:05,256,157,2.63,650,22.9,0.0,0.64,2.05,0.0,0.0,0.0,11.64,N,N,N,N,N
HV0003,B03404,B03404,2024-09-01 00:43:35,2024-09-01 00:52:06,2024-09-01 00:53:30,2024-09-01 01:16:55,157,246,7.56,1405,34.6,6.94,0.95,3.69,2.75,0.0,0.0,25.18,N,N,N,N,N
HV0003,B03404,B03404,2024-09-01 00:07:37,2024-09-01 00:11:42,2024-09-01 00:11:51,2024-09-01 00:18:36,76,222,1.5,405,9.32,0.0,0.25,0.83,0.0,0.0,0.0,5.98,N,N,N,N,N
HV0003,B03404,B03404,2024-09-01 00:02:57,2024-09-01 00:06:34,2024-09-01 00:08:35,2024-09-01 00:24:46,61,37,2.49,971,14.98,0.0,0.43,1.41,0.0,0.0,0.0,12.83,N,N,N,N,N
HV0003,B03404,B03404,2024-09-01 00:21:19,2024-09-01 00:27:02,2024-09-01 00:27:26,2024-09-01 00:34:30,36,225,1.14,424,11.55,0.0,0.32,1.03,0.0,0.0,0.0,7.42,N,N,N,N,N
HV0003,B03404,B03404,2024-09-01 00:32:22,2024-09-01 00:39:02,2024-09-01 00:39:38,2024-09-01 01:25:54,37,265,10.66,2776,45.76,20.0,1.26,0.0,0.0,0.0,6.7,44.86,N,N,N,N,N
HV0003,B03404,B03404,2024-09-01 00:40:00,2024-09-01 00:30:58,2024-09-01 00:31:11,2024-09-01 00:50:53,109,109,5.38,1182,39.86,0.0,1.13,3.65,0.0,0.0,0.0,31.51,N,N,N,N,N
HV0003,B03404,B03404,2024-09-01 00:03:09,2024-09-01 00:11:17,2024-09-01 00:12:02,2024-09-01 00:17:27,164,170,0.72,325,15.48,0.0,0.42,1.37,2.75,0.0,4.0,6.49,N,N,N,N,N
HV0003,B03404,B03404,2024-09-01 00:18:13,2024-09-01 00:20:33,2024-09-01 00:21:09,2024-09-01 00:39:31,164,232,4.12,1102,18.91,0.0,0.52,1.65,2.75,0.0,0.0,16.31,N,N,N,N,N
HV0003,B03404,B03404,2024-09-01 00:36:11,2024-09-01 00:44:01,2024-09-01 00:46:02,2024-09-01 01:10:32,148,37,4.04,1470,27.95,0.0,0.82,2.64,2.75,0.0,0.0,20.08,N,N,N,N,N
HV0003,B03404,B03404,2024-09-01 00:00:57,2024-09-01 00:07:37,2024-09-01 00:09:37,2024-09-01 00:38:15,186,170,1.38,1718,19.92,0.0,0.58,1.88,2.75,0.0,0.0,18.72,N,N,N,N,N
HV0003,B03404,B03404,2024-09-01 00:08:52,2024-09-01 00:11:18,2024-09-01 00:13:02,2024-09-01 00:51:12,17,244,14.61,2290,51.31,0.0,1.41,4.56,2.75,0.0,0.0,42.12,N,N,N,N,N
HV0003,B03404,B03404,2024-09-01 00:00:48,2024-09-01 00:01:49,2024-09-01 00:03:28,2024-09-01 00:22:22,137,244,9.7,1134,32.44,0.0,0.9,2.88,2.75,0.0,0.0,24.21,N,N,N,N,N
HV0003,B03404,B03404,2024-09-01 00:24:56,2024-09-01 00:27:32,2024-09-01 00:27:50,2024-09-01 00:32:26,244,244,0.83,276,8.93,0.0,0.24,0.79,0.0,0.0,0.0,5.39,N,N,N,N,N
HV0003,B03404,B03404,2024-09-01 00:39:41,2024-09-01 00:43:28,2024-09-01 00:45:28,2024-09-01 00:58:00,152,48,5.33,752,20.03,0.0,0.55,1.78,2.75,0.0,0.0,14.56,N,N,N,N,N
HV0003,B03404,B03404,2024-09-01 00:01:12,2024-09-01 00:02:38,2024-09-01 00:04:39,2024-09-01 00:14:08,169,247,1.31,569,12.79,0.0,0.35,1.14,0.0,0.0,0.0,7.62,N,N,N,N,N
HV0003,B03404,B03404,2024-09-01 00:19:25,2024-09-01 00:21:30,2024-09-01 00:23:53,2024-09-01 00:34:47,247,235,3.17,654,17.39,0.0,0.47,1.55,0.0,0.0,0.0,10.66,N,N,N,N,N
HV0003,B03404,B03404,2024-09-01 00:36:50,2024-09-01 00:38:42,2024-09-01 00:40:42,2024-09-01 00:53:07,235,169,1.39,745,12.55,0.0,0.34,1.12,0.0,0.0,0.0,9.13,N,N,N,N,N
HV0003,B03404,B03404,2024-09-01 00:08:41,2024-09-01 00:12:19,2024-09-01 00:14:20,2024-09-01 00:38:25,76,188,4.13,1445,29.51,0.0,0.81,2.62,0.0,0.0,6.58,20.92,N,N,N,N,N
HV0003,B03404,B03404,2024-09-01 00:42:52,2024-09-01 00:43:31,2024-09-01 00:44:25,2024-09-01 00:51:27,61,72,1.29,422,8.49,0.0,0.18,0.59,0.0,0.0,0.0,5.85,N,N,N,N,N
HV0003,B03404,B03404,2024-09-01 00:53:28,2024-09-01 00:54:39,2024-09-01 00:56:40,2024-09-01 01:10:15,72,85,2.22,815,12.96,0.0,0.38,1.22,0.0,0.0,0.0,10.94,N,N,N,N,N
HV0005,B03406,,2024-09-01 00:19:11,,2024-09-01 00:21:28,2024-09-01 00:29:41,122,215,1.735,493,9.85,0.0,0.27,0.87,0.0,0.0,0.0,7.18,N,N,N,N,N
HV0005,B03406,,2024-09-01 00:25:54,,2024-09-01 00:31:32,2024-09-01 00:34:56,215,130,0.654,204,7.12,0.0,0.2,0.63,0.0,0.0,0.0,5.47,N,N,N,N,N
HV0005,B03406,,2024-09-01 00:32:05,,2024-09-01 00:40:50,2024-09-01 00:50:56,205,122,2.527,606,11.47,0.0,0.32,1.02,0.0,0.0,0.0,9.36,N,N,N,N,N
HV0005,B03406,,2024-09-01 00:55:00,,2024-09-01 00:56:57,2024-09-01 01:10:04,122,215,2.536,787,14.05,0.0,0.39,1.25,0.0,0.0,0.0,11.14,N,N,N,N,N
HV0003,B03404,B03404,2024-09-01 00:11:44,2024-09-01 00:17:41,2024-09-01 00:17:54,2024-09-01 00:40:17,255,113,3.69,1343,31.81,0.0,0.93,3.0,2.75,0.0,0.0,20.16,N,N,N,N,N
HV0003,B03404,B03404,2024-09-01 00:36:42,2024-09-01 00:41:13,2024-09-01 00:42:30,2024-09-01 01:05:33,113,265,6.25,1383,31.5,20.0,0.88,0.0,0.0,0.0,0.0,23.82,N,N,N,N,N
HV0005,B03406,,2024-09-01 00:05:01,,2024-09-01 00:10:41,2024-09-01 00:21:56,17,188,1.69,675,13.27,0.0,0.36,1.18,0.0,0.0,0.0,8.89,N,N,N,N,N
HV0005,B03406,,2024-09-01 00:22:53,,2024-09-01 00:26:30,2024-09-01 00:37:17,61,181,2.321,647,15.27,0.0,0.33,1.06,0.0,0.0,0.0,9.47,N,N,N,N,N
HV0005,B03406,,2024-09-01 00:35:52,,2024-09-01 00:40:23,2024-09-01 00:55:55,181,17,3.368,932,18.7,0.0,0.51,1.66,0.0,0.0,4.0,13.69,N,N,N,N,N
HV0003,B03404,B03404,2024-09-01 00:01:16,2024-09-01 00:05:25,2024-09-01 00:05:29,2024-09-01 00:23:59,37,198,3.57,1110,28.66,0.0,0.79,2.54,0.0,0.0,0.0,15.65,N,N,N,N,N
HV0003,B03404,B03404,2024-09-01 00:23:15,2024-09-01 00:27:09,2024-09-01 00:27:27,2024-09-01 00:34:54,102,198,1.79,447,15.19,0.0,0.41,1.35,0.0,0.0,0.0,6.77,N,N,N,N,N
HV0003,B03404,B03404,2024-09-01 00:33:47,2024-09-01 00:41:21,2024-09-01 00:41:38,2024-09-01 00:54:15,157,112,2.26,757,19.65,0.0,0.54,1.74,0.0,0.0,0.0,14.43,N,N,N,N,N
HV0003,B03404,B03404,2024-09-01 00:47:09,2024-09-01 00:56:37,2024-09-01 00:57:13,2024-09-01 01:11:25,112,233,3.8,852,8.64,3.47,0.27,1.12,0.75,0.0,0.0,7.42,Y,Y,N,N,N
HV0003,B03404,B03404,2024-09-01 00:56:28,2024-09-01 00:58:41,2024-09-01 00:59:14,2024-09-01 01:33:33,112,42,9.84,2059,25.82,3.47,0.72,2.6,0.75,0.0,0.0,28.37,Y,Y,N,N,N
HV0005,B03406,,2024-09-01 00:05:14,,2024-09-01 00:08:26,2024-09-01 00:16:25,179,7,1.267,479,11.54,0.0,0.32,1.02,0.0,0.0,0.0,6.4,N,N,N,N,N
HV0005,B03406,,2024-09-01 00:16:26,,2024-09-01 00:19:37,2024-09-01 00:38:40,7,112,3.609,1143,20.79,0.0,0.51,1.64,0.0,0.0,0.0,16.07,N,N,N,N,N
HV0005,B03406,,2024-09-01 00:36:27,,2024-09-01 00:45:15,2024-09-01 01:03:56,112,198,3.892,1121,23.26,0.0,0.64,2.06,0.0,0.0,0.0,16.24,N,N,N,N,N
HV0003,B03404,B03404,2024-09-01 00:14:53,2024-09-01 00:17:28,2024-09-01 00:17:36,2024-09-01 00:23:27,122,205,1.12,351,8.92,0.0,0.24,0.8,0.0,0.0,0.0,5.39,N,N,N,N,N
HV0003,B03404,B03404,2024-09-01 00:19:02,2024-09-01 00:25:00,2024-09-01 00:27:01,2024-09-01 00:48:29,191,56,9.73,1288,25.84,0.0,0.69,2.23,0.0,0.0,0.0,25.75,Y,N,N,N,N
HV0003,B03404,B03404,2024-09-01 00:49:54,2024-09-01 00:55:56,2024-09-01 00:57:56,2024-09-01 01:06:34,56,173,0.9,518,14.77,0.0,0.4,1.31,0.0,0.0,0.0,8.81,N,N,N,N,N
HV0003,B03404,B03404,2024-09-01 00:04:55,2024-09-01 00:11:06,2024-09-01 00:11:44,2024-09-01 00:46:44,147,97,13.39,2100,29.19,6.94,0.85,3.19,0.0,0.0,0.0,38.62,N,N,N,N,N
HV0003,B03404,B03404,2024-09-01 00:36:28,2024-09-01 00:55:02,2024-09-01 00:56:50,2024-09-01 01:08:55,97,217,1.67,725,33.07,0.0,0.91,2.94,0.0,0.0,0.0,16.57,N,N,N,N,N
HV0003,B03404,B03404,2024-09-01 00:15:05,2024-09-01 00:18:38,2024-09-01 00:18:38,2024-09-01 00:22:11,228,227,0.86,213,8.39,0.0,0.23,0.74,0.0,0.0,3.0,5.39,N,N,N,N,N
HV0003,B03404,B03404,2024-09-01 00:25:38,2024-09-01 00:28:38,2024-09-01 00:29:33,2024-09-01 01:02:53,228,35,6.62,2000,29.13,0.0,0.78,2.5,0.0,0.0,0.0,28.43,N,N,N,N,N
HV0005,B03406,,2024-09-01 00:51:47,,2024-09-01 00:55:37,2024-09-01 01:13:24,181,255,6.664,1067,22.28,0.0,0.61,1.98,0.0,0.0,0.0,24.5,N,N,N,N,N
HV0003,B03404,B03404,2024-09-01 00:08:01,2024-09-01 00:13:24,2024-09-01 00:13:53,2024-09-01 00:32:37,153,166,6.01,1124,19.02,0.0,0.54,1.73,0.0,0.0,0.0,19.09,N,N,N,N,N
HV0003,B03404,B03404,2024-09-01 00:32:40,2024-09-01 00:33:08,2024-09-01 00:34:03,2024-09-01 00:45:42,166,74,1.75,699,7.59,0.0,0.21,0.68,0.0,0.0,0.0,9.17,N,N,N,N,N
HV0003,B03404,B03404,2024-09-01 00:45:49,2024-09-01 00:48:24,2024-09-01 00:49:13,2024-09-01 01:13:08,74,159,5.95,1435,18.89,0.0,0.52,1.67,0.0,0.0,3.13,22.04,N,N,N,N,N
HV0003,B03404,B03404,2024-09-01 00:00:27,2024-09-01 00:08:40,2024-09-01 00:09:07,2024-09-01 00:19:07,76,77,2.17,600,15.1,0.0,0.44,1.42,0.0,0.0,0.0,10.28,N,N,N,N,N
HV0003,B03404,B03404,2024-09-01 00:20:37,2024-09-01 00:24:32,2024-09-01 00:25:58,2024-09-01 00:32:18,77,76,1.44,380,8.91,0.0,0.24,0.79,0.0,0.0,0.0,5.65,N,N,N,N,N
HV0003,B03404,B03404,2024-09-01 00:32:34,2024-09-01 00:36:20,2024-09-01 00:38:21,2024-09-01 00:45:22,76,76,1.59,421,9.09,0.0,0.25,0.81,0.0,0.0,0.0,6.25,N,N,N,N,N
HV0003,B03404,B03404,2024-09-01 00:49:02,2024-09-01 00:52:04,2024-09-01 00:54:06,2024-09-01 01:18:36,76,223,14.57,1470,38.53,0.0,1.06,3.42,0.0,0.0,0.0,34.11,N,N,N,N,N
HV0003,B03404,B03404,2024-09-01 00:16:45,2024-09-01 00:18:40,2024-09-01 00:20:41,2024-09-01 00:37:49,246,239,3.7,1028,22.85,0.0,0.63,2.03,2.75,0.0,0.0,15.03,N,N,N,N,N
HV0003,B03404,B03404,2024-09-01 00:41:19,2024-09-01 00:47:25,2024-09-01 00:47:25,2024-09-01 01:04:46,142,244,7.63,1041,25.29,0.0,0.69,2.24,2.75,0.0,0.0,20.5,N,N,N,N,N
HV0005,B03406,,2024-09-01 00:12:14,,2024-09-01 00:15:39,2024-09-01 00:37:54,87,189,3.815,1335,21.71,0.0,0.6,1.93,2.75,0.0,0.0,18.22,N,N,N,N,N
HV0005,B03406,,2024-09-01 00:37:00,,2024-09-01 00:46:04,2024-09-01 00:59:53,181,188,2.165,829,20.83,0.0,0.45,1.44,0.0,0.0,0.0,13.54,N,N,N,N,N
HV0003,B03404,B03404,2024-09-01 00:28:52,2024-09-01 00:33:08,2024-09-01 00:33:17,2024-09-01 00:40:37,169,47,0.69,440,7.96,0.0,0.22,0.7,0.0,0.0,0.0,5.38,N,N,N,N,N
HV0003,B03404,B03404,2024-09-01 00:45:23,2024-09-01 00:47:35,2024-09-01 00:48:15,2024-09-01 01:03:19,182,168,5.9,904,23.24,0.0,0.64,2.05,0.0,0.0,0.0,16.81,N,N,N,N,N
HV0003,B03404,B03404,2024-09-01 00:05:23,2024-09-01 00:07:45,2024-09-01 00:07:59,2024-09-01 00:31:03,155,26,5.2,1384,27.03,0.0,0.75,2.39,0.0,0.0,3.01,20.52,N,N,N,N,N
HV0003,B03404,B03404,2024-09-01 00:29:00,2024-09-01 00:32:49,2024-09-01 00:34:40,2024-09-01 00:39:44,26,133,1.12,304,8.89,0.0,0.24,0.79,0.0,0.0,1.0,5.4,N,N,N,N,N
HV0003,B03404,B03404,2024-09-01 00:37:08,2024-09-01 00:39:29,2024-09-01 00:41:22,2024-09-01 00:53:11,224,145,3.24,709,12.23,6.94,0.34,1.7,2.75,0.0,0.0,11.3,N,N,N,N,N
HV0003,B03404,B03404,2024-09-01 00:14:14,2024-09-01 00:19:19,2024-09-01 00:19:26,2024-09-01 00:23:45,80,80,0.66,259,12.47,0.0,0.34,1.1,0.0,0.0,0.0,6.64,N,N,N,N,N
HV0003,B03404,B03404,2024-09-01 00:16:16,2024-09-01 00:27:21,2024-09-01 00:27:21,2024-09-01 00:57:19,37,190,5.4,1798,37.54,0.0,1.03,3.32,0.0,0.0,4.19,27.06,N,N,N,N,N
HV0005,B03406,,2024-09-01 00:00:24,,2024-09-01 00:09:58,2024-09-01 00:20:44,35,76,2.233,646,13.18,0.0,0.36,1.17,0.0,0.0,0.0,9.34,N,N,N,N,N
HV0005,B03406,,2024-09-01 00:19:52,,2024-09-01 00:29:12,2024-09-01 00:33:46,76,76,0.53,274,7.06,0.0,0.19,0.63,0.0,0.0,0.0,5.47,N,N,N,N,N
HV0005,B03406,,2024-09-01 00:32:41,,2024-09-01 00:35:59,2024-09-01 01:10:15,76,97,6.841,2056,34.03,0.0,0.94,3.02,0.0,0.0,0.0,29.38,N,N,N,N,N
HV0005,B03406,,2024-08-31 23:58:58,,2024-09-01 00:34:18,2024-09-01 01:03:46,93,87,12.741,1768,65.77,0.0,1.75,5.64,2.75,0.0,5.0,51.46,N,N,N,N,N
HV0003,B03404,B03404,2024-09-01 00:04:44,2024-09-01 00:08:47,2024-09-01 00:10:30,2024-09-01 00:20:08,152,41,1.84,578,13.44,0.0,0.39,1.27,0.0,0.0,0.0,9.86,N,N,N,N,Y
HV0003,B03404,B03404,2024-09-01 00:35:22,2024-09-01 00:36:27,2024-09-01 00:36:46,2024-09-01 00:41:00,161,170,0.6,254,9.12,0.0,0.25,0.81,2.75,0.0,0.0,6.64,N,N,N,N,Y
HV0003,B03404,B03404,2024-09-01 00:44:12,2024-09-01 00:51:35,2024-09-01 00:51:42,2024-09-01 01:00:23,100,162,1.17,521,14.48,0.0,0.4,1.29,2.75,0.0,0.0,8.13,N,N,N,N,Y
HV0005,B03406,,2024-09-01 00:25:46,,2024-09-01 00:27:09,2024-09-01 00:44:13,48,236,2.558,1024,21.51,0.0,0.59,1.91,2.75,0.0,4.82,14.03,N,N,N,N,N
HV0005,B03406,,2024-09-01 00:23:03,,2024-09-01 00:29:43,2024-09-01 00:54:44,92,230,12.343,1501,53.68,3.62,1.58,5.09,2.75,0.0,0.0,34.98,N,N,N,N,N
HV0003,B03404,B03404,2024-09-01 00:08:04,2024-09-01 00:11:15,2024-09-01 00:11:28,2024-09-01 00:16:28,208,208,1.49,300,9.72,0.0,0.26,0.86,0.0,0.0,3.0,5.4,N,N,N,N,N
HV0003,B03404,B03404,2024-09-01 00:10:09,2024-09-01 00:24:51,2024-09-01 00:26:00,2024-09-01 00:30:39,208,208,1.1,279,8.66,0.0,0.18,0.59,0.0,0.0,0.0,5.4,N,N,N,N,N
HV0003,B03404,B03404,2024-09-01 00:34:13,2024-09-01 00:39:59,2024-09-01 00:40:11,2024-09-01 00:54:05,208,259,4.74,834,18.74,0.0,0.52,1.66,0.0,0.0,0.0,14.55,N,N,N,N,N
HV0003,B03404,B03404,2024-09-01 00:55:31,2024-09-01 00:57:39,2024-09-01 00:58:17,2024-09-01 01:11:02,254,185,2.72,765,15.2,0.0,0.41,1.34,0.0,0.0,0.0,11.13,N,N,N,N,N
HV0003,B03404,B03404,2024-08-31 23:37:52,2024-09-01 00:06:56,2024-09-01 00:07:56,2024-09-01 00:27:41,132,265,8.85,1185,18.14,0.0,0.57,1.83,0.0,2.5,0.0,24.77,N,N,N,N,N
HV0003,B03404,B03404,2024-09-01 00:01:34,2024-09-01 00:11:50,2024-09-01 00:12:05,2024-09-01 00:21:36,37,177,1.53,571,11.57,0.0,0.32,1.03,0.0,0.0,0.0,7.63,N,N,N,N,N
HV0003,B03404,B03404,2024-09-01 00:25:41,2024-09-01 00:33:18,2024-09-01 00:34:01,2024-09-01 00:43:15,61,35,1.1,554,9.78,0.0,0.27,0.87,0.0,0.0,0.0,6.88,N,N,N,N,N
HV0003,B03404,B03404,2024-09-01 00:44:36,2024-09-01 00:48:06,2024-09-01 00:48:19,2024-09-01 00:53:53,35,61,0.78,334,7.5,0.0,0.22,0.7,0.0,0.0,0.0,5.4,N,N,N,N,N
HV0005,B03406,,2024-08-31 23:52:34,,2024-09-01 00:02:23,2024-09-01 00:21:07,97,97,2.76,1124,21.66,0.0,0.6,1.92,0.0,0.0,0.0,16.76,N,N,N,N,N
HV0005,B03406,,2024-09-01 00:20:33,,2024-09-01 00:30:59,2024-09-01 00:41:54,25,106,1.368,655,21.47,0.0,0.53,1.7,0.0,0.0,4.27,8.26,N,N,N,N,N
HV0005,B03406,,2024-09-01 00:40:28,,2024-09-01 00:45:11,2024-09-01 01:03:04,106,17,2.996,1073,19.7,0.0,0.54,1.75,0.0,0.0,4.4,14.55,N,N,N,N,N
HV0005,B03406,,2024-09-01 00:12:25,,2024-09-01 00:18:00,2024-09-01 00:43:18,145,261,9.188,1518,27.87,0.78,0.79,2.54,2.75,0.0,0.0,27.34,N,N,N,N,N
HV0003,B03404,B03404,2024-09-01 00:25:22,2024-09-01 00:27:58,2024-09-01 00:29:58,2024-09-01 00:39:42,244,243,1.42,584,12.95,0.0,0.35,1.15,0.0,0.0,0.0,7.61,N,N,N,N,N
HV0003,B03404,B03404,2024-09-01 00:40:19,2024-09-01 00:46:06,2024-09-01 00:48:08,2024-09-01 01:03:44,244,47,2.95,936,21.94,0.0,0.6,1.95,0.0,0.0,0.0,13.58,N,N,N,N,N
HV0003,B03404,B03404,2024-09-01 00:12:17,2024-09-01 00:15:19,2024-09-01 00:18:13,2024-09-01 00:30:51,87,114,1.99,758,16.96,0.0,0.46,1.51,2.75,0.0,0.0,10.08,N,N,N,N,N
HV0003,B03404,B03404,2024-09-01 00:24:09,2024-09-01 00:31:35,2024-09-01 00:32:28,2024-09-01 00:53:45,114,161,3.78,1277,15.19,0.0,0.41,1.35,0.75,0.0,0.0,9.38,Y,Y,N,N,N
HV0003,B03404,B03404,2024-09-01 00:31:24,2024-09-01 00:34:35,2024-09-01 00:36:37,2024-09-01 00:49:25,113,229,2.68,768,14.22,0.0,0.41,1.35,0.75,0.0,0.0,4.7,Y,Y,N,N,N
HV0003,B03404,B03404,2024-09-01 00:32:58,2024-09-01 00:41:59,2024-09-01 00:43:10,2024-09-01 01:14:47,79,41,7.33,1897,16.72,0.0,0.46,1.49,0.75,0.0,0.0,15.61,Y,Y,N,N,N
HV0003,B03404,B03404,2024-09-01 00:52:57,2024-09-01 00:57:31,2024-09-01 00:59:32,2024-09-01 01:26:45,141,152,5.71,1633,17.12,0.0,0.47,1.52,0.75,0.0,0.0,16.8,Y,Y,N,N,N
HV0003,B03404,B03404,2024-09-01 00:33:57,2024-09-01 00:35:47,2024-09-01 00:37:39,2024-09-01 00:41:29,220,200,0.89,230,8.01,0.0,0.22,0.71,0.0,0.0,0.0,5.39,N,N,N,N,N
HV0003,B03404,B03404,2024-09-01 00:43:14,2024-09-01 00:44:32,2024-09-01 00:45:22,2024-09-01 01:06:00,220,265,6.94,1238,25.5,0.0,0.74,2.41,0.0,0.0,0.0,23.94,N,N,N,N,N
HV0003,B03404,B03404,2024-08-31 23:39:15,2024-09-01 00:08:23,2024-09-01 00:08:23,2024-09-01 00:33:55,93,65,9.63,1532,45.56,0.0,1.26,4.04,0.0,0.0,0.0,49.43,N,N,N,N,N
HV0003,B03404,B03404,2024-09-01 00:24:49,2024-09-01 00:39:47,2024-09-01 00:41:48,2024-09-01 01:08:07,97,68,5.49,1579,39.18,0.0,1.08,3.48,2.75,0.0,0.0,26.99,N,N,N,N,N
HV0003,B03404,B03404,2024-09-01 00:05:00,2024-09-01 00:06:08,2024-09-01 00:11:52,2024-09-01 00:33:53,80,145,3.81,1321,33.78,0.0,0.92,3.0,0.0,0.0,0.0,31.5,N,N,N,N,N
HV0003,B03404,B03404,2024-09-01 00:36:21,2024-09-01 00:44:20,2024-09-01 00:44:34,2024-09-01 00:53:38,112,80,1.69,544,19.66,0.0,0.54,1.75,0.0,0.0,0.0,9.34,N,N,N,N,N
HV0003,B03404,B03404,2024-09-01 00:53:37,2024-09-01 00:56:24,2024-09-01 00:58:26,2024-09-01 01:10:44,37,256,1.83,738,16.44,0.0,0.45,1.46,0.0,0.0,0.0,9.67,N,N,N,N,N
HV0003,B03404,B03404,2024-09-01 00:30:19,2024-09-01 00:32:18,2024-09-01 00:33:17,2024-09-01 00:46:03,231,265,4.03,766,27.17,20.0,0.75,0.0,0.0,0.0,0.0,14.8,N,N,N,N,N
HV0003,B03404,B03404,2024-09-01 00:02:53,2024-09-01 00:06:17,2024-09-01 00:08:17,2024-09-01 01:29:09,68,265,59.13,4853,238.51,24.56,6.56,0.0,0.0,0.0,0.0,146.33,N,N,N,N,N
HV0003,B03404,B03404,2024-09-01 00:13:53,2024-09-01 00:19:04,2024-09-01 00:22:20,2024-09-01 00:27:29,19,101,1.57,309,8.94,0.0,0.24,0.8,0.0,0.0,0.0,5.4,N,N,N,N,N
HV0003,B03404,B03404,2024-08-31 23:58:41,2024-09-01 00:04:41,2024-09-01 00:06:30,2024-09-01 00:11:35,37,198,0.95,305,8.03,0.0,0.22,0.72,0.0,0.0,1.0,5.39,N,N,N,N,N
HV0003,B03404,B03404,2024-09-01 00:09:58,2024-09-01 00:17:13,2024-09-01 00:17:19,2024-09-01 00:41:17,36,181,3.95,1438,33.07,0.0,0.91,2.93,0.0,0.0,0.0,20.84,N,N,N,N,N
HV0003,B03404,B03404,2024-09-01 00:33:20,2024-09-01 00:48:29,2024-09-01 00:50:30,2024-09-01 01:28:58,97,215,17.21,2308,73.42,0.0,2.02,6.51,0.0,0.0,0.0,49.01,N,N,N,N,N
HV0003,B03404,B03404,2024-08-31 23:57:43,2024-08-31 23:58:25,2024-09-01 00:00:26,2024-09-01 00:10:05,244,167,3.91,579,16.47,0.0,0.46,1.46,0.0,0.0,0.0,10.95,N,N,N,N,N
HV0003,B03404,B03404,2024-09-01 00:14:31,2024-09-01 00:16:01,2024-09-01 00:17:49,2024-09-01 00:25:25,248,212,1.22,456,8.91,0.0,0.24,0.79,0.0,0.0,1.0,6.09,N,N,N,N,N
HV0003,B03404,B03404,2024-09-01 00:29:46,2024-09-01 00:31:21,2024-09-01 00:31:44,2024-09-01 00:49:54,248,241,5.41,1090,21.44,0.0,0.59,1.9,0.0,0.0,0.0,17.95,N,N,N,N,N
HV0003,B03404,B03404,2024-09-01 00:52:18,2024-09-01 00:57:37,2024-09-01 00:57:49,2024-09-01 01:12:37,18,185,3.82,888,17.88,0.0,0.5,1.59,0.0,0.0,0.0,13.83,N,N,N,N,N
HV0003,B03404,B03404,2024-09-01 00:06:56,2024-09-01 00:16:44,2024-09-01 00:17:04,2024-09-01 00:21:50,63,63,0.72,286,3.88,0.0,0.11,0.34,0.0,0.0,0.0,5.39,N,N,N,N,N
HV0003,B03404,B03404,2024-09-01 00:21:17,2024-09-01 00:22:57,2024-09-01 00:23:41,2024-09-01 00:33:15,63,258,1.86,574,9.3,0.0,0.25,0.83,0.0,0.0,0.0,8.11,N,N,N,N,N
HV0003,B03404,B03404,2024-09-01 00:18:08,2024-09-01 00:34:48,2024-09-01 00:34:53,2024-09-01 00:45:26,180,124,1.58,633,8.03,0.0,0.22,0.71,0.0,0.0,7.0,8.3,N,N,N,N,N
HV0003,B03404,B03404,2024-09-01 00:34:49,2024-09-01 00:52:48,2024-09-01 00:53:26,2024-09-01 01:16:30,124,265,10.15,1384,50.99,0.0,1.41,4.52,0.0,0.0,0.0,32.63,N,N,N,N,N
HV0005,B03406,,2024-08-31 23:53:55,,2024-09-01 00:00:02,2024-09-01 00:10:31,114,148,0.856,629,12.32,0.0,0.34,1.09,2.75,0.0,0.0,7.3,N,N,N,N,N
HV0005,B03406,,2024-09-01 00:04:41,,2024-09-01 00:11:53,2024-09-01 00:30:58,148,37,4.289,1145,19.92,0.0,0.55,1.77,2.75,0.0,0.0,17.02,N,N,N,N,N
HV0005,B03406,,2024-09-01 00:22:15,,2024-09-01 00:38:16,2024-09-01 00:52:39,36,225,2.211,863,16.3,0.0,0.4,1.29,0.0,0.0,0.0,14.68,N,N,N,N,N
HV0005,B03406,,2024-09-01 00:54:24,,2024-09-01 00:56:15,2024-09-01 01:31:26,177,42,18.045,2111,41.41,6.91,1.33,4.29,0.0,0.0,0.0,45.21,N,N,N,N,N
HV0003,B03404,B03404,2024-09-01 00:15:24,2024-09-01 00:17:09,2024-09-01 00:17:56,2024-09-01 00:25:15,220,200,2.17,439,10.07,0.0,0.29,0.95,0.0,0.0,0.0,7.22,N,N,N,N,N
HV0003,B03404,B03404,2024-09-01 00:37:17,2024-09-01 00:40:13,2024-09-01 00:40:21,2024-09-01 00:48:07,220,200,1.5,466,8.93,0.0,0.24,0.79,0.0,0.0,1.0,6.57,N,N,N,N,N
HV0003,B03404,B03404,2024-09-01 00:48:47,2024-09-01 00:49:33,2024-09-01 00:51:34,2024-09-01 01:01:32,200,136,4.66,598,13.2,0.0,0.37,1.17,0.0,0.0,0.0,12.15,N,N,N,N,N
HV0003,B03404,B03404,2024-09-01 00:19:37,2024-09-01 00:25:40,2024-09-01 00:26:32,2024-09-01 01:02:26,177,117,11.33,2154,35.59,5.2,1.04,3.82,0.0,0.0,0.0,39.0,N,N,N,N,N
HV0003,B03404,B03404,2024-09-01 00:00:28,2024-09-01 00:02:47,2024-09-01 00:04:47,2024-09-01 00:12:35,72,188,1.01,468,8.75,0.0,0.25,0.83,0.0,0.0,0.0,5.92,N,N,N,N,N
HV0003,B03404,B03404,2024-09-01 00:12:49,2024-09-01 00:14:19,2024-09-01 00:14:47,2024-09-01 00:23:19,188,62,1.3,512,10.26,0.0,0.3,0.97,0.0,0.0,0.0,6.87,N,N,N,N,N
HV0003,B03404,B03404,2024-09-01 00:22:47,2024-09-01 00:25:11,2024-09-01 00:27:13,2024-09-01 00:52:00,62,112,5.46,1487,21.58,0.0,0.59,1.92,0.0,0.0,0.0,21.89,N,N,N,N,N
HV0003,B03404,B03404,2024-09-01 00:48:49,2024-09-01 00:51:55,2024-09-01 00:53:55,2024-09-01 01:20:22,112,42,9.21,1587,30.85,0.0,0.91,2.9,2.75,0.0,3.93,27.95,N,N,N,N,N
HV0005,B03406,,2024-08-31 23:55:32,,2024-09-01 00:03:19,2024-09-01 00:26:31,196,205,9.426,1392,44.23,0.0,1.22,3.92,0.0,0.0,0.0,30.69,N,N,N,N,N
HV0005,B03406,,2024-09-01 00:25:39,,2024-09-01 00:33:58,2024-09-01 00:54:50,218,83,11.059,1252,35.27,0.0,0.89,2.86,0.0,0.0,0.0,27.31,N,N,N,N,N
HV0003,B03404,B03404,2024-09-01 00:27:28,2024-09-01 00:28:15,2024-09-01 00:30:15,2024-09-01 00:59:20,48,97,6.77,1745,26.0,0.0,0.72,2.3,2.75,0.0,0.0,26.17,N,N,N,N,N
HV0005,B03406,,2024-09-01 00:08:25,,2024-09-01 00:13:23,2024-09-01 00:36:26,144,48,4.041,1383,35.57,0.0,0.94,3.03,2.75,0.0,0.0,19.88,N,N,N,N,N
HV0005,B03406,,2024-09-01 00:35:25,,2024-09-01 00:39:27,2024-09-01 00:46:32,163,143,1.118,425,7.18,0.0,0.2,0.64,2.75,0.0,0.0,5.68,N,N,N,N,N
HV0003,B03404,B03404,2024-09-01 00:23:59,2024-09-01 00:24:33,2024-09-01 00:25:36,2024-09-01 01:04:03,230,47,10.72,2307,48.13,0.0,1.39,4.48,2.75,0.0,0.0,51.49,N,N,N,N,N
HV0003,B03404,B03404,2024-09-01 00:27:14,2024-09-01 00:36:49,2024-09-01 00:37:27,2024-09-01 01:26:54,97,265,28.68,2967,103.91,0.0,2.86,9.22,0.0,0.0,0.0,74.83,N,N,N,N,N
HV0005,B03406,,2024-09-01 00:09:45,,2024-09-01 00:17:13,2024-09-01 00:45:43,35,21,6.434,1710,31.73,0.0,0.74,2.37,0.0,0.0,0.0,25.45,N,N,N,N,N
HV0005,B03406,,2024-09-01 00:47:20,,2024-09-01 00:52:53,2024-09-01 01:04:03,11,14,3.482,670,17.91,0.0,0.44,1.41,0.0,0.0,0.0,11.29,N,N,N,N,N
HV0003,B03404,B03404,2024-09-01 00:43:06,2024-09-01 00:46:13,2024-09-01 00:48:14,2024-09-01 01:09:40,125,236,5.68,1286,31.7,0.0,0.87,2.8,2.75,0.0,0.0,20.22,N,N,N,N,N
HV0003,B03404,B03404,2024-08-31 23:58:33,2024-09-01 00:01:01,2024-09-01 00:01:27,2024-09-01 00:14:30,216,205,2.76,783,18.72,0.0,0.51,1.67,0.0,0.0,0.0,11.36,N,N,N,N,N
HV0003,B03404,B03404,2024-09-01 00:10:34,2024-09-01 00:16:21,2024-09-01 00:17:24,2024-09-01 00:29:41,205,38,2.65,737,12.51,0.0,0.34,1.11,0.0,0.0,0.0,10.76,N,N,N,N,N
HV0003,B03404,B03404,2024-09-01 00:34:21,2024-09-01 00:35:57,2024-09-01 00:37:58,2024-09-01 00:55:27,38,130,8.26,1049,27.37,0.0,0.78,2.52,0.0,0.0,0.0,21.42,N,N,N,N,N
HV0003,B03404,B03404,2024-09-01 00:50:33,2024-09-01 00:56:59,2024-09-01 00:56:59,2024-09-01 01:11:33,130,205,3.48,874,18.94,0.0,0.53,1.71,0.0,0.0,0.0,13.22,N,N,N,N,N
HV0003,B03404,B03404,2024-09-01 00:10:19,2024-09-01 00:14:51,2024-09-01 00:16:40,2024-09-01 00:39:02,61,85,3.91,1342,12.7,0.0,0.35,1.13,0.0,0.0,0.0,12.32,Y,Y,N,N,N
HV0003,B03404,B03404,2024-09-01 00:14:50,2024-09-01 00:23:27,2024-09-01 00:24:47,2024-09-01 00:50:58,62,133,4.87,1571,20.57,0.0,0.57,1.83,0.0,0.0,0.0,15.86,Y,Y,N,N,N
HV0003,B03404,B03404,2024-09-01 00:54:59,2024-09-01 00:57:19,2024-09-01 00:57:38,2024-09-01 01:07:21,257,181,2.17,583,14.25,0.0,0.39,1.26,0.0,0.0,0.0,8.62,N,N,N,N,N
HV0003,B03404,B03404,2024-09-01 00:20:48,2024-09-01 00:23:22,2024-09-01 00:23:59,2024-09-01 00:29:40,107,170,1.11,341,8.58,0.0,0.25,0.81,2.75,0.0,1.0,5.39,N,N,N,N,N
HV0003,B03404,B03404,2024-09-01 00:35:25,2024-09-01 00:38:10,2024-09-01 00:38:24,2024-09-01 01:04:58,4,89,9.32,1594,30.61,0.0,0.85,2.71,2.75,0.0,0.0,30.17,N,N,N,N,N
HV0003,B03404,B03404,2024-09-01 00:05:57,2024-09-01 00:18:02,2024-09-01 00:19:12,2024-09-01 00:42:24,80,7,7.51,1392,31.35,0.0,0.86,2.78,0.0,0.0,20.24,25.24,N,N,N,N,N
HV0003,B03404,B03404,2024-09-01 00:25:13,2024-09-01 00:28:20,2024-09-01 00:30:22,2024-09-01 00:42:49,50,68,1.18,747,12.01,0.0,0.33,1.07,2.75,0.0,10.0,8.86,N,N,N,N,N
HV0003,B03404,B03404,2024-09-01 00:39:42,2024-09-01 00:40:06,2024-09-01 00:43:30,2024-09-01 01:00:12,68,234,2.41,1002,20.89,0.0,0.59,1.92,2.75,0.0,0.0,13.02,N,N,N,N,N
HV0003,B03404,B03404,2024-09-01 00:24:36,2024-09-01 00:28:02,2024-09-01 00:28:12,2024-09-01 00:42:42,130,192,5.69,870,19.7,0.0,0.54,1.75,0.0,0.0,0.0,16.19,N,N,N,N,N
HV0003,B03404,B03404,2024-09-01 00:43:30,2024-09-01 00:50:06,2024-09-01 00:50:29,2024-09-01 01:17:24,92,130,4.84,1615,28.63,0.0,0.79,2.55,0.0,0.0,0.0,22.27,N,N,N,N,N
HV0003,B03404,B03404,2024-08-31 23:59:12,2024-09-01 00:01:02,2024-09-01 00:01:39,2024-09-01 00:16:37,244,213,6.17,898,23.21,0.0,0.64,2.05,0.0,0.0,5.0,17.12,N,N,N,N,N
HV0003,B03404,B03404,2024-09-01 00:03:11,2024-09-01 00:05:38,2024-09-01 00:05:38,2024-09-01 00:14:05,231,246,2.42,507,15.41,0.0,0.42,1.36,2.75,0.0,0.0,8.22,N,N,N,N,N
HV0003,B03404,B03404,2024-09-01 00:26:13,2024-09-01 00:27:58,2024-09-01 00:29:59,2024-09-01 01:01:33,50,34,6.5,1894,36.3,0.0,1.0,3.21,2.75,0.0,0.0,27.25,N,N,N,N,N
HV0003,B03404,B03404,2024-09-01 00:12:52,2024-09-01 00:24:17,2024-09-01 00:25:03,2024-09-01 00:38:44,212,244,4.59,821,18.73,0.0,0.52,1.66,0.0,0.0,0.0,14.22,N,N,N,N,N
HV0003,B03404,B03404,2024-09-01 00:57:18,2024-09-01 00:58:05,2024-09-01 00:59:10,2024-09-01 01:06:43,263,239,1.89,453,12.72,0.0,0.35,1.13,2.75,0.0,0.0,6.97,N,N,N,N,N
HV0003,B03404,B03404,2024-09-01 00:06:33,2024-09-01 00:09:43,2024-09-01 00:11:43,2024-09-01 00:23:31,159,42,1.93,708,10.26,0.0,0.28,0.91,0.0,0.0,0.0,11.3,N,N,N,N,Y
HV0003,B03404,B03404,2024-09-01 00:25:55,2024-09-01 00:27:51,2024-09-01 00:28:42,2024-09-01 00:48:51,42,87,11.93,1209,31.03,0.0,0.85,2.75,2.75,0.0,0.0,33.77,N,N,N,N,Y
HV0003,B03404,B03404,2024-09-01 00:48:43,2024-09-01 00:50:50,2024-09-01 00:52:52,2024-09-01 01:09:42,87,170,4.61,1010,21.19,0.0,0.62,2.0,2.75,0.0,0.0,18.96,N,N,N,N,Y
HV0005,B03406,,2024-09-01 00:01:09,,2024-09-01 00:14:15,2024-09-01 00:19:26,51,51,1.278,311,8.24,0.0,0.18,0.57,0.0,0.0,3.0,5.47,N,N,N,N,N
HV0005,B03406,,2024-09-01 00:17:45,,2024-09-01 00:22:13,2024-09-01 00:28:31,51,51,1.365,378,8.95,0.0,0.25,0.79,0.0,0.0,0.0,5.54,N,N,N,N,N
HV0005,B03406,,2024-09-01 00:22:10,,2024-09-01 00:29:05,2024-09-01 00:51:17,51,42,10.232,1332,22.37,1.81,0.66,2.15,0.0,0.0,0.0,26.95,N,N,N,N,N
HV0005,B03406,,2024-09-01 00:53:24,,2024-09-01 00:56:20,2024-09-01 01:05:42,42,75,2.486,562,12.85,0.0,0.24,0.77,0.0,0.0,0.0,8.87,N,N,N,N,N
HV0005,B03406,,2024-09-01 00:23:01,,2024-09-01 00:25:57,2024-09-01 00:40:54,140,48,2.289,897,15.39,0.0,0.42,1.37,2.75,0.0,0.0,11.87,N,N,N,N,N
HV0005,B03406,,2024-09-01 00:46:25,,2024-09-01 00:49:55,2024-09-01 01:13:00,100,226,4.651,1385,23.72,0.46,0.67,2.15,2.75,0.0,2.0,19.85,N,N,N,N,N
HV0003,B03404,B03404,2024-09-01 00:17:11,2024-09-01 00:17:31,2024-09-01 00:19:31,2024-09-01 00:49:37,181,37,3.66,1806,34.33,0.0,0.95,3.05,0.0,0.0,0.0,25.23,N,N,N,N,N
HV0003,B03404,B03404,2024-09-01 00:45:00,2024-09-01 00:53:39,2024-09-01 00:54:46,2024-09-01 01:05:12,36,37,1.62,626,22.2,0.0,0.61,1.97,0.0,0.0,0.0,10.04,N,N,N,N,N
HV0005,B03406,,2024-09-01 00:07:49,,2024-09-01 00:19:54,2024-09-01 00:44:56,256,14,9.382,1502,31.64,0.9,0.76,2.45,0.0,0.0,0.0,27.46,N,N,N,N,N
HV0005,B03406,,2024-09-01 00:53:39,,2024-09-01 00:57:26,2024-09-01 01:06:57,40,65,2.871,571,11.64,0.0,0.32,1.03,0.0,0.0,1.95,14.48,N,N,N,N,N
HV0003,B03404,B03404,2024-09-01 00:09:43,2024-09-01 00:13:20,2024-09-01 00:13:40,2024-09-01 00:24:18,220,240,3.41,638,14.8,0.0,0.38,1.24,0.0,0.0,0.0,10.84,N,N,N,N,N
HV0003,B03404,B03404,2024-09-01 00:37:39,2024-09-01 00:41:04,2024-09-01 00:41:14,2024-09-01 00:52:09,60,244,3.54,655,13.3,0.0,0.37,1.18,0.0,0.0,0.0,11.18,N,N,N,N,N
HV0003,B03404,B03404,2024-09-01 00:55:23,2024-09-01 00:57:12,2024-09-01 00:59:12,2024-09-01 01:07:40,42,127,3.4,508,15.27,0.0,0.42,1.36,0.0,0.0,0.0,9.56,N,N,N,N,N
HV0005,B03406,,2024-09-01 00:22:34,,2024-09-01 00:27:51,2024-09-01 00:38:07,231,68,2.344,616,15.51,0.0,0.43,1.38,2.75,0.0,5.02,9.21,N,N,N,N,N
HV0005,B03406,,2024-09-01 00:52:08,,2024-09-01 00:58:15,2024-09-01 01:10:09,249,233,2.82,714,18.99,0.0,0.52,1.68,2.75,0.0,0.0,10.81,N,N,N,N,N
HV0003,B03404,B03404,2024-08-31 23:54:24,2024-08-31 23:59:41,2024-09-01 00:01:02,2024-09-01 00:11:27,138,129,3.57,625,18.23,0.0,0.51,1.62,0.0,0.0,4.62,11.09,N,N,N,N,N
HV0003,B03404,B03404,2024-09-01 00:20:14,2024-09-01 00:21:05,2024-09-01 00:23:07,2024-09-01 00:43:23,129,229,4.91,1216,22.8,0.0,0.63,2.03,2.75,0.0,3.0,18.5,N,N,N,N,N
HV0003,B03404,B03404,2024-09-01 00:50:03,2024-09-01 00:52:34,2024-09-01 00:52:54,2024-09-01 01:24:00,116,79,10.59,1866,28.08,0.0,0.77,2.5,2.75,0.0,0.0,37.77,N,N,N,N,Y
HV0005,B03406,,2024-09-01 00:32:55,,2024-09-01 00:38:17,2024-09-01 00:48:46,41,116,1.722,629,12.62,0.0,0.35,1.12,0.0,0.0,3.0,9.15,N,N,N,N,Y
HV0003,B03404,B03404,2024-09-01 00:17:59,2024-09-01 00:20:05,2024-09-01 00:20:31,2024-09-01 00:40:56,37,112,3.25,1225,23.53,0.0,0.65,2.09,0.0,0.0,2.62,17.32,N,N,N,N,N
HV0003,B03404,B03404,2024-09-01 00:36:54,2024-09-01 00:52:53,2024-09-01 00:54:53,2024-09-01 01:18:38,255,181,6.82,1425,27.6,0.0,0.81,2.61,0.0,0.0,0.0,26.73,Y,N,N,N,N
HV0005,B03406,,2024-09-01 00:17:22,,2024-09-01 00:24:13,2024-09-01 00:37:28,236,116,4.163,795,17.98,0.0,0.49,1.59,2.75,0.0,4.56,13.44,N,N,N,N,N
HV0005,B03406,,2024-09-01 00:45:32,,2024-09-01 00:48:46,2024-09-01 01:01:14,69,78,5.238,748,19.81,0.0,0.52,1.66,0.0,0.0,0.0,14.44,N,N,N,N,N
HV0003,B03404,B03404,2024-09-01 00:16:25,2024-09-01 00:20:54,2024-09-01 00:21:37,2024-09-01 00:43:04,145,134,9.13,1287,29.56,0.0,0.82,2.61,0.0,0.0,0.0,24.93,N,N,N,N,N
HV0003,B03404,B03404,2024-09-01 00:43:49,2024-09-01 00:48:30,2024-09-01 00:48:36,2024-09-01 01:02:15,95,131,5.45,819,12.28,0.0,0.34,1.08,0.0,0.0,0.0,15.37,N,N,N,N,N
HV0003,B03404,B03404,2024-08-31 23:55:29,2024-09-01 00:03:23,2024-09-01 00:04:11,2024-09-01 00:12:26,82,82,1.4,495,11.62,0.0,0.32,1.03,0.0,0.0,0.0,6.71,N,N,N,N,N
HV0003,B03404,B03404,2024-09-01 00:19:51,2024-09-01 00:34:31,2024-09-01 00:34:51,2024-09-01 00:45:45,56,82,1.82,654,13.72,0.0,0.38,1.23,0.0,0.0,0.0,8.83,N,N,N,N,N
HV0003,B03404,B03404,2024-09-01 00:46:12,2024-09-01 00:51:11,2024-09-01 00:51:50,2024-09-01 01:10:32,129,80,5.08,1122,25.0,0.0,0.69,2.21,0.0,0.0,2.79,17.81,N,N,N,N,N
HV0003,B03404,B03404,2024-09-01 00:24:17,2024-09-01 00:25:51,2024-09-01 00:27:52,2024-09-01 01:11:01,85,168,15.15,2589,52.76,6.94,1.46,5.3,0.0,0.0,0.0,45.94,N,N,N,N,N
HV0003,B03404,B03404,2024-09-01 00:24:47,2024-09-01 00:30:09,2024-09-01 00:31:08,2024-09-01 01:04:29,117,28,11.79,2001,42.08,0.0,1.16,3.73,0.0,0.0,0.0,37.22,N,N,N,N,N
HV0003,B03404,B03404,2024-09-01 00:07:05,2024-09-01 00:09:25,2024-09-01 00:09:49,2024-09-01 00:22:56,141,226,3.46,787,13.6,0.0,0.38,1.21,2.75,0.0,3.0,12.36,N,N,N,N,N
HV0003,B03404,B03404,2024-09-01 00:22:38,2024-09-01 00:25:33,2024-09-01 00:25:47,2024-09-01 00:44:15,226,142,4.29,1108,27.0,0.0,0.75,2.39,2.75,0.0,0.0,16.6,N,N,N,N,N
HV0003,B03404,B03404,2024-09-01 00:51:11,2024-09-01 00:52:41,2024-09-01 00:53:07,2024-09-01 01:06:49,143,41,3.61,822,18.09,0.0,0.5,1.61,2.75,0.0,0.0,12.9,N,N,N,N,N
HV0003,B03404,B03404,2024-09-01 00:12:59,2024-09-01 00:18:34,2024-09-01 00:19:30,2024-09-01 00:48:55,97,77,5.91,1765,32.8,0.0,0.96,3.09,0.0,0.0,0.0,26.44,N,N,N,N,N
HV0003,B03404,B03404,2024-09-01 00:47:03,2024-09-01 00:53:46,2024-09-01 00:53:56,2024-09-01 01:15:50,76,173,10.77,1314,40.88,0.0,1.13,3.63,0.0,0.0,0.0,29.13,N,N,N,N,N
HV0005,B03406,,2024-09-01 00:47:53,,2024-09-01 00:52:04,2024-09-01 01:11:24,79,142,4.143,1160,22.66,0.0,0.56,1.81,2.75,0.0,0.0,16.96,N,N,N,N,N
HV0005,B03406,,2024-09-01 00:08:53,,2024-09-01 00:18:33,2024-09-01 01:20:23,80,265,14.606,3710,87.89,23.05,3.05,0.0,0.0,0.0,22.8,66.12,N,N,N,N,Y
HV0003,B03404,B03404,2024-09-01 00:12:37,2024-09-01 00:14:02,2024-09-01 00:14:43,2024-09-01 00:32:41,65,181,2.11,1078,16.22,0.0,0.44,1.43,0.0,0.0,0.0,13.35,N,N,N,N,N
HV0003,B03404,B03404,2024-09-01 00:27:24,2024-09-01 00:35:38,2024-09-01 00:37:32,2024-09-01 00:55:01,189,61,3.02,1049,26.88,0.0,0.78,2.54,0.0,0.0,0.0,16.8,N,N,N,N,N
HV0003,B03404,B03404,2024-09-01 00:55:11,2024-09-01 00:58:50,2024-09-01 00:58:59,2024-09-01 01:11:28,35,39,2.37,749,14.27,0.0,0.39,1.26,0.0,0.0,0.0,10.5,N,N,N,N,N
HV0005,B03406,,2024-09-01 00:15:47,,2024-09-01 00:20:36,2024-09-01 00:47:19,76,188,4.554,1603,26.85,0.0,0.7,2.25,0.0,0.0,0.0,23.6,N,N,N,N,Y
HV0003,B03404,B03404,2024-09-01 00:05:30,2024-09-01 00:13:02,2024-09-01 00:13:37,2024-09-01 00:26:36,233,48,1.65,779,12.39,0.0,0.34,1.1,0.75,0.0,3.42,4.91,Y,Y,N,N,N
HV0003,B03404,B03404,2024-09-01 00:43:38,2024-09-01 00:46:47,2024-09-01 00:48:47,2024-09-01 01:16:00,234,34,5.3,1633,31.75,0.0,0.93,3.0,2.75,0.0,0.0,23.08,N,N,N,N,N
HV0003,B03404,B03404,2024-09-01 00:09:04,2024-09-01 00:12:48,2024-09-01 00:14:27,2024-09-01 00:20:58,228,227,1.11,391,8.36,0.0,0.23,0.75,0.0,0.0,0.0,5.39,N,N,N,N,N
HV0003,B03404,B03404,2024-09-01 00:19:04,2024-09-01 00:25:32,2024-09-01 00:26:26,2024-09-01 00:31:50,228,14,2.26,324,11.6,0.0,0.32,1.03,0.0,0.0,3.0,6.48,N,N,N,N,N
HV0003,B03404,B03404,2024-09-01 00:32:08,2024-09-01 00:35:00,2024-09-01 00:37:01,2024-09-01 00:52:17,14,195,6.63,916,21.47,0.0,0.59,1.91,0.0,0.0,0.0,17.92,N,N,N,N,N
HV0003,B03404,B03404,2024-09-01 00:54:52,2024-09-01 00:56:16,2024-09-01 00:56:42,2024-09-01 01:22:54,195,72,6.74,1572,34.0,0.0,0.93,3.02,0.0,0.0,0.0,24.44,N,N,N,N,N
HV0003,B03404,B03404,2024-09-01 00:07:53,2024-09-01 00:08:54,2024-09-01 00:10:35,2024-09-01 00:17:00,263,74,1.69,385,10.23,0.0,0.28,0.92,2.75,0.0,0.0,6.04,N,N,N,N,N
HV0003,B03404,B03404,2024-09-01 00:17:51,2024-09-01 00:22:01,2024-09-01 00:22:14,2024-09-01 00:34:29,168,212,4.26,735,18.76,0.0,0.52,1.66,0.0,0.0,0.0,12.93,N,N,N,N,N
HV0003,B03404,B03404,2024-09-01 00:30:56,2024-09-01 00:36:41,2024-09-01 00:36:58,2024-09-01 00:48:46,212,174,4.83,708,16.6,0.0,0.46,1.48,0.0,0.0,0.0,13.45,Y,N,N,N,N
HV0003,B03404,B03404,2024-09-01 00:48:38,2024-09-01 00:49:30,2024-09-01 00:50:18,2024-09-01 01:04:01,174,208,6.85,823,25.9,0.0,0.71,2.3,0.0,0.0,0.0,17.32,N,N,N,N,N
HV0003,B03404,B03404,2024-09-01 00:12:49,2024-09-01 00:14:56,2024-09-01 00:15:40,2024-09-01 00:27:39,163,68,2.43,719,26.11,0.0,0.76,2.46,2.75,0.0,0.0,13.87,N,N,N,N,N
HV0003,B03404,B03404,2024-09-01 00:30:16,2024-09-01 00:36:04,2024-09-01 00:38:04,2024-09-01 01:21:13,158,265,12.96,2589,73.61,20.0,2.15,0.0,0.0,0.0,0.0,48.53,N,N,N,N,N
HV0003,B03404,B03404,2024-09-01 00:29:56,2024-09-01 00:34:08,2024-09-01 00:34:36,2024-09-01 00:42:49,42,168,1.46,493,10.78,0.0,0.29,0.96,0.0,0.0,0.0,6.78,N,N,N,N,N
HV0003,B03404,B03404,2024-09-01 00:40:23,2024-09-01 00:44:36,2024-09-01 00:45:11,2024-09-01 01:02:40,168,51,11.56,1049,29.55,0.0,0.81,2.62,0.0,0.0,0.0,25.91,N,N,Y,N,N
HV0003,B03404,B03404,2024-09-01 00:00:07,2024-09-01 00:02:59,2024-09-01 00:04:59,2024-09-01 00:23:21,80,79,3.69,1102,22.05,0.0,0.62,1.98,2.75,0.0,0.0,15.73,N,N,N,N,N
HV0005,B03406,,2024-09-01 00:50:46,,2024-09-01 00:53:35,2024-09-01 01:14:26,107,143,3.585,1251,22.77,0.0,0.62,2.02,2.75,0.0,0.0,17.08,N,N,N,N,N
HV0005,B03406,,2024-09-01 00:19:49,,2024-09-01 00:21:35,2024-09-01 00:33:46,32,247,6.629,731,22.79,0.0,0.49,1.58,0.0,0.0,4.97,16.17,N,N,N,N,N
HV0005,B03406,,2024-09-01 00:33:45,,2024-09-01 00:37:28,2024-09-01 00:52:54,247,24,3.639,926,20.58,0.0,0.5,1.62,0.0,0.0,0.0,13.99,N,N,N,N,N
HV0003,B03404,B03404,2024-09-01 00:04:14,2024-09-01 00:12:57,2024-09-01 00:13:25,2024-09-01 00:25:03,249,246,1.8,698,11.0,0.0,0.3,0.98,2.75,0.0,0.0,9.23,N,N,N,N,N
HV0003,B03404,B03404,2024-09-01 00:26:00,2024-09-01 00:26:49,2024-09-01 00:27:23,2024-09-01 00:47:08,246,244,8.76,1185,27.09,0.0,0.74,2.4,2.75,0.0,0.0,23.42,N,N,N,N,N
HV0003,B03404,B03404,2024-09-01 00:17:44,2024-09-01 00:22:45,2024-09-01 00:23:42,2024-09-01 00:56:02,132,37,13.2,1940,44.53,0.0,1.37,4.42,0.0,2.5,0.0,36.8,N,N,N,N,N
HV0003,B03404,B03404,2024-08-31 23:58:34,2024-09-01 00:09:02,2024-09-01 00:09:51,2024-09-01 00:28:43,164,239,4.04,1132,24.3,0.0,0.66,2.11,2.75,0.0,0.0,16.49,N,N,N,N,N
HV0003,B03404,B03404,2024-09-01 00:28:48,2024-09-01 00:33:38,2024-09-01 00:35:39,2024-09-01 01:19:28,239,106,13.34,2629,47.19,6.94,1.3,4.8,2.75,0.0,0.0,43.69,N,N,N,N,N
HV0005,B03406,,2024-09-01 00:05:29,,2024-09-01 00:14:15,2024-09-01 00:46:41,185,247,8.995,1946,34.72,0.0,0.95,3.08,0.0,0.0,0.0,31.55,N,N,N,N,N
HV0005,B03406,,2024-09-01 00:51:34,,2024-09-01 00:55:32,2024-09-01 01:12:18,69,147,2.023,1006,13.9,0.0,0.38,1.23,0.0,0.0,0.0,12.57,N,N,N,N,N
HV0005,B03406,,2024-08-31 23:56:26,,2024-09-01 00:04:03,2024-09-01 00:36:42,255,116,12.849,1959,48.25,5.86,1.26,4.05,0.0,0.0,0.0,36.64,N,N,N,N,N
HV0005,B03406,,2024-08-31 23:56:49,,2024-09-01 00:04:52,2024-09-01 00:45:21,68,181,6.985,2429,42.28,1.13,1.14,3.68,2.75,0.0,9.8,33.22,N,N,N,N,N
HV0005,B03406,,2024-09-01 00:35:27,,2024-09-01 00:50:16,2024-09-01 01:20:58,181,193,8.012,1842,38.49,0.0,1.13,3.64,0.0,2.5,0.0,31.9,N,N,N,N,N
HV0003,B03404,B03404,2024-09-01 00:25:06,2024-09-01 00:29:29,2024-09-01 00:29:57,2024-09-01 00:40:39,69,136,2.16,642,9.07,0.0,0.25,0.81,0.0,0.0,0.0,9.18,N,N,N,N,N
HV0003,B03404,B03404,2024-09-01 00:40:25,2024-09-01 00:44:41,2024-09-01 00:44:59,2024-09-01 01:48:37,241,234,13.81,3818,48.97,0.0,1.43,4.62,2.75,0.0,0.0,55.88,N,N,N,N,N
HV0003,B03404,B03404,2024-09-01 00:05:14,2024-09-01 00:08:23,2024-09-01 00:09:00,2024-09-01 00:42:28,146,135,7.42,2008,29.74,0.0,0.82,2.64,0.0,0.0,4.98,32.52,N,N,N,N,N
HV0003,B03404,B03404,2024-09-01 00:21:03,2024-09-01 00:23:52,2024-09-01 00:24:40,2024-09-01 01:05:06,100,10,14.53,2426,44.34,6.94,1.29,4.81,2.75,0.0,0.0,43.33,N,N,N,N,N
HV0003,B03404,B03404,2024-09-01 00:28:32,2024-09-01 00:31:12,2024-09-01 00:32:42,2024-09-01 00:39:12,114,209,1.42,390,11.86,0.0,0.32,1.05,2.75,0.0,1.0,6.29,N,N,N,N,Y
HV0003,B03404,B03404,2024-09-01 00:43:03,2024-09-01 00:45:17,2024-09-01 00:46:05,2024-09-01 00:57:06,87,148,1.29,661,11.83,0.0,0.32,1.05,2.75,0.0,0.0,8.69,N,N,N,N,Y
HV0003,B03404,B03404,2024-09-01 00:50:54,2024-09-01 00:53:41,2024-09-01 00:53:53,2024-09-01 01:01:51,16,171,2.14,478,15.15,0.0,0.41,1.34,0.0,0.0,1.0,16.31,N,N,N,N,N
HV0003,B03404,B03404,2024-08-31 23:56:41,2024-09-01 00:02:55,2024-09-01 00:03:22,2024-09-01 00:23:21,255,87,4.01,1199,28.87,0.0,0.8,2.56,2.75,0.0,0.0,18.6,N,N,N,N,N
HV0003,B03404,B03404,2024-09-01 00:20:49,2024-09-01 00:23:21,2024-09-01 00:24:13,2024-09-01 01:06:12,209,177,7.25,2519,35.11,0.0,0.96,3.12,2.75,0.0,0.0,34.33,N,N,N,N,N
HV0003,B03404,B03404,2024-09-01 00:15:58,2024-09-01 00:17:24,2024-09-01 00:17:41,2024-09-01 00:32:06,107,262,3.79,865,19.92,0.0,0.55,1.77,2.75,0.0,0.0,13.56,N,N,N,N,N
HV0003,B03404,B03404,2024-09-01 00:32:08,2024-09-01 00:32:48,2024-09-01 00:35:00,2024-09-01 00:51:17,262,164,4.12,977,23.44,0.0,0.65,2.08,2.75,0.0,4.33,15.09,N,N,N,N,N
HV0003,B03404,B03404,2024-09-01 00:51:53,2024-09-01 00:52:44,2024-09-01 00:54:45,2024-09-01 01:15:53,170,16,14.17,1268,43.62,6.94,1.21,4.49,2.75,0.0,0.0,31.59,N,N,N,N,N
HV0005,B03406,,2024-09-01 00:42:45,,2024-09-01 00:48:10,2024-09-01 01:06:33,39,62,3.557,1103,21.48,0.0,0.59,1.91,0.0,0.0,0.0,16.98,N,N,N,N,Y
HV0003,B03404,B03404,2024-09-01 00:15:43,2024-09-01 00:21:55,2024-09-01 00:22:14,2024-09-01 00:35:47,89,71,2.12,813,17.38,0.0,0.5,1.64,0.0,0.0,2.06,11.12,N,N,N,N,N
HV0003,B03404,B03404,2024-09-01 00:38:05,2024-09-01 00:40:26,2024-09-01 00:40:26,2024-09-01 00:47:34,71,89,1.54,428,10.74,0.0,0.29,0.96,0.0,0.0,0.0,6.25,N,N,N,N,N
HV0003,B03404,B03404,2024-09-01 00:06:18,2024-09-01 00:07:31,2024-09-01 00:08:59,2024-09-01 00:20:22,13,68,2.6,683,16.54,0.0,0.45,1.46,2.75,0.0,0.0,11.84,N,N,N,N,Y
HV0003,B03404,B03404,2024-09-01 00:23:19,2024-09-01 00:25:07,2024-09-01 00:26:23,2024-09-01 00:35:03,90,234,1.04,520,8.22,0.0,0.22,0.73,2.75,0.0,0.0,7.51,N,N,N,N,Y
HV0003,B03404,B03404,2024-09-01 00:34:14,2024-09-01 00:38:51,2024-09-01 00:39:01,2024-09-01 00:48:35,90,170,1.79,574,11.8,0.0,0.32,1.05,2.75,0.0,2.08,9.36,N,N,N,N,Y
HV0003,B03404,B03404,2024-09-01 00:47:58,2024-09-01 00:48:23,2024-09-01 00:49:36,2024-09-01 00:57:31,170,43,1.62,475,11.87,0.0,0.32,1.05,2.75,0.0,1.0,8.1,N,N,N,N,Y
HV0005,B03406,,2024-09-01 00:51:25,,2024-09-01 00:57:46,2024-09-01 01:13:53,203,130,6.419,967,20.54,0.0,0.56,1.82,0.0,0.0,0.0,18.19,N,N,N,N,N
HV0003,B03404,B03404,2024-09-01 00:19:42,2024-09-01 00:22:36,2024-09-01 00:24:37,2024-09-01 00:46:14,231,141,6.59,1297,32.08,0.0,0.88,2.85,2.75,0.0,0.0,21.57,N,N,N,N,N
HV0005,B03406,,2024-09-01 00:01:30,,2024-09-01 00:14:35,2024-09-01 00:35:11,93,37,7.026,1236,32.1,0.11,0.64,2.06,0.0,0.0,0.0,27.64,N,N,N,N,N
HV0005,B03406,,2024-09-01 00:28:58,,2024-09-01 00:37:56,2024-09-01 00:44:09,37,256,1.158,373,11.53,0.0,0.32,1.02,0.0,0.0,0.0,9.47,N,N,N,N,N
HV0005,B03406,,2024-09-01 00:41:50,,2024-09-01 00:48:13,2024-09-01 01:08:34,256,181,6.642,1221,27.48,0.0,0.76,2.44,0.0,0.0,0.0,24.47,N,N,N,N,N
HV0003,B03404,B03404,2024-09-01 00:03:10,2024-09-01 00:06:15,2024-09-01 00:06:38,2024-09-01 00:15:40,113,209,1.77,542,12.57,0.0,0.36,1.19,2.75,0.0,0.0,7.67,N,N,N,N,N
HV0005,B03406,,2024-09-01 00:18:02,,2024-09-01 00:26:03,2024-09-01 01:06:57,13,157,9.372,2454,76.53,0.98,2.13,6.88,2.75,0.0,0.0,42.95,N,N,N,N,N
HV0003,B03404,B03404,2024-09-01 00:06:07,2024-09-01 00:11:27,2024-09-01 00:12:18,2024-09-01 00:39:12,261,91,8.65,1614,36.91,6.94,1.01,3.9,2.75,0.0,0.0,27.44,N,N,N,N,N
HV0003,B03404,B03404,2024-09-01 00:39:27,2024-09-01 00:43:33,2024-09-01 00:45:34,2024-09-01 00:54:44,91,155,1.17,550,11.34,0.0,0.32,1.03,0.0,0.0,0.0,7.06,N,N,N,N,N
HV0003,B03404,B03404,2024-09-01 00:01:33,2024-09-01 00:08:09,2024-09-01 00:09:53,2024-09-01 00:29:33,186,261,3.67,1180,36.54,0.0,0.83,2.69,2.75,0.0,0.0,17.93,Y,N,N,N,Y
HV0003,B03404,B03404,2024-09-01 00:39:09,2024-09-01 00:41:17,2024-09-01 00:42:19,2024-09-01 01:03:12,87,163,6.45,1253,32.32,0.0,0.86,2.76,2.75,0.0,0.0,23.52,N,N,N,N,Y
HV0003,B03404,B03404,2024-08-31 23:59:27,2024-09-01 00:04:09,2024-09-01 00:04:48,2024-09-01 00:19:52,177,17,2.38,904,15.19,0.0,0.41,1.35,0.0,0.0,0.0,12.03,N,N,N,N,N
HV0005,B03406,,2024-09-01 00:21:48,,2024-09-01 00:30:30,2024-09-01 00:52:35,49,35,4.075,1325,33.4,0.0,0.84,2.7,0.0,0.0,0.0,18.49,N,N,N,N,N
HV0005,B03406,,2024-09-01 00:49:55,,2024-09-01 00:54:55,2024-09-01 01:12:10,72,76,2.792,1035,17.83,0.0,0.44,1.41,0.0,0.0,0.0,13.9,N,N,N,N,N
HV0003,B03404,B03404,2024-09-01 00:02:32,2024-09-01 00:06:01,2024-09-01 00:06:23,2024-09-01 00:26:08,74,78,6.3,1185,14.96,0.0,0.41,1.32,0.0,0.0,0.0,20.08,N,N,N,N,N
HV0005,B03406,,2024-09-01 00:01:13,,2024-09-01 00:06:00,2024-09-01 00:20:38,208,59,3.905,878,18.8,0.0,0.52,1.67,0.0,0.0,0.0,15.41,N,N,N,N,Y
HV0005,B03406,,2024-09-01 00:24:09,,2024-09-01 00:28:02,2024-09-01 00:49:37,60,127,4.171,1295,26.68,0.0,0.73,2.37,0.0,0.0,0.0,19.93,N,N,N,N,Y
HV0005,B03406,,2024-09-01 00:49:58,,2024-09-01 00:53:01,2024-09-01 01:13:37,127,250,6.924,1236,25.44,0.0,0.53,1.72,0.0,0.0,0.0,24.2,N,N,N,N,Y
HV0003,B03404,B03404,2024-09-01 00:32:03,2024-09-01 00:34:49,2024-09-01 00:35:04,2024-09-01 01:40:58,114,94,12.29,3954,37.84,0.0,1.04,3.36,2.75,0.0,0.0,55.13,N,N,N,N,N
HV0003,B03404,B03404,2024-08-31 23:58:27,2024-09-01 00:00:57,2024-09-01 00:02:00,2024-09-01 00:20:42,129,196,3.65,1122,20.33,0.0,0.56,1.79,0.0,0.0,0.0,15.86,N,N,N,N,N
HV0003,B03404,B03404,2024-09-01 00:18:22,2024-09-01 00:30:21,2024-09-01 00:30:39,2024-09-01 00:32:58,95,95,0.37,139,8.9,0.0,0.24,0.79,0.0,0.0,0.0,5.39,N,N,N,N,N
HV0003,B03404,B03404,2024-09-01 00:38:54,2024-09-01 00:45:41,2024-09-01 00:46:02,2024-09-01 00:49:28,82,129,0.62,206,8.94,0.0,0.24,0.79,0.0,0.0,0.0,5.39,N,N,N,N,N
HV0003,B03404,B03404,2024-09-01 00:48:38,2024-09-01 00:52:49,2024-09-01 00:53:11,2024-09-01 01:30:56,129,265,11.38,2265,49.62,26.94,1.37,0.0,0.0,0.0,0.0,39.37,N,N,N,N,N
HV0005,B03406,,2024-08-31 23:58:09,,2024-09-01 00:00:14,2024-09-01 00:23:50,230,100,1.232,1416,17.34,0.0,0.41,1.33,2.75,0.0,5.0,15.49,N,N,N,N,N
HV0005,B03406,,2024-09-01 00:20:58,,2024-09-01 00:26:07,2024-09-01 01:00:54,164,225,7.986,2087,37.68,2.83,1.11,3.6,2.75,0.0,0.0,31.25,N,N,N,N,N
HV0003,B03404,B03404,2024-09-01 00:23:37,2024-09-01 00:25:02,2024-09-01 00:25:21,2024-09-01 00:44:21,70,37,6.95,1140,28.59,0.0,0.78,2.54,0.0,0.0,0.0,20.53,N,N,N,N,N
HV0003,B03404,B03404,2024-08-31 23:54:55,2024-08-31 23:59:47,2024-09-01 00:00:14,2024-09-01 00:07:11,198,102,1.09,417,8.89,0.0,0.24,0.79,0.0,0.0,0.0,5.53,N,N,N,N,N
HV0003,B03404,B03404,2024-09-01 00:05:15,2024-09-01 00:10:03,2024-09-01 00:10:39,2024-09-01 00:14:49,198,198,0.73,250,7.23,0.0,0.2,0.64,0.0,0.0,0.0,5.39,N,N,N,N,N
HV0003,B03404,B03404,2024-09-01 00:14:15,2024-09-01 00:18:19,2024-09-01 00:19:35,2024-09-01 00:28:24,198,37,1.84,529,15.16,0.0,0.41,1.35,0.0,0.0,0.0,9.14,N,N,N,N,N
HV0003,B03404,B03404,2024-09-01 00:23:25,2024-09-01 00:31:35,2024-09-01 00:33:03,2024-09-01 00:43:44,36,17,1.86,641,14.31,0.0,0.39,1.27,0.0,0.0,0.0,8.76,N,N,N,N,N
HV0003,B03404,B03404,2024-09-01 00:45:27,2024-09-01 00:50:23,2024-09-01 00:50:58,2024-09-01 01:34:30,37,265,14.18,2612,54.52,0.0,1.5,4.84,0.0,0.0,0.0,46.54,N,N,N,N,N
HV0003,B03404,B03404,2024-09-01 00:25:36,2024-09-01 00:27:19,2024-09-01 00:27:47,2024-09-01 00:47:19,61,80,3.68,1172,21.01,0.0,0.58,1.87,0.0,0.0,0.0,18.62,N,N,N,N,N
HV0003,B03404,B03404,2024-09-01 00:46:39,2024-09-01 00:50:03,2024-09-01 00:50:21,2024-09-01 01:03:40,80,226,3.53,799,21.42,0.0,0.59,1.9,0.0,0.0,0.0,14.8,N,N,N,N,N
HV0003,B03404,B03404,2024-09-01 00:18:22,2024-09-01 00:19:42,2024-09-01 00:21:43,2024-09-01 00:33:28,225,17,1.3,705,13.39,0.0,0.37,1.19,0.0,0.0,0.0,8.62,N,N,N,N,N
HV0003,B03404,B03404,2024-09-01 00:32:18,2024-09-01 00:39:30,2024-09-01 00:41:31,2024-09-01 01:04:13,17,37,2.64,1362,22.29,0.0,0.65,2.09,0.0,0.0,0.0,16.82,N,N,N,N,N
HV0003,B03404,B03404,2024-09-01 00:05:51,2024-09-01 00:08:06,2024-09-01 00:08:15,2024-09-01 00:12:35,7,223,0.72,260,8.91,0.0,0.24,0.79,0.0,0.0,0.0,5.38,N,N,N,N,N
HV0003,B03404,B03404,2024-09-01 00:14:44,2024-09-01 00:17:34,2024-09-01 00:18:22,2024-09-01 00:30:31,7,193,2.75,729,16.1,0.0,0.44,1.43,0.0,0.0,0.0,10.82,N,N,N,N,N
HV0003,B03404,B03404,2024-09-01 00:33:24,2024-09-01 00:35:18,2024-09-01 00:37:18,2024-09-01 01:01:37,146,65,8.13,1459,25.33,0.0,0.69,2.24,0.0,0.0,0.0,25.24,N,N,N,N,N
HV0003,B03404,B03404,2024-09-01 00:08:08,2024-09-01 00:10:51,2024-09-01 00:10:53,2024-09-01 00:21:48,106,228,2.61,655,14.29,0.0,0.39,1.26,0.0,0.0,0.0,9.92,N,N,N,N,N
HV0003,B03404,B03404,2024-09-01 00:31:24,2024-09-01 00:38:51,2024-09-01 00:39:25,2024-09-01 00:59:30,40,107,7.45,1205,35.11,0.0,0.96,3.12,2.75,0.0,0.0,21.84,N,N,N,N,N
HV0003,B03404,B03404,2024-09-01 00:24:39,2024-09-01 00:26:37,2024-09-01 00:27:10,2024-09-01 00:41:50,237,4,3.74,880,25.19,0.0,0.7,2.24,2.75,0.0,4.63,13.64,N,N,N,N,N
HV0003,B03404,B03404,2024-09-01 00:41:16,2024-09-01 00:48:32,2024-09-01 00:48:32,2024-09-01 01:10:29,4,237,4.76,1317,23.84,0.0,0.61,1.95,2.75,0.0,0.0,19.27,N,N,N,N,N
HV0003,B03404,B03404,2024-09-01 00:06:31,2024-09-01 00:10:13,2024-09-01 00:10:13,2024-09-01 00:18:57,51,81,1.67,524,9.03,0.0,0.25,0.8,0.0,0.0,0.0,7.36,N,N,N,N,N
HV0003,B03404,B03404,2024-09-01 00:21:08,2024-09-01 00:22:46,2024-09-01 00:23:13,2024-09-01 00:27:28,254,254,0.65,255,7.18,0.0,0.2,0.63,0.0,0.0,0.0,5.39,N,N,N,N,N
HV0003,B03404,B03404,2024-09-01 00:34:19,2024-09-01 00:37:06,2024-09-01 00:37:30,2024-09-01 00:47:32,174,254,2.03,602,13.4,0.0,0.37,1.19,0.0,0.0,0.0,8.61,N,N,N,N,N
HV0003,B03404,B03404,2024-09-01 00:12:58,2024-09-01 00:20:22,2024-09-01 00:22:24,2024-09-01 00:38:30,28,139,8.14,966,16.28,0.0,0.45,1.44,0.0,0.0,0.0,20.46,N,N,N,N,N
HV0003,B03404,B03404,2024-09-01 00:37:00,2024-09-01 00:43:42,2024-09-01 00:45:30,2024-09-01 01:09:08,205,63,9.13,1418,27.75,0.0,0.77,2.46,0.0,0.0,0.0,26.2,N,N,N,N,N
HV0003,B03404,B03404,2024-08-31 23:59:21,2024-09-01 00:00:05,2024-09-01 00:02:06,2024-09-01 00:20:03,137,260,5.95,1077,25.48,6.94,0.74,3.01,2.75,0.0,0.0,18.56,N,N,N,N,N
HV0003,B03404,B03404,2024-09-01 00:20:32,2024-09-01 00:23:45,2024-09-01 00:24:32,2024-09-01 00:29:31,260,83,1.11,299,8.02,0.0,0.2,0.66,0.0,0.0,0.0,5.39,N,N,N,N,N
HV0003,B03404,B03404,2024-09-01 00:32:19,2024-09-01 00:34:41,2024-09-01 00:35:14,2024-09-01 00:43:11,260,82,2.02,477,9.81,0.0,0.27,0.87,0.0,0.0,1.0,7.38,N,N,N,N,N
HV0003,B03404,B03404,2024-09-01 00:43:28,2024-09-01 00:44:13,2024-09-01 00:45:21,2024-09-01 00:54:30,82,82,1.55,549,10.72,0.0,0.29,0.95,0.0,0.0,0.0,7.44,N,N,N,N,N
HV0003,B03404,B03404,2024-09-01 00:19:15,2024-09-01 00:23:32,2024-09-01 00:23:51,2024-09-01 00:48:28,255,263,5.83,1477,27.93,0.0,0.82,2.63,2.75,0.0,3.59,23.78,N,N,N,N,N
HV0005,B03406,,2024-09-01 00:02:26,,2024-09-01 00:08:33,2024-09-01 00:25:33,216,39,6.462,1020,25.08,0.0,0.69,2.22,0.0,0.0,0.0,18.76,N,N,N,N,N
HV0005,B03406,,2024-09-01 00:27:26,,2024-09-01 00:33:56,2024-09-01 00:44:15,39,91,2.021,619,13.27,0.0,0.37,1.18,0.0,0.0,5.0,8.8,N,N,N,N,N
HV0003,B03404,B03404,2024-09-01 00:12:06,2024-09-01 00:21:06,2024-09-01 00:21:14,2024-09-01 00:24:49,76,76,0.83,215,10.43,0.0,0.3,0.98,0.0,0.0,0.0,10.62,N,N,N,N,N
HV0003,B03404,B03404,2024-09-01 00:35:29,2024-09-01 00:36:06,2024-09-01 00:36:20,2024-09-01 01:00:28,180,117,9.39,1448,41.25,5.2,1.14,4.13,0.0,0.0,0.0,39.78,N,N,N,N,N
HV0005,B03406,,2024-09-01 00:08:07,,2024-09-01 00:09:23,2024-09-01 00:24:27,246,170,2.211,904,16.44,0.0,0.41,1.33,2.75,0.0,3.25,11.83,N,N,N,N,N
HV0005,B03406,,2024-09-01 00:26:27,,2024-09-01 00:30:53,2024-09-01 00:48:52,79,129,7.479,1079,27.17,1.87,0.78,2.51,2.75,0.0,0.0,20.73,N,N,N,N,N
HV0005,B03406,,2024-09-01 00:40:16,,2024-09-01 00:51:11,2024-09-01 01:03:35,129,226,2.878,744,14.23,0.0,0.39,1.26,0.0,0.0,0.0,11.18,N,N,N,N,N
HV0003,B03404,B03404,2024-09-01 00:04:43,2024-09-01 00:09:16,2024-09-01 00:11:18,2024-09-01 00:22:36,158,79,1.31,678,16.92,0.0,0.49,1.6,2.75,0.0,0.0,9.76,N,N,N,N,Y
HV0003,B03404,B03404,2024-09-01 00:23:36,2024-09-01 00:26:39,2024-09-01 00:26:39,2024-09-01 00:35:10,79,232,2.29,511,13.58,0.0,0.37,1.2,2.75,0.0,0.0,9.66,N,N,N,N,Y
HV0003,B03404,B03404,2024-09-01 00:37:33,2024-09-01 00:40:12,2024-09-01 00:41:30,2024-09-01 01:47:07,232,143,6.27,3937,35.49,0.0,0.98,3.15,2.75,0.0,6.35,50.96,N,N,N,N,Y
HV0003,B03404,B03404,2024-08-31 23:57:49,2024-09-01 00:02:46,2024-09-01 00:03:39,2024-09-01 00:11:23,248,212,1.73,464,8.74,0.0,0.24,0.78,0.0,0.0,0.0,6.86,N,N,N,N,N
HV0003,B03404,B03404,2024-09-01 00:19:05,2024-09-01 00:21:14,2024-09-01 00:22:55,2024-09-01 00:33:30,212,182,1.77,635,12.48,0.0,0.34,1.11,0.0,0.0,0.0,8.58,N,N,N,N,N
HV0003,B03404,B03404,2024-09-01 00:41:02,2024-09-01 00:48:50,2024-09-01 00:49:08,2024-09-01 01:10:05,242,192,11.49,1257,26.24,6.94,0.74,2.95,0.0,0.0,0.0,27.84,N,N,N,N,N
HV0003,B03404,B03404,2024-08-31 23:55:35,2024-09-01 00:02:16,2024-09-01 00:02:26,2024-09-01 00:17:17,18,47,2.51,891,7.71,0.0,0.22,0.73,0.0,0.0,1.0,5.54,Y,Y,N,N,N
HV0003,B03404,B03404,2024-09-01 00:06:24,2024-09-01 00:13:11,2024-09-01 00:13:43,2024-09-01 00:34:33,47,247,3.21,1250,13.53,0.0,0.37,1.2,0.0,0.0,0.0,11.85,Y,Y,N,N,N
HV0003,B03404,B03404,2024-09-01 00:35:00,2024-09-01 00:47:29,2024-09-01 00:47:29,2024-09-01 00:55:01,247,69,0.92,452,7.86,0.0,0.21,0.7,0.0,0.0,0.0,5.64,N,N,N,N,N
HV0003,B03404,B03404,2024-09-01 00:33:54,2024-09-01 00:39:18,2024-09-01 00:40:13,2024-09-01 00:53:59,198,37,1.52,826,13.97,0.0,0.37,1.22,0.0,0.0,0.0,12.6,N,N,N,N,N
HV0003,B03404,B03404,2024-09-01 00:47:55,2024-09-01 00:56:42,2024-09-01 00:57:44,2024-09-01 01:15:42,37,35,3.53,1078,19.64,0.0,0.54,1.74,0.0,0.0,0.0,15.28,N,N,N,N,N
HV0003,B03404,B03404,2024-09-01 00:07:35,2024-09-01 00:09:13,2024-09-01 00:09:55,2024-09-01 00:24:29,33,49,2.05,874,11.9,0.0,0.32,1.06,0.0,0.0,0.0,11.28,N,N,N,N,N
HV0003,B03404,B03404,2024-09-01 00:29:17,2024-09-01 00:34:05,2024-09-01 00:34:59,2024-09-01 01:00:00,80,188,4.4,1501,34.04,0.0,0.95,3.05,0.0,0.0,0.0,23.32,N,N,N,N,N
HV0003,B03404,B03404,2024-08-31 23:55:29,2024-09-01 00:00:31,2024-09-01 00:01:12,2024-09-01 00:26:58,35,97,4.98,1546,25.96,0.0,0.72,2.3,0.0,0.0,0.0,21.79,N,N,N,N,N
HV0003,B03404,B03404,2024-09-01 00:47:32,2024-09-01 00:54:07,2024-09-01 00:56:08,2024-09-01 01:42:32,148,265,28.43,2784,108.49,0.0,2.99,9.63,2.75,0.0,5.0,75.07,N,N,N,N,N
HV0005,B03406,,2024-08-31 23:56:26,,2024-09-01 00:02:25,2024-09-01 00:42:39,114,265,13.931,2414,50.16,20.71,1.81,0.0,0.0,0.0,0.0,46.22,N,N,N,N,N
HV0005,B03406,,2024-08-31 23:59:09,,2024-09-01 00:02:01,2024-09-01 00:14:04,107,79,1.691,723,23.73,0.0,0.65,2.11,2.75,0.0,0.0,16.27,N,N,N,N,N
HV0003,B03404,B03404,2024-08-31 23:58:27,2024-08-31 23:59:29,2024-09-01 00:00:15,2024-09-01 00:06:39,144,114,0.91,384,10.0,0.0,0.27,0.88,2.75,0.0,0.0,5.65,N,N,N,N,N
HV0003,B03404,B03404,2024-09-01 00:03:33,2024-09-01 00:07:17,2024-09-01 00:08:17,2024-09-01 00:17:34,114,186,1.66,557,16.24,0.0,0.44,1.44,2.75,0.0,0.0,7.93,N,N,N,N,N
HV0003,B03404,B03404,2024-09-01 00:21:20,2024-09-01 00:22:33,2024-09-01 00:23:18,2024-09-01 00:37:39,164,79,2.26,861,18.14,0.0,0.5,1.61,2.75,0.0,2.3,11.7,N,N,N,N,N
HV0003,B03404,B03404,2024-09-01 00:36:29,2024-09-01 00:39:09,2024-09-01 00:39:26,2024-09-01 00:44:13,79,107,0.85,287,8.6,0.0,0.25,0.81,2.75,0.0,0.0,5.66,N,N,N,N,N
HV0003,B03404,B03404,2024-09-01 00:41:06,2024-09-01 00:45:41,2024-09-01 00:46:18,2024-09-01 01:19:10,107,159,7.71,1972,18.6,0.0,0.55,1.75,0.75,0.0,0.0,17.63,Y,Y,N,N,N
HV0003,B03404,B03404,2024-09-01 00:44:35,2024-09-01 00:49:57,2024-09-01 00:51:58,2024-09-01 01:33:11,233,213,9.78,2473,22.94,0.0,0.62,1.99,0.75,0.0,0.0,25.32,Y,Y,N,N,N
HV0003,B03404,B03404,2024-09-01 00:35:48,2024-09-01 00:37:03,2024-09-01 00:37:19,2024-09-01 01:01:17,68,243,8.73,1438,33.35,0.0,0.91,2.96,2.75,0.0,7.99,25.84,N,N,N,N,N
HV0003,B03404,B03404,2024-09-01 00:02:56,2024-09-01 00:11:19,2024-09-01 00:11:26,2024-09-01 00:34:43,247,127,3.74,1397,11.38,0.0,0.31,1.0,0.0,0.0,0.0,13.74,Y,Y,N,N,N
HV0003,B03404,B03404,2024-09-01 00:13:49,2024-09-01 00:21:43,2024-09-01 00:22:29,2024-09-01 00:41:12,235,127,2.62,1123,13.55,0.0,0.37,1.2,0.0,0.0,0.0,9.55,Y,Y,N,N,N
HV0003,B03404,B03404,2024-09-01 00:43:10,2024-09-01 00:44:51,2024-09-01 00:45:56,2024-09-01 01:17:29,243,248,7.15,1893,28.45,0.0,0.78,2.53,0.0,0.0,0.0,28.11,N,N,N,N,N
HV0003,B03404,B03404,2024-09-01 00:09:12,2024-09-01 00:13:35,2024-09-01 00:13:45,2024-09-01 00:30:35,167,247,2.0,1010,15.2,0.0,0.41,1.35,0.0,0.0,2.0,12.53,N,N,N,N,N
HV0003,B03404,B03404,2024-09-01 00:42:27,2024-09-01 00:47:19,2024-09-01 00:47:19,2024-09-01 01:05:13,235,265,8.05,1074,34.85,0.0,0.96,3.09,0.0,0.0,0.0,23.27,N,N,N,N,N
HV0003,B03404,B03404,2024-08-31 23:57:34,2024-08-31 23:59:34,2024-09-01 00:00:15,2024-09-01 00:07:48,79,249,0.97,453,11.92,0.0,0.35,1.13,2.75,0.0,1.0,5.72,N,N,N,N,N
HV0003,B03404,B03404,2024-09-01 00:08:08,2024-09-01 00:10:46,2024-09-01 00:11:04,2024-09-01 00:25:12,249,87,2.38,848,17.23,0.0,0.47,1.53,2.75,0.0,0.0,11.48,N,N,N,N,N
HV0003,B03404,B03404,2024-09-01 00:24:30,2024-09-01 00:29:43,2024-09-01 00:29:43,2024-09-01 00:42:45,261,40,3.37,782,19.87,0.0,0.55,1.77,2.75,0.0,0.0,12.18,N,N,N,N,N
HV0003,B03404,B03404,2024-09-01 00:46:03,2024-09-01 00:52:02,2024-09-01 00:52:56,2024-09-01 01:00:38,25,61,1.47,462,32.18,0.0,0.88,2.86,0.0,0.0,0.0,16.13,N,N,N,N,N
HV0003,B03404,B03404,2024-09-01 00:17:11,2024-09-01 00:20:02,2024-09-01 00:21:11,2024-09-01 00:27:13,197,197,1.2,362,8.39,0.0,0.24,0.8,0.0,0.0,0.0,5.39,N,N,N,N,N
HV0003,B03404,B03404,2024-09-01 00:35:26,2024-09-01 00:38:02,2024-09-01 00:38:08,2024-09-01 00:45:21,216,197,1.61,433,11.64,0.0,0.32,1.03,0.0,0.0,0.0,6.4,N,N,N,N,N
HV0003,B03404,B03404,2024-09-01 00:04:20,2024-09-01 00:09:27,2024-09-01 00:09:28,2024-09-01 00:19:57,261,45,1.6,629,12.69,0.0,0.35,1.13,2.75,0.0,0.0,8.29,N,N,N,N,N
HV0003,B03404,B03404,2024-09-01 00:18:54,2024-09-01 00:25:10,2024-09-01 00:25:26,2024-09-01 00:49:55,232,92,12.32,1469,35.53,0.0,1.04,3.36,2.75,0.0,0.0,31.03,N,N,N,N,N
HV0003,B03404,B03404,2024-09-01 00:47:37,2024-09-01 00:49:58,2024-09-01 00:51:58,2024-09-01 01:22:10,92,145,12.0,1812,39.57,0.0,1.09,3.51,0.0,0.0,0.0,33.93,N,N,N,N,N
HV0003,B03404,B03404,2024-09-01 00:13:22,2024-09-01 00:16:57,2024-09-01 00:16:57,2024-09-01 00:43:29,164,256,6.14,1592,32.84,0.0,0.9,2.9,2.75,0.0,0.0,23.82,N,N,N,N,N
HV0003,B03404,B03404,2024-09-01 00:45:44,2024-09-01 00:49:27,2024-09-01 00:49:42,2024-09-01 00:55:25,255,112,1.06,343,8.4,0.0,0.24,0.8,0.0,0.0,0.0,7.14,N,N,N,N,N
HV0005,B03406,,2024-09-01 00:22:23,,2024-09-01 00:32:41,2024-09-01 00:59:24,34,11,12.375,1603,59.32,0.18,1.64,5.28,0.0,0.0,3.0,32.52,N,N,N,N,N
HV0003,B03404,B03404,2024-08-31 23:57:55,2024-09-01 00:02:05,2024-09-01 00:03:45,2024-09-01 00:38:12,28,72,11.02,2067,37.6,0.0,1.04,3.34,0.0,0.0,0.0,35.07,N,N,N,N,N
HV0003,B03404,B03404,2024-09-01 00:40:10,2024-09-01 00:43:25,2024-09-01 00:43:53,2024-09-01 00:55:15,72,91,2.04,682,11.56,0.0,0.31,1.03,0.0,0.0,0.0,9.4,N,N,N,N,N
HV0003,B03404,B03404,2024-09-01 00:53:37,2024-09-01 00:58:45,2024-09-01 00:58:52,2024-09-01 01:30:11,91,115,17.23,1879,44.68,13.88,1.23,5.2,0.0,0.0,0.0,41.69,N,N,N,N,N
HV0003,B03404,B03404,2024-09-01 00:48:55,2024-09-01 00:55:10,2024-09-01 00:55:23,2024-09-01 01:37:49,79,265,22.79,2546,117.25,0.0,3.26,10.51,2.75,0.0,0.0,62.86,N,N,N,N,N
HV0005,B03406,,2024-09-01 00:08:41,,2024-09-01 00:16:34,2024-09-01 00:40:12,256,113,6.045,1418,31.5,0.0,0.87,2.8,2.75,0.0,6.83,23.38,N,N,N,N,N
HV0003,B03404,B03404,2024-09-01 00:32:17,2024-09-01 00:36:31,2024-09-01 00:36:31,2024-09-01 00:56:53,236,79,5.39,1222,18.06,0.0,0.5,1.61,2.75,0.0,0.0,19.21,N,N,N,N,N
HV0003,B03404,B03404,2024-09-01 00:55:30,2024-09-01 00:58:44,2024-09-01 00:59:52,2024-09-01 01:17:18,79,48,3.11,1046,22.61,0.0,0.63,2.01,2.75,0.0,0.0,14.39,N,N,N,N,N
HV0003,B03404,B03404,2024-09-01 00:04:15,2024-09-01 00:12:17,2024-09-01 00:12:17,2024-09-01 00:18:04,84,204,1.66,347,13.31,0.0,0.36,1.18,0.0,0.0,0.0,12.27,N,N,N,N,N
HV0003,B03404,B03404,2024-09-01 00:16:15,2024-09-01 00:20:47,2024-09-01 00:22:05,2024-09-01 00:35:51,204,109,5.63,826,26.32,0.0,0.72,2.34,0.0,0.0,5.87,15.89,N,N,N,N,N
HV0005,B03406,,2024-09-01 00:14:20,,2024-09-01 00:20:11,2024-09-01 00:32:06,100,163,1.312,715,18.22,0.0,0.5,1.62,2.75,0.0,5.0,8.77,N,N,N,N,N
HV0005,B03406,,2024-09-01 00:49:53,,2024-09-01 00:52:47,2024-09-01 01:03:51,231,90,2.761,664,17.98,0.0,0.49,1.59,2.75,0.0,0.0,10.24,N,N,N,N,N
HV0003,B03404,B03404,2024-09-01 00:01:28,2024-09-01 00:04:33,2024-09-01 00:05:54,2024-09-01 00:14:20,163,162,0.7,506,6.76,0.0,0.19,0.6,2.75,0.0,0.0,7.27,N,N,N,N,Y
HV0005,B03406,,2024-09-01 00:21:36,,2024-09-01 00:26:05,2024-09-01 00:54:41,145,106,8.835,1716,32.59,0.4,0.91,2.93,0.0,0.0,7.37,32.23,N,N,N,N,Y
HV0003,B03404,B03404,2024-09-01 00:03:23,2024-09-01 00:04:41,2024-09-01 00:04:41,2024-09-01 00:15:15,230,161,1.75,634,14.56,0.0,0.4,1.29,2.75,0.0,0.0,8.7,N,N,N,N,N
HV0003,B03404,B03404,2024-09-01 00:05:51,2024-09-01 00:08:27,2024-09-01 00:10:07,2024-09-01 00:16:19,4,79,1.03,372,21.26,0.0,0.62,2.01,2.75,0.0,0.0,11.25,N,N,N,N,N
HV0003,B03404,B03404,2024-09-01 00:34:13,2024-09-01 00:37:51,2024-09-01 00:39:08,2024-09-01 01:03:21,114,49,5.54,1453,33.92,0.0,0.93,3.01,2.75,0.0,0.0,23.26,N,N,N,N,N
HV0003,B03404,B03404,2024-09-01 00:33:36,2024-09-01 00:36:52,2024-09-01 00:38:52,2024-09-01 00:58:22,72,76,3.62,1170,19.81,0.0,0.55,1.76,0.0,0.0,0.0,16.29,N,N,N,N,N
HV0003,B03404,B03404,2024-09-01 00:00:03,2024-09-01 00:08:09,2024-09-01 00:08:43,2024-09-01 00:59:43,132,265,32.56,3060,134.9,6.94,3.77,12.81,0.0,2.5,24.13,79.64,N,N,N,N,N
HV0003,B03404,B03404,2024-08-31 23:56:42,2024-08-31 23:58:58,2024-09-01 00:00:59,2024-09-01 00:50:04,68,7,6.47,2945,26.72,0.0,0.71,2.27,2.75,0.0,0.0,37.41,N,N,N,N,N
HV0003,B03404,B03404,2024-09-01 00:50:59,2024-09-01 00:52:06,2024-09-01 00:53:25,2024-09-01 01:08:18,223,262,6.24,893,12.07,6.94,0.4,1.68,2.75,0.0,0.0,17.17,N,N,N,N,N
HV0003,B03404,B03404,2024-09-01 00:40:20,2024-09-01 00:41:32,2024-09-01 00:42:14,2024-09-01 00:58:08,137,7,7.9,954,25.41,6.94,0.71,2.88,2.75,0.0,0.0,21.01,N,N,N,N,N
HV0003,B03404,B03404,2024-09-01 00:21:30,2024-09-01 00:22:18,2024-09-01 00:24:18,2024-09-01 00:34:56,260,129,1.98,638,12.13,0.0,0.33,1.08,0.0,0.0,0.0,11.1,N,N,N,N,Y
HV0003,B03404,B03404,2024-09-01 00:35:29,2024-09-01 00:38:50,2024-09-01 00:39:07,2024-09-01 00:47:57,129,129,1.28,530,11.63,0.0,0.32,1.04,0.0,0.0,0.0,8.82,N,N,N,N,Y
HV0003,B03404,B03404,2024-09-01 00:47:27,2024-09-01 00:49:54,2024-09-01 00:51:55,2024-09-01 01:05:21,129,146,2.69,806,15.62,0.0,0.43,1.38,0.0,0.0,5.0,14.0,N,N,N,N,Y
HV0003,B03404,B03404,2024-09-01 00:40:40,2024-09-01 00:42:21,2024-09-01 00:43:09,2024-09-01 01:04:19,144,143,4.82,1270,45.63,0.0,1.34,4.31,2.75,0.0,0.0,28.47,N,N,N,N,N
HV0005,B03406,,2024-09-01 00:20:42,,2024-09-01 00:23:45,2024-09-01 00:36:41,233,148,2.425,776,27.0,0.0,0.74,2.4,2.75,0.0,0.0,18.34,N,N,N,N,N
HV0003,B03404,B03404,2024-08-31 23:48:49,2024-08-31 23:53:06,2024-09-01 00:02:43,2024-09-01 00:48:47,132,249,19.52,2764,77.23,0.0,2.19,7.06,2.75,2.5,0.0,66.84,N,N,N,N,Y
HV0003,B03404,B03404,2024-09-01 00:46:07,2024-09-01 00:51:18,2024-09-01 00:52:23,2024-09-01 01:01:51,249,107,1.59,568,13.59,0.0,0.37,1.21,2.75,0.0,0.0,10.84,N,N,N,N,Y
HV0003,B03404,B03404,2024-09-01 00:07:20,2024-09-01 00:10:11,2024-09-01 00:10:11,2024-09-01 00:34:17,107,83,7.34,1446,29.23,6.94,0.8,3.21,2.75,0.0,4.29,24.03,N,N,N,N,N
HV0003,B03404,B03404,2024-09-01 00:36:51,2024-09-01 00:40:43,2024-09-01 00:42:45,2024-09-01 00:52:16,83,260,1.75,571,11.81,0.0,0.34,1.11,0.0,0.0,1.0,7.93,N,N,N,N,N
HV0003,B03404,B03404,2024-09-01 00:54:22,2024-09-01 00:58:39,2024-09-01 00:58:51,2024-09-01 01:09:05,260,129,1.27,614,12.49,0.0,0.34,1.11,0.0,0.0,0.0,7.69,N,N,N,N,N
HV0003,B03404,B03404,2024-09-01 00:17:41,2024-09-01 00:21:40,2024-09-01 00:23:08,2024-09-01 00:43:05,234,145,4.1,1197,17.24,6.94,0.49,2.15,0.75,0.0,0.0,15.41,Y,Y,N,N,N
HV0003,B03404,B03404,2024-09-01 00:18:17,2024-09-01 00:26:14,2024-09-01 00:26:14,2024-09-01 00:30:51,234,107,0.66,277,5.96,0.0,0.16,0.53,0.75,0.0,0.0,2.71,Y,Y,N,N,N
HV0003,B03404,B03404,2024-09-01 00:48:06,2024-09-01 00:50:52,2024-09-01 00:51:13,2024-09-01 01:04:46,145,129,4.84,813,16.4,0.0,0.45,1.46,0.0,0.0,1.0,15.73,N,N,N,N,N
HV0003,B03404,B03404,2024-09-01 00:01:52,2024-09-01 00:06:21,2024-09-01 00:06:29,2024-09-01 00:23:55,41,140,3.7,1046,20.83,0.0,0.58,1.85,2.75,0.0,0.0,15.19,N,N,N,N,N
HV0003,B03404,B03404,2024-09-01 00:25:37,2024-09-01 00:26:57,2024-09-01 00:28:18,2024-09-01 00:33:23,141,236,0.87,305,8.23,0.0,0.15,0.48,2.75,0.0,0.0,5.39,N,N,N,N,N
HV0003,B03404,B03404,2024-09-01 00:40:35,2024-09-01 00:41:29,2024-09-01 00:45:04,2024-09-01 01:08:10,229,25,7.61,1386,29.73,0.0,0.81,2.64,2.75,0.0,0.0,23.82,N,N,N,N,N
HV0003,B03404,B03404,2024-09-01 00:20:41,2024-09-01 00:21:22,2024-09-01 00:23:22,2024-09-01 00:32:18,244,243,1.89,536,12.58,0.0,0.28,0.93,0.0,0.0,0.0,7.78,N,N,N,N,N
HV0003,B03404,B03404,2024-09-01 00:32:24,2024-09-01 00:39:30,2024-09-01 00:39:55,2024-09-01 01:26:37,127,256,15.24,2802,42.92,0.0,1.26,4.05,2.75,0.0,0.0,47.96,N,N,N,N,N
HV0003,B03404,B03404,2024-08-31 23:55:10,2024-09-01 00:06:59,2024-09-01 00:08:01,2024-09-01 00:22:16,249,48,2.65,855,23.84,0.0,0.65,2.11,2.75,0.0,10.0,12.34,N,N,N,N,N
HV0003,B03404,B03404,2024-09-01 00:29:02,2024-09-01 00:31:12,2024-09-01 00:31:12,2024-09-01 00:38:44,161,143,1.48,452,14.52,0.0,0.4,1.29,2.75,0.0,0.0,6.4,N,N,N,N,N
HV0003,B03404,B03404,2024-09-01 00:38:42,2024-09-01 00:40:03,2024-09-01 00:42:03,2024-09-01 00:57:51,143,170,3.13,948,20.2,0.0,0.56,1.8,2.75,0.0,0.0,13.47,N,N,N,N,N
HV0003,B03404,B03404,2024-08-31 23:59:58,2024-09-01 00:05:43,2024-09-01 00:06:09,2024-09-01 00:27:05,80,255,2.78,1256,22.71,0.0,0.66,2.15,0.0,0.0,0.0,15.98,N,N,N,N,N
HV0003,B03404,B03404,2024-09-01 00:13:18,2024-09-01 00:28:43,2024-09-01 00:28:57,2024-09-01 00:53:35,255,17,4.22,1478,33.1,0.0,0.91,2.94,0.0,0.0,0.0,21.1,N,N,N,N,N
HV0003,B03404,B03404,2024-09-01 00:54:09,2024-09-01 00:55:51,2024-09-01 00:56:02,2024-09-01 01:22:27,225,237,10.21,1585,31.61,6.94,0.87,3.42,2.75,0.0,0.0,29.29,N,N,N,N,N
HV0005,B03406,,2024-09-01 00:36:57,,2024-09-01 00:44:46,2024-09-01 01:06:22,145,180,9.271,1296,33.62,0.0,0.79,2.54,0.0,0.0,0.0,25.29,N,N,N,N,N
HV0003,B03404,B03404,2024-09-01 00:02:24,2024-09-01 00:04:08,2024-09-01 00:05:06,2024-09-01 00:23:44,119,192,11.32,1118,22.64,6.94,0.66,2.61,0.0,0.0,5.0,26.26,N,N,N,N,N
HV0003,B03404,B03404,2024-09-01 00:28:46,2024-09-01 00:33:00,2024-09-01 00:35:00,2024-09-01 00:43:36,28,130,0.7,516,10.34,0.0,0.28,0.91,0.0,0.0,0.0,12.72,N,N,N,N,N
HV0003,B03404,B03404,2024-09-01 00:45:18,2024-09-01 00:45:30,2024-09-01 00:46:30,2024-09-01 01:02:06,130,95,3.88,936,20.56,0.0,0.57,1.82,0.0,0.0,0.0,14.37,N,N,N,N,N
HV0003,B03404,B03404,2024-08-31 23:57:20,2024-08-31 23:58:49,2024-09-01 00:00:09,2024-09-01 00:04:35,211,114,0.74,266,20.13,0.0,0.45,1.44,2.75,0.0,0.0,16.65,N,N,N,N,N
HV0003,B03404,B03404,2024-09-01 00:06:56,2024-09-01 00:08:57,2024-09-01 00:12:00,2024-09-01 00:21:35,211,90,2.18,575,31.41,0.0,0.86,2.78,2.75,0.0,0.0,15.74,N,N,N,N,N
HV0003,B03404,B03404,2024-08-31 23:59:18,2024-09-01 00:05:23,2024-09-01 00:06:12,2024-09-01 00:18:23,118,115,4.12,731,21.48,0.0,0.59,1.9,0.0,0.0,0.0,15.89,N,N,N,N,N
HV0003,B03404,B03404,2024-09-01 00:12:38,2024-09-01 00:19:51,2024-09-01 00:21:25,2024-09-01 00:56:17,115,85,13.03,2092,27.74,0.0,0.76,2.47,0.0,0.0,0.0,25.87,Y,Y,N,N,N
HV0003,B03404,B03404,2024-09-01 00:23:23,2024-09-01 00:28:43,2024-09-01 00:29:30,2024-09-01 01:11:03,6,91,13.68,2493,23.13,0.0,0.64,2.07,0.0,0.0,0.0,30.65,Y,Y,N,N,N
HV0003,B03404,B03404,2024-08-31 23:21:32,2024-09-01 00:03:48,2024-09-01 00:05:40,2024-09-01 00:29:46,93,97,11.15,1446,56.82,0.0,1.56,5.04,0.0,0.0,0.0,41.96,N,N,N,N,N
HV0003,B03404,B03404,2024-09-01 00:29:08,2024-09-01 00:34:20,2024-09-01 00:35:33,2024-09-01 01:01:00,65,22,11.26,1527,36.78,0.0,1.01,3.26,0.0,0.0,0.0,30.15,N,N,N,N,N
HV0005,B03406,,2024-09-01 00:20:04,,2024-09-01 00:22:55,2024-09-01 00:40:56,48,193,4.118,1081,20.52,0.0,0.56,1.82,2.75,0.0,0.0,16.15,N,N,N,N,N
HV0005,B03406,,2024-09-01 00:51:17,,2024-09-01 00:54:26,2024-09-01 01:25:26,112,123,13.515,1860,44.49,0.28,1.23,3.97,0.0,0.0,0.0,36.58,N,N,N,N,N
HV0003,B03404,B03404,2024-09-01 00:03:23,2024-09-01 00:06:22,2024-09-01 00:06:47,2024-09-01 00:28:21,256,265,6.05,1294,45.7,20.0,1.26,0.0,0.0,0.0,13.39,33.28,N,N,N,N,N
HV0005,B03406,,2024-09-01 00:46:52,,2024-09-01 00:50:19,2024-09-01 00:57:22,231,249,1.158,423,20.76,0.0,0.57,1.84,2.75,0.0,0.0,12.03,N,N,N,N,N
HV0003,B03404,B03404,2024-09-01 00:11:33,2024-09-01 00:17:30,2024-09-01 00:18:16,2024-09-01 00:40:57,256,225,3.7,1361,27.76,0.0,0.77,2.46,0.0,0.0,0.0,20.0,N,N,N,N,N
HV0003,B03404,B03404,2024-09-01 00:41:47,2024-09-01 00:47:10,2024-09-01 00:47:24,2024-09-01 00:57:20,225,61,1.77,596,13.37,0.0,0.37,1.21,0.0,0.0,1.0,8.2,N,N,N,N,N
HV0003,B03404,B03404,2024-09-01 00:34:20,2024-09-01 00:37:10,2024-09-01 00:41:42,2024-09-01 00:56:46,211,164,2.29,904,42.77,0.0,1.17,3.78,2.75,0.0,0.0,29.11,N,N,N,N,N
HV0003,B03404,B03404,2024-09-01 00:03:19,2024-09-01 00:14:04,2024-09-01 00:14:30,2024-09-01 00:28:13,255,157,2.72,823,39.01,0.0,1.07,3.46,0.0,0.0,0.0,19.51,N,N,N,N,N
HV0003,B03404,B03404,2024-09-01 00:37:34,2024-09-01 00:39:36,2024-09-01 00:40:21,2024-09-01 01:39:19,36,22,9.25,3538,52.36,0.0,1.25,4.06,0.0,0.0,10.2,48.71,N,N,N,N,N
HV0005,B03406,,2024-09-01 00:16:08,,2024-09-01 00:22:59,2024-09-01 00:37:09,230,151,3.303,850,17.3,0.0,0.43,1.39,2.75,0.0,0.0,12.79,N,N,N,N,N
HV0005,B03406,,2024-09-01 00:37:37,,2024-09-01 00:40:51,2024-09-01 00:56:11,151,42,2.579,920,16.12,0.0,0.44,1.43,0.0,0.0,3.24,12.49,N,N,N,N,N
HV0003,B03404,B03404,2024-09-01 00:05:34,2024-09-01 00:12:01,2024-09-01 00:12:03,2024-09-01 00:30:28,76,91,2.97,1105,19.62,0.0,0.53,1.75,0.0,0.0,0.0,14.78,N,N,N,N,N
HV0003,B03404,B03404,2024-09-01 00:42:14,2024-09-01 00:44:57,2024-09-01 00:45:25,2024-09-01 00:57:43,91,72,2.3,738,12.49,0.0,0.34,1.11,0.0,0.0,0.0,10.3,N,N,N,N,N
HV0003,B03404,B03404,2024-09-01 00:05:24,2024-09-01 00:11:28,2024-09-01 00:12:16,2024-09-01 00:18:45,123,55,1.64,389,10.43,0.0,0.28,0.93,0.0,0.0,1.0,6.01,N,N,N,N,N
HV0003,B03404,B03404,2024-09-01 00:27:18,2024-09-01 00:29:52,2024-09-01 00:30:12,2024-09-01 00:34:40,29,55,1.3,268,8.33,0.0,0.23,0.74,0.0,0.0,1.0,5.4,N,N,N,N,N
HV0003,B03404,B03404,2024-08-31 23:59:26,2024-09-01 00:02:55,2024-09-01 00:03:51,2024-09-01 00:21:12,71,39,2.6,1041,16.98,0.0,0.46,1.5,0.0,0.0,0.0,15.29,N,N,N,N,N
HV0003,B03404,B03404,2024-09-01 00:21:30,2024-09-01 00:24:43,2024-09-01 00:26:39,2024-09-01 00:40:26,39,124,5.39,827,172.39,0.0,0.62,1.99,0.0,0.0,0.0,1.63,N,N,N,N,N
HV0005,B03406,,2024-09-01 00:03:39,,2024-09-01 00:07:58,2024-09-01 00:38:01,129,181,9.688,1803,31.56,0.15,0.78,2.5,0.0,0.0,0.0,36.8,N,N,N,N,N
HV0005,B03406,,2024-09-01 00:26:48,,2024-09-01 00:40:17,2024-09-01 00:49:24,181,25,1.424,547,8.91,0.0,0.25,0.79,0.0,0.0,2.0,7.27,N,N,N,N,N
HV0005,B03406,,2024-09-01 00:46:55,,2024-09-01 00:55:30,2024-09-01 01:07:27,25,61,1.78,717,14.31,0.0,0.4,1.28,0.0,0.0,0.0,15.67,N,N,N,N,N
HV0003,B03404,B03404,2024-09-01 00:45:05,2024-09-01 00:46:13,2024-09-01 00:46:34,2024-09-01 01:22:15,230,188,12.85,2141,44.08,0.0,1.21,3.9,2.75,0.0,5.19,38.28,N,N,N,N,N
HV0003,B03404,B03404,2024-09-01 00:11:07,2024-09-01 00:15:55,2024-09-01 00:15:57,2024-09-01 00:37:10,189,231,4.07,1273,43.03,0.0,1.19,3.82,2.75,0.0,5.07,26.99,N,N,N,N,N
HV0003,B03404,B03404,2024-09-01 00:38:48,2024-09-01 00:39:47,2024-09-01 00:41:04,2024-09-01 01:11:30,231,102,12.6,1826,55.15,0.0,1.52,4.9,2.75,0.0,0.0,50.32,N,N,N,N,N
HV0003,B03404,B03404,2024-08-31 23:56:09,2024-09-01 00:02:02,2024-09-01 00:02:24,2024-09-01 00:11:16,80,198,1.88,532,11.47,0.0,0.31,1.02,0.0,0.0,0.0,9.23,N,N,N,N,N
HV0003,B03404,B03404,2024-09-01 00:09:19,2024-09-01 00:16:46,2024-09-01 00:17:43,2024-09-01 00:36:28,80,255,2.23,1125,51.02,0.0,1.4,4.52,0.0,0.0,0.0,25.56,N,N,N,N,N
HV0003,B03404,B03404,2024-09-01 00:33:16,2024-09-01 00:37:02,2024-09-01 00:37:31,2024-09-01 00:56:14,255,144,3.1,1123,40.54,0.0,1.12,3.6,2.75,0.0,0.0,20.28,N,N,N,N,N
HV0003,B03404,B03404,2024-08-31 23:58:37,2024-08-31 23:59:55,2024-09-01 00:01:00,2024-09-01 00:21:26,228,181,3.41,1226,18.74,0.0,0.52,1.67,0.0,0.0,0.0,16.55,N,N,N,N,N
HV0003,B03404,B03404,2024-09-01 00:07:00,2024-09-01 00:26:51,2024-09-01 00:28:23,2024-09-01 00:45:26,181,228,3.34,1023,20.52,0.0,0.57,1.82,0.0,0.0,0.0,16.48,N,N,N,N,N
HV0005,B03406,,2024-09-01 00:19:51,,2024-09-01 00:24:54,2024-09-01 00:29:58,76,76,0.745,304,8.11,0.0,0.2,0.64,0.0,0.0,0.0,5.47,N,N,N,N,N
HV0003,B03404,B03404,2024-09-01 00:11:13,2024-09-01 00:11:46,2024-09-01 00:11:50,2024-09-01 00:14:10,205,38,0.73,140,5.43,0.0,0.15,0.48,0.0,0.0,0.0,5.4,N,N,N,N,N
HV0003,B03404,B03404,2024-09-01 00:15:54,2024-09-01 00:23:59,2024-09-01 00:23:59,2024-09-01 00:30:38,219,132,3.37,399,15.34,0.0,0.5,1.59,0.0,2.5,0.0,8.46,N,N,N,N,N
HV0003,B03404,B03404,2024-09-01 00:30:25,2024-09-01 00:38:38,2024-09-01 00:39:30,2024-09-01 00:57:04,132,265,10.04,1054,43.16,0.0,1.26,4.05,0.0,2.5,0.0,25.25,N,N,N,N,N
HV0005,B03406,,2024-09-01 00:08:44,,2024-09-01 00:12:18,2024-09-01 00:37:17,163,198,6.467,1499,30.49,0.0,0.84,2.71,2.75,0.0,0.0,23.44,N,N,N,N,N
HV0003,B03404,B03404,2024-09-01 00:31:17,2024-09-01 00:38:20,2024-09-01 00:39:12,2024-09-01 00:46:56,191,38,1.5,464,10.69,0.0,0.29,0.95,0.0,0.0,0.0,7.15,N,N,N,N,Y
HV0003,B03404,B03404,2024-09-01 00:46:26,2024-09-01 00:50:56,2024-09-01 00:52:22,2024-09-01 01:27:49,38,86,11.51,2127,29.37,0.0,0.8,2.61,0.0,0.0,0.0,40.92,N,N,N,N,Y
HV0003,B03404,B03404,2024-09-01 00:48:49,2024-09-01 00:52:56,2024-09-01 00:53:26,2024-09-01 01:19:49,161,215,13.24,1583,38.45,6.94,1.06,4.03,2.75,0.0,0.0,33.39,N,N,N,N,N
HV0003,B03404,B03404,2024-09-01 00:03:26,2024-09-01 00:06:21,2024-09-01 00:07:37,2024-09-01 00:25:30,162,148,3.43,1073,20.23,0.0,0.55,1.79,2.75,0.0,0.0,15.63,N,N,N,N,N
HV0003,B03404,B03404,2024-09-01 00:22:38,2024-09-01 00:27:25,2024-09-01 00:29:26,2024-09-01 00:57:32,148,198,6.39,1686,30.89,0.0,0.85,2.73,2.75,0.0,5.39,25.08,N,N,N,N,N
HV0005,B03406,,2024-09-01 00:32:08,,2024-09-01 00:34:41,2024-09-01 01:04:41,85,198,5.582,1800,30.15,0.0,0.83,2.68,0.0,0.0,0.0,25.17,N,N,N,N,N
HV0005,B03406,,2024-09-01 00:19:09,,2024-09-01 00:24:58,2024-09-01 01:02:28,48,198,7.954,2250,51.42,0.11,1.42,4.57,2.75,0.0,40.0,35.87,N,N,N,N,Y
HV0003,B03404,B03404,2024-08-31 23:59:34,2024-09-01 00:03:49,2024-09-01 00:04:11,2024-09-01 00:14:43,35,63,1.85,632,10.35,0.0,0.28,0.9,0.0,0.0,0.0,8.66,N,N,N,N,N
HV0003,B03404,B03404,2024-09-01 00:12:59,2024-09-01 00:17:21,2024-09-01 00:18:02,2024-09-01 00:22:33,76,76,1.06,271,11.56,0.0,0.32,1.03,0.0,0.0,0.0,6.9,N,N,N,N,N
HV0003,B03404,B03404,2024-09-01 00:18:18,2024-09-01 00:23:49,2024-09-01 00:24:20,2024-09-01 00:39:31,76,198,3.3,911,23.29,0.0,0.64,2.07,0.0,0.0,3.9,13.34,N,N,N,N,N
HV0003,B03404,B03404,2024-09-01 00:35:53,2024-09-01 00:43:13,2024-09-01 00:43:56,2024-09-01 00:54:48,198,102,2.03,652,12.48,0.0,0.34,1.11,0.0,0.0,0.0,9.1,N,N,N,N,N
HV0003,B03404,B03404,2024-09-01 00:51:31,2024-09-01 00:58:45,2024-09-01 00:58:56,2024-09-01 01:05:48,96,258,1.98,412,9.63,0.0,0.26,0.85,0.0,0.0,0.0,6.7,N,N,N,N,N
HV0005,B03406,,2024-09-01 00:06:44,,2024-09-01 00:09:52,2024-09-01 00:14:55,41,41,1.023,303,8.06,0.0,0.22,0.71,0.0,0.0,1.0,5.47,N,N,N,N,N
HV0005,B03406,,2024-09-01 00:25:44,,2024-09-01 00:28:44,2024-09-01 00:36:24,151,41,1.194,460,11.38,0.0,0.31,1.01,0.0,0.0,0.0,6.11,N,N,N,N,N
HV0003,B03404,B03404,2024-09-01 00:01:44,2024-09-01 00:07:03,2024-09-01 00:09:44,2024-09-01 00:25:57,37,61,2.52,973,16.71,0.0,0.48,1.57,0.0,0.0,0.0,12.88,N,N,N,N,N
HV0003,B03404,B03404,2024-09-01 00:23:41,2024-09-01 00:26:31,2024-09-01 00:28:12,2024-09-01 00:37:56,61,225,1.61,584,10.37,0.0,0.28,0.92,0.0,0.0,0.0,7.86,N,N,N,N,N
HV0003,B03404,B03404,2024-09-01 00:37:48,2024-09-01 00:42:19,2024-09-01 00:42:44,2024-09-01 00:51:29,225,37,1.34,525,10.71,0.0,0.29,0.95,0.0,0.0,0.0,6.92,N,N,N,N,N
HV0003,B03404,B03404,2024-09-01 00:50:40,2024-09-01 00:54:47,2024-09-01 00:56:22,2024-09-01 01:25:00,37,188,5.22,1718,25.89,0.0,0.71,2.3,0.0,0.0,0.0,23.79,N,N,N,N,N
HV0005,B03406,,2024-09-01 00:09:29,,2024-09-01 00:11:42,2024-09-01 00:30:02,256,231,4.098,1100,23.39,0.0,0.64,2.07,2.75,0.0,0.0,18.82,N,N,N,N,N
HV0005,B03406,,2024-09-01 00:30:45,,2024-09-01 00:36:10,2024-09-01 00:51:40,231,25,3.33,930,19.93,0.32,0.56,1.8,2.75,0.0,0.0,13.61,N,N,N,N,N
HV0005,B03406,,2024-09-01 00:47:51,,2024-09-01 00:52:02,2024-09-01 01:06:59,25,49,2.269,897,18.93,0.0,0.52,1.68,0.0,0.0,0.0,15.84,N,N,N,N,N
HV0005,B03406,,2024-09-01 00:26:17,,2024-09-01 00:29:33,2024-09-01 00:40:15,79,148,0.585,642,12.32,0.0,0.34,1.09,2.75,0.0,0.0,8.04,N,N,N,N,N
HV0005,B03406,,2024-09-01 00:34:46,,2024-09-01 00:41:30,2024-09-01 00:55:56,148,186,2.668,866,26.03,0.0,0.72,2.31,2.75,0.0,0.0,12.09,N,N,N,N,N
HV0003,B03404,B03404,2024-09-01 00:19:35,2024-09-01 00:22:36,2024-09-01 00:24:36,2024-09-01 00:28:21,145,145,0.42,225,6.9,0.0,0.2,0.65,0.0,0.0,0.0,5.49,N,N,N,N,N
HV0003,B03404,B03404,2024-09-01 00:28:03,2024-09-01 00:31:21,2024-09-01 00:31:22,2024-09-01 00:44:43,145,256,3.03,801,23.44,0.0,0.66,2.18,0.0,0.0,0.0,12.9,N,N,N,N,N
HV0003,B03404,B03404,2024-09-01 00:42:58,2024-09-01 00:45:40,2024-09-01 00:47:39,2024-09-01 00:59:14,255,17,1.96,695,20.58,0.0,0.56,1.83,0.0,0.0,0.0,10.92,N,N,N,N,N
HV0003,B03404,B03404,2024-09-01 00:00:10,2024-09-01 00:02:45,2024-09-01 00:04:15,2024-09-01 00:11:03,228,14,1.1,408,8.52,0.0,0.23,0.76,0.0,0.0,0.0,5.46,N,N,N,N,N
HV0003,B03404,B03404,2024-09-01 00:30:19,2024-09-01 00:33:49,2024-09-01 00:33:50,2024-09-01 00:40:39,14,67,1.41,409,8.35,0.0,0.24,0.79,0.0,0.0,0.0,5.9,N,N,N,N,N
HV0003,B03404,B03404,2024-09-01 00:44:02,2024-09-01 00:46:53,2024-09-01 00:47:44,2024-09-01 01:08:57,227,89,3.88,1273,24.17,0.0,0.67,2.14,0.0,0.0,0.0,17.65,N,N,N,N,N
HV0003,B03404,B03404,2024-09-01 00:07:10,2024-09-01 00:16:58,2024-09-01 00:18:59,2024-09-01 00:24:22,36,80,0.65,323,17.34,0.0,0.48,1.54,0.0,0.0,0.0,9.02,N,N,N,N,N
HV0003,B03404,B03404,2024-09-01 00:19:44,2024-09-01 00:25:38,2024-09-01 00:26:10,2024-09-01 01:05:17,80,68,9.64,2347,46.36,6.94,1.29,4.72,2.75,0.0,0.0,39.92,N,N,N,N,N
HV0005,B03406,,2024-09-01 00:22:51,,2024-09-01 00:27:36,2024-09-01 00:45:57,170,74,6.257,1101,24.03,0.17,0.67,2.15,2.75,0.0,7.44,19.27,N,N,N,N,N
HV0003,B03404,B03404,2024-08-31 23:58:29,2024-09-01 00:04:44,2024-09-01 00:05:08,2024-09-01 00:30:31,255,196,6.51,1523,25.48,0.0,0.73,2.36,0.0,0.0,0.0,24.9,N,N,N,N,N
HV0003,B03404,B03404,2024-09-01 00:29:23,2024-09-01 00:33:56,2024-09-01 00:34:26,2024-09-01 00:52:40,196,37,6.15,1094,24.17,0.0,0.66,2.13,0.0,0.0,0.0,18.99,N,N,N,N,N
HV0003,B03404,B03404,2024-09-01 00:53:16,2024-09-01 00:54:52,2024-09-01 00:55:32,2024-09-01 01:00:35,37,177,0.67,303,8.89,0.0,0.24,0.79,0.0,0.0,0.0,5.39,N,N,N,N,N
HV0005,B03406,,2024-08-31 23:56:38,,2024-09-01 00:01:02,2024-09-01 00:20:16,68,142,2.932,1154,20.77,0.0,0.52,1.69,2.75,0.0,0.0,15.25,N,N,N,N,N
HV0003,B03404,B03404,2024-08-31 23:52:42,2024-09-01 00:00:01,2024-09-01 00:00:46,2024-09-01 00:12:08,164,229,1.78,682,17.52,0.0,0.48,1.56,2.75,0.0,0.0,9.62,N,N,N,N,N
HV0003,B03404,B03404,2024-09-01 00:35:58,2024-09-01 00:36:13,2024-09-01 00:37:21,2024-09-01 00:47:08,263,137,2.89,587,14.45,0.0,0.42,1.37,2.75,0.0,0.0,9.63,N,N,N,N,N
HV0003,B03404,B03404,2024-09-01 00:48:42,2024-09-01 00:55:01,2024-09-01 00:56:32,2024-09-01 01:36:00,79,265,8.38,2368,48.62,20.0,1.33,0.0,0.0,0.0,0.0,36.29,N,N,N,N,N
HV0003,B03404,B03404,2024-09-01 00:09:07,2024-09-01 00:14:04,2024-09-01 00:16:05,2024-09-01 00:41:38,97,97,1.42,1533,27.88,0.0,0.76,2.48,0.0,0.0,0.0,17.21,N,N,N,N,N
HV0003,B03404,B03404,2024-09-01 00:43:02,2024-09-01 00:46:31,2024-09-01 00:47:21,2024-09-01 01:11:13,65,89,6.93,1432,30.37,0.0,0.89,2.87,0.0,0.0,7.21,25.84,N,N,N,N,N
HV0003,B03404,B03404,2024-09-01 00:06:26,2024-09-01 00:10:06,2024-09-01 00:11:05,2024-09-01 00:24:30,181,61,2.52,805,14.28,0.0,0.39,1.27,0.0,0.0,2.0,11.48,N,N,N,N,N
HV0003,B03404,B03404,2024-09-01 00:31:24,2024-09-01 00:32:14,2024-09-01 00:34:15,2024-09-01 01:05:36,49,76,6.5,1881,38.39,0.0,1.06,3.4,0.0,0.0,0.0,30.35,N,N,N,N,N
HV0003,B03404,B03404,2024-08-31 23:58:55,2024-09-01 00:01:16,2024-09-01 00:02:14,2024-09-01 00:20:08,48,233,1.66,1074,18.1,0.0,0.5,1.61,2.75,0.0,3.44,12.7,N,N,N,N,N
HV0003,B03404,B03404,2024-09-01 00:29:16,2024-09-01 00:31:04,2024-09-01 00:33:04,2024-09-01 01:14:14,164,244,9.53,2470,20.17,0.0,0.56,1.79,0.75,0.0,0.0,18.84,Y,Y,N,N,N
HV0003,B03404,B03404,2024-09-01 00:28:13,2024-09-01 00:38:31,2024-09-01 00:38:31,2024-09-01 00:59:42,164,74,4.89,1271,19.33,0.0,0.53,1.72,0.75,0.0,4.46,7.87,Y,Y,N,N,N
HV0003,B03404,B03404,2024-09-01 00:46:24,2024-09-01 00:48:48,2024-09-01 00:49:39,2024-09-01 01:26:40,43,116,8.96,2221,21.84,0.0,0.6,1.94,0.75,0.0,2.51,20.23,Y,Y,N,N,N
HV0003,B03404,B03404,2024-09-01 00:08:32,2024-09-01 00:12:58,2024-09-01 00:14:09,2024-09-01 00:55:44,79,188,6.95,2495,27.98,0.0,0.77,2.48,2.75,0.0,0.0,33.69,N,N,N,N,N
HV0003,B03404,B03404,2024-09-01 00:16:46,2024-09-01 00:20:59,2024-09-01 00:23:00,2024-09-01 00:27:27,197,130,0.67,267,8.44,0.0,0.23,0.75,0.0,0.0,0.0,5.68,N,N,N,N,N
HV0003,B03404,B03404,2024-09-01 00:24:30,2024-09-01 00:30:55,2024-09-01 00:31:28,2024-09-01 00:39:23,28,130,0.84,475,8.93,0.0,0.24,0.79,0.0,0.0,0.0,5.76,N,N,N,N,N
HV0003,B03404,B03404,2024-09-01 00:35:03,2024-09-01 00:40:39,2024-09-01 00:42:40,2024-09-01 01:18:39,130,72,8.21,2159,42.41,0.0,1.16,3.76,0.0,0.0,5.0,32.15,N,N,N,N,N
HV0005,B03406,,2024-09-01 00:01:27,,2024-09-01 00:06:57,2024-09-01 00:30:52,234,148,3.531,1435,22.41,0.0,0.61,1.96,2.75,0.0,0.0,18.82,N,N,N,N,N
HV0005,B03406,,2024-09-01 00:28:21,,2024-09-01 00:34:19,2024-09-01 00:56:55,232,129,8.06,1356,25.21,0.0,0.68,2.21,2.75,0.0,5.0,24.22,N,N,N,N,N
HV0003,B03404,B03404,2024-09-01 00:42:02,2024-09-01 00:45:51,2024-09-01 00:46:29,2024-09-01 01:05:51,211,236,4.93,1162,30.47,0.0,0.89,2.88,2.75,0.0,7.78,17.99,N,N,N,N,N
HV0003,B03404,B03404,2024-09-01 00:13:35,2024-09-01 00:18:43,2024-09-01 00:20:43,2024-09-01 00:27:42,197,197,1.22,419,7.81,0.0,0.21,0.7,0.0,0.0,0.0,5.73,N,N,N,N,N
HV0003,B03404,B03404,2024-09-01 00:21:45,2024-09-01 00:31:23,2024-09-01 00:33:10,2024-09-01 00:58:31,197,198,6.08,1521,16.31,0.0,0.45,1.45,0.0,0.0,0.0,14.86,Y,Y,N,N,N
HV0003,B03404,B03404,2024-09-01 00:29:02,2024-09-01 00:39:51,2024-09-01 00:40:28,2024-09-01 01:08:30,197,36,6.12,1682,18.36,0.0,0.51,1.63,0.0,0.0,0.0,16.49,Y,Y,N,N,N
HV0003,B03404,B03404,2024-09-01 00:24:18,2024-09-01 00:27:09,2024-09-01 00:28:37,2024-09-01 00:43:48,234,142,3.41,911,22.59,0.0,0.63,2.01,2.75,0.0,0.0,13.49,N,N,N,N,N
HV0003,B03404,B03404,2024-09-01 00:46:43,2024-09-01 00:47:29,2024-09-01 00:48:03,2024-09-01 00:59:12,48,170,1.87,669,13.62,0.0,0.37,1.21,2.75,0.0,0.0,9.04,N,N,N,N,N
HV0005,B03406,,2024-09-01 00:03:03,,2024-09-01 00:06:43,2024-09-01 00:18:42,189,97,1.074,719,8.84,0.0,0.24,0.78,0.0,0.0,0.0,8.48,N,N,N,N,N
HV0005,B03406,,2024-09-01 00:26:10,,2024-09-01 00:28:29,2024-09-01 00:47:42,189,85,3.317,1153,26.76,0.0,0.74,2.38,0.0,0.0,0.0,15.77,N,N,N,N,N
HV0003,B03404,B03404,2024-08-31 23:57:41,2024-09-01 00:00:38,2024-09-01 00:01:00,2024-09-01 00:08:26,148,231,0.97,446,8.6,0.0,0.25,0.82,2.75,0.0,0.0,5.65,N,N,N,N,N
HV0003,B03404,B03404,2024-09-01 00:11:35,2024-09-01 00:14:22,2024-09-01 00:15:50,2024-09-01 00:37:22,114,48,4.09,1292,27.98,0.0,0.82,2.64,2.75,0.0,0.0,18.11,N,N,N,N,N
HV0003,B03404,B03404,2024-09-01 00:35:06,2024-09-01 00:40:10,2024-09-01 00:42:56,2024-09-01 00:51:41,142,143,1.12,525,12.74,0.0,0.37,1.21,2.75,0.0,0.0,6.99,N,N,N,N,N
HV0003,B03404,B03404,2024-09-01 00:51:33,2024-09-01 00:51:42,2024-09-01 00:53:42,2024-09-01 01:10:00,143,116,5.18,978,22.89,0.0,0.63,2.03,2.75,0.0,0.0,16.54,N,N,N,N,N
HV0003,B03404,B03404,2024-09-01 00:34:14,2024-09-01 00:35:26,2024-09-01 00:36:23,2024-09-01 00:50:46,144,141,3.91,863,24.84,0.0,0.69,2.2,2.75,0.0,3.04,16.29,N,N,N,N,N
HV0003,B03404,B03404,2024-09-01 00:05:14,2024-09-01 00:09:44,2024-09-01 00:11:44,2024-09-01 00:34:18,235,168,6.56,1354,35.53,0.0,0.98,3.17,0.0,0.0,0.0,23.12,N,N,N,N,N
HV0003,B03404,B03404,2024-09-01 00:39:00,2024-09-01 00:42:30,2024-09-01 00:42:30,2024-09-01 00:54:40,168,208,6.45,730,22.24,0.0,0.61,1.97,0.0,0.0,0.0,15.87,N,N,N,N,N
HV0003,B03404,B03404,2024-09-01 00:53:52,2024-09-01 00:55:48,2024-09-01 00:57:43,2024-09-01 01:11:12,208,167,4.91,809,18.38,0.0,0.43,1.37,0.0,0.0,0.0,14.54,N,N,N,N,N
HV0003,B03404,B03404,2024-09-01 00:18:50,2024-09-01 00:22:35,2024-09-01 00:23:39,2024-09-01 00:58:19,7,265,22.53,2080,59.48,6.94,1.64,5.89,0.0,0.0,0.0,54.71,N,N,N,N,N
HV0003,B03404,B03404,2024-08-31 23:55:18,2024-09-01 00:03:55,2024-09-01 00:04:48,2024-09-01 00:28:20,196,215,5.11,1412,25.95,0.0,0.72,2.3,0.0,0.0,0.0,20.67,N,N,N,N,N
HV0003,B03404,B03404,2024-09-01 00:21:12,2024-09-01 00:22:15,2024-09-01 00:23:01,2024-09-01 00:35:40,82,129,3.92,759,12.37,0.0,0.34,1.1,0.0,0.0,0.0,12.7,N,N,N,N,N
HV0003,B03404,B03404,2024-09-01 00:45:40,2024-09-01 00:50:47,2024-09-01 00:51:04,2024-09-01 01:04:04,80,256,1.97,780,25.93,0.0,0.71,2.3,0.0,0.0,5.78,11.51,N,N,N,N,N
HV0003,B03404,B03404,2024-09-01 00:38:28,2024-09-01 00:42:52,2024-09-01 00:42:57,2024-09-01 01:03:48,113,74,5.54,1251,25.43,0.0,0.7,2.26,2.75,0.0,0.0,20.0,N,N,N,N,N
HV0003,B03404,B03404,2024-09-01 00:00:50,2024-09-01 00:05:46,2024-09-01 00:06:59,2024-09-01 00:13:46,177,35,0.94,407,9.24,0.0,0.25,0.82,0.0,0.0,0.0,5.4,N,N,N,N,N
HV0003,B03404,B03404,2024-09-01 00:11:35,2024-09-01 00:15:48,2024-09-01 00:15:48,2024-09-01 00:23:16,35,77,1.42,448,9.18,0.0,0.27,0.87,0.0,0.0,0.0,6.29,N,N,N,N,N
HV0003,B03404,B03404,2024-09-01 00:24:04,2024-09-01 00:25:46,2024-09-01 00:26:15,2024-09-01 00:48:14,77,197,4.5,1319,24.17,0.0,0.67,2.14,0.0,0.0,0.0,18.93,N,N,N,N,N
HV0003,B03404,B03404,2024-09-01 00:47:31,2024-09-01 00:51:14,2024-09-01 00:51:21,2024-09-01 01:27:22,197,72,8.41,2161,34.94,0.0,0.96,3.1,0.0,0.0,0.0,32.49,N,N,N,N,N
HV0003,B03404,B03404,2024-09-01 00:05:11,2024-09-01 00:07:38,2024-09-01 00:08:25,2024-09-01 00:12:27,242,250,0.86,242,8.88,0.0,0.24,0.78,0.0,0.0,0.0,5.39,N,N,N,N,N
HV0003,B03404,B03404,2024-09-01 00:12:13,2024-09-01 00:14:10,2024-09-01 00:14:54,2024-09-01 00:50:04,250,17,16.96,2110,34.33,6.94,0.98,3.65,0.0,0.0,0.0,43.57,N,N,N,N,N
HV0003,B03404,B03404,2024-09-01 00:49:59,2024-09-01 00:51:58,2024-09-01 00:53:02,2024-09-01 01:05:07,49,177,2.55,725,11.98,0.0,0.35,1.13,0.0,0.0,3.0,10.51,N,N,N,N,N
HV0003,B03404,B03404,2024-09-01 00:04:13,2024-09-01 00:10:41,2024-09-01 00:12:11,2024-09-01 00:43:35,89,48,10.81,1884,37.73,6.94,1.04,3.97,2.75,0.0,0.0,33.01,N,N,N,N,N
HV0003,B03404,B03404,2024-09-01 00:44:27,2024-09-01 00:45:53,2024-09-01 00:46:38,2024-09-01 00:59:52,100,246,1.62,794,11.82,0.0,0.32,1.05,2.75,0.0,1.0,9.91,N,N,N,N,N
HV0003,B03404,B03404,2024-09-01 00:14:19,2024-09-01 00:17:09,2024-09-01 00:17:22,2024-09-01 00:35:06,114,161,3.28,1064,23.44,0.0,0.65,2.08,2.75,0.0,0.0,14.8,N,N,N,N,N
HV0003,B03404,B03404,2024-09-01 00:11:44,2024-09-01 00:13:22,2024-09-01 00:14:18,2024-09-01 00:24:59,144,87,1.38,641,10.29,0.0,0.25,0.83,2.75,0.0,3.0,8.11,N,N,N,N,N
HV0003,B03404,B03404,2024-09-01 00:23:02,2024-09-01 00:27:18,2024-09-01 00:27:36,2024-09-01 00:45:39,87,255,4.0,1083,23.51,0.0,0.65,2.09,2.75,0.0,0.0,15.96,N,N,N,N,N
HV0003,B03404,B03404,2024-09-01 00:40:15,2024-09-01 00:48:06,2024-09-01 00:50:07,2024-09-01 01:07:45,255,37,2.63,1058,25.56,0.0,0.7,2.26,0.0,0.0,0.0,15.19,N,N,N,N,N
HV0003,B03404,B03404,2024-09-01 00:34:31,2024-09-01 00:38:20,2024-09-01 00:39:02,2024-09-01 00:47:03,136,20,0.88,481,8.4,0.0,0.23,0.74,0.0,0.0,0.0,5.88,N,N,N,N,N
HV0003,B03404,B03404,2024-09-01 00:45:43,2024-09-01 00:49:24,2024-09-01 00:50:31,2024-09-01 00:55:31,20,94,0.65,300,8.58,0.0,0.23,0.76,0.0,0.0,0.0,5.39,N,N,N,N,N
HV0003,B03404,B03404,2024-09-01 00:55:18,2024-09-01 00:58:28,2024-09-01 00:59:17,2024-09-01 01:06:07,20,213,3.59,410,13.37,0.0,0.37,1.19,0.0,0.0,0.0,8.86,N,N,N,N,N
HV0005,B03406,,2024-09-01 00:08:37,,2024-09-01 00:12:12,2024-09-01 00:26:12,42,127,4.125,840,17.01,0.0,0.47,1.51,0.0,0.0,0.0,13.82,N,N,N,N,N
HV0003,B03404,B03404,2024-08-31 23:52:13,2024-09-01 00:22:09,2024-09-01 00:23:38,2024-09-01 00:49:35,93,263,10.26,1557,96.95,0.0,2.67,8.61,2.75,0.0,0.0,61.68,N,N,N,N,N
HV0003,B03404,B03404,2024-09-01 00:09:45,2024-09-01 00:12:15,2024-09-01 00:12:34,2024-09-01 00:30:06,211,256,2.96,1052,23.43,0.0,0.64,2.08,2.75,0.0,0.0,14.25,N,N,N,N,N
HV0003,B03404,B03404,2024-09-01 00:31:45,2024-09-01 00:32:03,2024-09-01 00:32:59,2024-09-01 00:49:13,255,97,2.76,974,20.84,0.0,0.57,1.85,0.0,0.0,0.0,8.22,Y,Y,N,N,N
HV0003,B03404,B03404,2024-09-01 00:27:02,2024-09-01 00:33:20,2024-09-01 00:34:11,2024-09-01 01:07:00,255,89,5.9,1969,31.93,0.0,0.88,2.83,0.0,0.0,0.0,23.41,Y,Y,N,N,N
HV0005,B03406,,2024-09-01 00:12:43,,2024-09-01 00:24:16,2024-09-01 00:41:21,93,247,9.458,1025,29.42,7.18,1.01,3.25,0.0,0.0,0.0,22.9,N,N,N,N,N
HV0003,B03404,B03404,2024-08-31 23:59:11,2024-09-01 00:08:26,2024-09-01 00:08:37,2024-09-01 00:26:17,42,74,3.62,1060,10.71,0.0,0.31,1.01,0.0,0.0,5.0,12.9,Y,Y,N,N,Y
HV0003,B03404,B03404,2024-09-01 00:11:42,2024-09-01 00:14:38,2024-09-01 00:15:55,2024-09-01 00:33:41,42,262,4.56,1066,13.7,0.0,0.38,1.22,0.75,0.0,0.0,14.59,Y,Y,N,N,Y
HV0005,B03406,,2024-09-01 00:51:16,,2024-09-01 00:54:21,2024-09-01 01:22:42,79,37,5.482,1701,33.06,0.17,0.91,2.95,2.75,0.0,3.98,26.18,N,N,N,N,Y
HV0005,B03406,,2024-08-31 23:59:14,,2024-09-01 00:02:53,2024-09-01 00:47:01,249,265,28.372,2648,104.33,20.04,2.78,0.0,0.0,0.0,0.0,72.74,N,N,N,N,N
HV0005,B03406,,2024-09-01 00:07:57,,2024-09-01 00:15:57,2024-09-01 00:37:08,114,68,3.255,1271,20.48,0.0,0.56,1.82,2.75,0.0,0.0,17.54,N,N,N,N,N
HV0005,B03406,,2024-09-01 00:39:17,,2024-09-01 00:42:27,2024-09-01 00:53:32,164,224,2.096,665,14.55,0.0,0.4,1.29,2.75,0.0,0.0,9.34,N,N,N,N,N
HV0005,B03406,,2024-09-01 00:52:56,,2024-09-01 00:58:19,2024-09-01 01:23:31,4,50,4.776,1512,27.32,0.0,0.69,2.23,2.75,0.0,0.0,21.26,N,N,N,N,N
HV0003,B03404,B03404,2024-09-01 00:48:05,2024-09-01 00:49:33,2024-09-01 00:50:34,2024-09-01 00:53:15,123,149,0.4,161,7.99,0.0,0.22,0.71,0.0,0.0,3.0,5.38,N,N,N,N,N
HV0003,B03404,B03404,2024-09-01 00:50:39,2024-09-01 00:57:41,2024-09-01 00:57:46,2024-09-01 01:05:50,149,89,2.42,484,12.57,0.0,0.36,1.18,0.0,0.0,0.0,7.99,N,N,N,N,N
HV0003,B03404,B03404,2024-09-01 00:38:16,2024-09-01 00:41:41,2024-09-01 00:43:20,2024-09-01 01:21:53,21,50,12.78,2313,39.68,6.94,1.1,4.13,2.75,0.0,0.0,39.85,N,N,N,N,N
HV0005,B03406,,2024-09-01 00:02:01,,2024-09-01 00:05:15,2024-09-01 00:30:31,198,34,4.076,1516,38.69,0.0,0.95,3.05,0.0,0.0,0.0,20.35,N,N,N,N,N
HV0005,B03406,,2024-09-01 00:33:06,,2024-09-01 00:39:57,2024-09-01 00:54:36,97,256,2.755,879,16.97,0.0,0.47,1.51,0.0,0.0,0.0,14.83,N,N,N,N,N
HV0005,B03406,,2024-09-01 00:48:47,,2024-09-01 00:57:10,2024-09-01 01:00:58,256,255,0.789,228,7.93,0.0,0.21,0.67,0.0,0.0,0.0,8.47,N,N,N,N,N
HV0003,B03404,B03404,2024-08-31 23:57:06,2024-09-01 00:01:20,2024-09-01 00:01:43,2024-09-01 00:22:16,77,17,3.99,1233,17.87,0.0,0.49,1.58,0.0,0.0,0.0,20.14,N,N,N,N,Y
HV0003,B03404,B03404,2024-09-01 00:21:50,2024-09-01 00:25:32,2024-09-01 00:26:09,2024-09-01 00:56:12,225,263,9.96,1803,37.72,0.0,1.04,3.34,2.75,0.0,0.0,36.18,N,N,N,N,Y
HV0003,B03404,B03404,2024-09-01 00:07:54,2024-09-01 00:09:01,2024-09-01 00:10:04,2024-09-01 00:18:09,14,67,1.29,485,9.8,0.0,0.27,0.87,0.0,0.0,0.0,6.46,N,N,N,N,N
HV0003,B03404,B03404,2024-09-01 00:40:02,2024-09-01 00:42:01,2024-09-01 00:43:22,2024-09-01 01:12:18,14,92,18.98,1736,46.53,0.0,1.28,4.13,0.0,0.0,0.0,42.68,N,N,N,N,N
HV0003,B03404,B03404,2024-08-31 23:54:52,2024-09-01 00:07:50,2024-09-01 00:07:50,2024-09-01 00:30:40,148,79,1.81,1370,8.94,0.0,0.24,0.8,0.75,0.0,0.0,9.88,Y,Y,N,N,N
HV0003,B03404,B03404,2024-09-01 00:05:03,2024-09-01 00:09:45,2024-09-01 00:11:46,2024-09-01 00:55:42,148,48,5.4,2636,19.1,0.0,0.52,1.7,0.75,0.0,0.0,20.9,Y,Y,N,N,N
HV0003,B03404,B03404,2024-09-01 00:14:56,2024-09-01 00:22:21,2024-09-01 00:24:21,2024-09-01 00:31:03,79,79,0.62,402,21.73,0.0,0.6,1.93,0.75,0.0,0.0,4.18,Y,Y,N,N,N
HV0003,B03404,B03404,2024-09-01 00:30:53,2024-09-01 00:41:53,2024-09-01 00:43:09,2024-09-01 01:02:06,158,48,3.02,1137,11.66,0.0,0.34,1.1,0.75,0.0,0.0,6.66,Y,Y,N,N,N
HV0003,B03404,B03404,2024-09-01 00:44:16,2024-09-01 00:47:09,2024-09-01 00:49:04,2024-09-01 01:16:32,246,263,5.48,1648,21.36,0.0,0.58,1.9,0.75,0.0,0.0,12.8,Y,Y,N,N,N
HV0003,B03404,B03404,2024-09-01 00:29:36,2024-09-01 00:40:04,2024-09-01 00:40:14,2024-09-01 01:12:10,132,61,10.85,1916,33.59,0.0,1.0,3.21,0.0,2.5,0.0,35.88,N,N,N,N,N
HV0003,B03404,B03404,2024-09-01 00:09:45,2024-09-01 00:10:34,2024-09-01 00:12:35,2024-09-01 00:44:53,107,37,5.92,1938,19.94,0.0,0.55,1.77,2.75,0.0,0.0,26.88,N,N,N,N,N
HV0003,B03404,B03404,2024-09-01 00:40:29,2024-09-01 00:48:10,2024-09-01 00:49:20,2024-09-01 00:56:04,37,225,0.84,404,9.33,0.0,0.21,0.67,0.0,0.0,3.0,5.39,N,N,N,N,N
HV0003,B03404,B03404,2024-09-01 00:54:27,2024-09-01 00:58:14,2024-09-01 00:59:00,2024-09-01 01:51:59,37,216,13.74,3179,48.34,0.0,1.33,4.29,0.0,0.0,0.0,49.58,N,N,N,N,N
HV0003,B03404,B03404,2024-09-01 00:02:20,2024-09-01 00:03:49,2024-09-01 00:05:50,2024-09-01 00:28:09,32,69,6.27,1339,24.23,0.0,0.67,2.15,0.0,0.0,0.0,21.54,N,N,N,N,N
HV0003,B03404,B03404,2024-09-01 00:21:22,2024-09-01 00:23:29,2024-09-01 00:24:12,2024-09-01 00:42:06,249,265,4.44,1074,26.26,20.0,0.72,0.0,0.0,0.0,0.0,18.36,N,N,N,N,N
HV0005,B03406,,2024-09-01 00:00:16,,2024-09-01 00:04:40,2024-09-01 00:15:13,234,249,1.632,633,10.79,0.0,0.3,0.96,2.75,0.0,0.0,8.4,N,N,N,N,N
HV0003,B03404,B03404,2024-09-01 00:49:10,2024-09-01 00:57:28,2024-09-01 00:59:30,2024-09-01 01:22:34,15,82,10.96,1384,26.22,0.0,0.77,2.48,0.0,0.0,0.0,29.62,N,N,N,N,N
HV0003,B03404,B03404,2024-09-01 00:16:17,2024-09-01 00:19:22,2024-09-01 00:19:45,2024-09-01 00:33:42,7,82,2.29,837,16.93,0.0,0.46,1.5,0.0,0.0,3.0,11.24,N,N,N,N,N
HV0005,B03406,,2024-09-01 00:19:25,,2024-09-01 00:26:13,2024-09-01 00:34:26,169,20,1.468,493,11.35,0.0,0.31,1.01,0.0,0.0,0.0,6.81,N,N,N,N,N
HV0003,B03404,B03404,2024-09-01 00:02:29,2024-09-01 00:13:42,2024-09-01 00:14:04,2024-09-01 00:20:57,117,201,1.24,413,15.04,0.0,0.41,1.34,0.0,0.0,0.0,7.79,N,N,N,N,N
HV0003,B03404,B03404,2024-09-01 00:14:05,2024-09-01 00:24:50,2024-09-01 00:25:12,2024-09-01 00:27:47,117,201,0.47,155,13.39,0.0,0.37,1.19,0.0,0.0,0.0,5.39,N,N,N,N,N
HV0003,B03404,B03404,2024-09-01 00:28:23,2024-09-01 00:32:38,2024-09-01 00:33:35,2024-09-01 00:37:41,201,201,0.65,246,14.18,0.0,0.41,1.33,0.0,0.0,0.0,8.04,N,N,N,N,N
HV0005,B03406,,2024-08-31 23:56:51,,2024-09-01 00:03:32,2024-09-01 00:43:05,138,62,11.078,2373,53.36,0.0,1.41,4.76,0.0,0.0,0.0,38.26,N,N,N,N,N
HV0005,B03406,,2024-09-01 00:41:31,,2024-09-01 00:51:36,2024-09-01 01:17:33,189,255,4.176,1557,24.78,0.0,0.68,2.2,0.0,0.0,4.15,20.88,N,N,N,N,N
HV0003,B03404,B03404,2024-09-01 00:10:02,2024-09-01 00:16:01,2024-09-01 00:16:29,2024-09-01 00:33:44,138,51,12.02,1035,38.42,6.94,1.19,4.46,0.0,2.5,0.0,26.41,N,N,N,N,N
HV0003,B03404,B03404,2024-09-01 00:48:46,2024-09-01 00:52:21,2024-09-01 00:52:47,2024-09-01 01:03:03,244,119,1.88,616,12.48,0.0,0.34,1.11,0.0,0.0,0.0,8.55,N,N,N,N,N
HV0003,B03404,B03404,2024-09-01 00:11:54,2024-09-01 00:15:19,2024-09-01 00:16:25,2024-09-01 00:31:26,51,182,3.5,901,11.96,0.0,0.33,1.06,0.0,0.0,0.0,13.52,N,N,N,N,N
HV0003,B03404,B03404,2024-09-01 00:34:04,2024-09-01 00:35:39,2024-09-01 00:37:40,2024-09-01 00:46:35,212,213,1.91,535,11.39,0.0,0.32,1.03,0.0,0.0,0.0,7.8,N,N,N,N,N
HV0003,B03404,B03404,2024-09-01 00:47:38,2024-09-01 00:54:31,2024-09-01 00:55:39,2024-09-01 01:08:08,60,247,5.33,749,11.64,0.0,0.34,1.1,0.0,0.0,0.0,14.53,N,N,N,N,N
HV0003,B03404,B03404,2024-09-01 00:15:27,2024-09-01 00:23:47,2024-09-01 00:24:05,2024-09-01 00:45:11,132,215,5.31,1266,25.3,0.0,0.73,2.34,0.0,2.5,0.0,20.37,N,N,N,N,N
HV0003,B03404,B03404,2024-09-01 00:48:22,2024-09-01 00:54:19,2024-09-01 00:56:07,2024-09-01 01:10:01,215,197,2.55,834,16.99,0.0,0.46,1.5,0.0,0.0,0.0,11.57,N,N,N,N,N
HV0005,B03406,,2024-09-01 00:31:57,,2024-09-01 00:40:49,2024-09-01 00:59:09,186,79,2.293,1100,16.11,0.0,0.44,1.43,2.75,0.0,1.5,13.85,N,N,N,N,N
HV0005,B03406,,2024-09-01 00:09:27,,2024-09-01 00:13:36,2024-09-01 00:17:17,197,197,0.491,221,8.64,0.0,0.24,0.77,0.0,0.0,0.0,5.47,N,N,N,N,N
HV0005,B03406,,2024-09-01 00:13:59,,2024-09-01 00:20:37,2024-09-01 00:27:24,197,197,1.102,407,7.15,0.0,0.2,0.64,0.0,0.0,0.0,5.47,N,N,N,N,N
HV0005,B03406,,2024-09-01 00:39:57,,2024-09-01 00:46:48,2024-09-01 00:58:48,216,180,1.876,720,12.82,0.0,0.28,0.89,0.0,0.0,0.0,9.58,N,N,N,N,N
HV0003,B03404,B03404,2024-09-01 00:19:50,2024-09-01 00:22:32,2024-09-01 00:23:08,2024-09-01 00:27:08,179,7,0.98,240,8.37,0.0,0.24,0.79,0.0,0.0,0.0,5.39,N,N,N,N,N
HV0003,B03404,B03404,2024-09-01 00:36:31,2024-09-01 00:39:52,2024-09-01 00:40:38,2024-09-01 00:52:31,223,226,2.24,713,11.94,0.0,0.33,1.06,0.0,0.0,0.0,9.98,N,N,N,N,N
HV0003,B03404,B03404,2024-09-01 00:24:41,2024-09-01 00:26:52,2024-09-01 00:26:59,2024-09-01 00:36:28,85,71,2.0,569,12.49,0.0,0.34,1.11,0.0,0.0,0.0,8.25,N,N,N,N,N
HV0003,B03404,B03404,2024-09-01 00:23:43,2024-09-01 00:39:32,2024-09-01 00:40:49,2024-09-01 00:48:14,72,72,1.44,445,10.65,0.0,0.29,0.95,0.0,0.0,0.0,6.29,N,N,N,N,N
HV0003,B03404,B03404,2024-09-01 00:52:19,2024-09-01 00:59:20,2024-09-01 00:59:41,2024-09-01 01:15:30,76,210,7.24,949,15.97,0.0,0.44,1.43,0.0,0.0,0.0,19.07,N,N,N,N,N
HV0003,B03404,B03404,2024-09-01 00:35:43,2024-09-01 00:42:28,2024-09-01 00:42:36,2024-09-01 00:45:25,40,25,0.66,169,16.99,0.0,0.47,1.5,0.0,0.0,1.0,7.64,N,N,N,N,N
HV0003,B03404,B03404,2024-09-01 00:44:17,2024-09-01 00:48:52,2024-09-01 00:49:13,2024-09-01 01:15:09,25,68,6.52,1556,41.62,0.0,1.2,3.86,2.75,0.0,0.0,27.49,N,N,N,N,N
HV0003,B03404,B03404,2024-09-01 00:01:16,2024-09-01 00:03:25,2024-09-01 00:05:16,2024-09-01 00:27:04,15,197,10.79,1308,33.06,0.0,0.91,2.94,0.0,0.0,0.0,27.38,N,N,N,N,N
HV0003,B03404,B03404,2024-09-01 00:25:26,2024-09-01 00:29:29,2024-09-01 00:29:45,2024-09-01 00:45:21,197,130,2.88,936,13.8,0.0,0.38,1.22,0.0,0.0,0.0,13.01,N,N,N,N,N
HV0003,B03404,B03404,2024-09-01 00:43:44,2024-09-01 00:46:25,2024-09-01 00:46:40,2024-09-01 01:04:12,130,63,7.59,1052,23.61,0.0,0.65,2.09,0.0,0.0,0.0,20.54,Y,N,N,N,N
HV0003,B03404,B03404,2024-08-31 23:58:13,2024-09-01 00:00:39,2024-09-01 00:01:34,2024-09-01 00:33:48,256,143,8.42,1934,38.22,0.0,1.11,3.61,2.75,0.0,0.0,32.47,N,N,N,N,N
HV0003,B03404,B03404,2024-09-01 00:36:06,2024-09-01 00:39:12,2024-09-01 00:39:24,2024-09-01 01:02:38,143,7,8.38,1394,27.3,6.94,0.79,3.19,2.75,0.0,0.0,24.94,N,N,N,N,N
HV0005,B03406,,2024-09-01 00:10:35,,2024-09-01 00:15:24,2024-09-01 00:36:43,74,179,4.921,1279,26.63,7.06,0.93,2.99,0.0,0.0,5.64,20.26,N,N,N,N,N
HV0005,B03406,,2024-09-01 00:42:42,,2024-09-01 00:47:38,2024-09-01 00:59:59,202,112,3.313,741,16.5,0.4,0.47,1.5,0.0,0.0,0.0,11.74,N,N,N,N,N
HV0003,B03404,B03404,2024-09-01 00:37:16,2024-09-01 00:38:43,2024-09-01 00:39:06,2024-09-01 00:59:02,7,36,7.41,1196,18.74,0.0,0.55,1.77,0.0,0.0,0.0,25.12,N,N,N,N,Y
HV0003,B03404,B03404,2024-09-01 00:09:31,2024-09-01 00:11:07,2024-09-01 00:13:08,2024-09-01 00:19:22,89,91,1.1,374,9.23,0.0,0.25,0.83,0.0,0.0,0.0,5.94,N,N,N,N,N
HV0003,B03404,B03404,2024-09-01 00:18:26,2024-09-01 00:21:19,2024-09-01 00:21:51,2024-09-01 01:08:25,91,230,15.72,2794,46.11,0.0,1.11,3.59,2.75,0.0,0.0,48.53,N,N,N,N,N
HV0003,B03404,B03404,2024-09-01 00:20:26,2024-09-01 00:27:52,2024-09-01 00:28:59,2024-09-01 00:49:54,256,87,3.6,1255,24.4,0.0,0.67,2.17,2.75,0.0,0.0,19.1,N,N,N,N,N
HV0003,B03404,B03404,2024-09-01 00:48:45,2024-09-01 00:51:32,2024-09-01 00:52:00,2024-09-01 01:04:49,87,158,2.55,769,15.33,0.0,0.4,1.29,2.75,0.0,0.0,10.94,N,N,N,N,N
HV0003,B03404,B03404,2024-09-01 00:04:07,2024-09-01 00:05:59,2024-09-01 00:07:27,2024-09-01 00:36:34,189,193,8.14,1747,34.06,0.0,0.93,3.02,0.0,0.0,0.0,28.05,N,N,N,N,N
HV0003,B03404,B03404,2024-09-01 00:36:42,2024-09-01 00:39:43,2024-09-01 00:41:44,2024-09-01 01:12:37,193,106,11.34,1853,27.9,0.0,0.79,2.55,0.0,0.0,0.0,33.43,N,N,N,N,N
HV0003,B03404,B03404,2024-09-01 00:04:46,2024-09-01 00:09:41,2024-09-01 00:11:41,2024-09-01 00:28:06,80,146,3.64,985,26.81,0.0,0.74,2.38,0.0,0.0,0.0,16.02,N,N,N,N,N
HV0003,B03404,B03404,2024-09-01 00:09:51,2024-09-01 00:12:09,2024-09-01 00:14:11,2024-09-01 01:04:00,226,265,10.03,2989,40.18,20.0,1.18,0.0,0.0,0.0,0.0,44.78,N,N,N,N,N
HV0003,B03404,B03404,2024-08-31 23:59:44,2024-09-01 00:01:18,2024-09-01 00:03:18,2024-09-01 00:26:21,181,112,8.07,1383,28.97,0.0,0.78,2.52,0.0,0.0,0.0,24.42,N,N,N,N,N
HV0003,B03404,B03404,2024-09-01 00:21:04,2024-09-01 00:28:42,2024-09-01 00:29:09,2024-09-01 00:54:00,112,50,4.82,1491,29.26,6.94,0.81,3.21,2.75,0.0,0.0,21.05,N,N,N,N,N
HV0003,B03404,B03404,2024-09-01 00:29:38,2024-09-01 00:32:41,2024-09-01 00:33:08,2024-09-01 00:49:14,234,50,3.01,966,22.6,0.0,0.62,2.01,2.75,0.0,0.0,13.48,N,N,N,N,N
HV0003,B03404,B03404,2024-09-01 00:49:14,2024-09-01 00:49:22,2024-09-01 00:50:38,2024-09-01 01:09:36,50,79,3.35,1138,19.9,0.0,0.55,1.77,2.75,0.0,2.49,15.62,N,N,N,N,N
HV0003,B03404,B03404,2024-09-01 00:15:12,2024-09-01 00:17:58,2024-09-01 00:18:10,2024-09-01 00:56:29,75,265,12.33,2299,41.91,20.0,1.23,0.0,0.0,0.0,0.0,40.99,N,N,N,N,N
HV0003,B03404,B03404,2024-08-31 23:54:52,2024-08-31 23:55:39,2024-09-01 00:07:33,2024-09-01 00:27:56,255,49,3.43,1223,32.06,0.0,0.89,2.85,0.0,0.0,0.0,25.11,N,N,N,N,N
HV0005,B03406,,2024-09-01 00:30:18,,2024-09-01 00:45:26,2024-09-01 01:29:12,181,76,6.286,2626,48.49,0.0,1.25,4.04,0.0,0.0,0.0,35.55,N,N,N,N,N
HV0003,B03404,B03404,2024-09-01 00:15:43,2024-09-01 00:20:36,2024-09-01 00:20:47,2024-09-01 00:39:41,50,79,3.28,1134,24.21,0.0,0.67,2.15,2.75,0.0,0.0,17.2,N,N,N,N,N
HV0003,B03404,B03404,2024-09-01 00:40:15,2024-09-01 00:42:12,2024-09-01 00:42:12,2024-09-01 00:52:08,79,137,1.51,596,10.68,0.0,0.29,0.95,2.75,0.0,0.0,9.28,N,N,N,N,N
HV0003,B03404,B03404,2024-09-01 00:53:11,2024-09-01 00:55:56,2024-09-01 00:56:06,2024-09-01 01:05:21,137,186,1.1,555,9.15,0.0,0.25,0.82,2.75,0.0,3.0,8.33,N,N,N,N,N
HV0003,B03404,B03404,2024-09-01 00:14:30,2024-09-01 00:16:20,2024-09-01 00:17:42,2024-09-01 00:56:18,181,243,18.01,2316,46.46,0.0,1.36,4.39,2.75,0.0,0.0,46.99,N,N,N,N,N
HV0003,B03404,B03404,2024-09-01 00:16:25,2024-09-01 00:17:29,2024-09-01 00:19:31,2024-09-01 00:29:20,147,78,1.56,589,11.22,0.0,0.31,1.0,0.0,0.0,0.0,7.85,N,N,N,N,N
HV0003,B03404,B03404,2024-09-01 00:34:54,2024-09-01 00:39:20,2024-09-01 00:39:50,2024-09-01 00:51:53,79,236,3.84,723,20.48,0.0,0.6,1.93,2.75,0.0,0.0,12.25,N,N,N,N,N
HV0003,B03404,B03404,2024-09-01 00:03:44,2024-09-01 00:04:52,2024-09-01 00:06:54,2024-09-01 00:23:30,170,13,5.99,996,20.4,0.0,0.26,0.84,2.75,0.0,0.0,17.83,N,N,N,N,N
HV0003,B03404,B03404,2024-09-01 00:25:34,2024-09-01 00:31:16,2024-09-01 00:31:46,2024-09-01 00:52:33,261,75,9.88,1247,26.32,0.0,0.77,2.48,2.75,0.0,0.0,25.55,N,N,N,N,N
HV0003,B03404,B03404,2024-09-01 00:04:31,2024-09-01 00:08:00,2024-09-01 00:08:29,2024-09-01 00:39:57,76,62,5.69,1888,28.59,0.0,0.84,2.69,0.0,0.0,0.0,26.09,N,N,N,N,N
HV0003,B03404,B03404,2024-09-01 00:45:11,2024-09-01 00:48:52,2024-09-01 00:48:53,2024-09-01 01:16:35,62,39,5.28,1662,26.78,0.0,0.74,2.38,0.0,0.0,0.0,23.33,N,N,N,N,N
HV0005,B03406,,2024-09-01 00:28:32,,2024-09-01 00:36:02,2024-09-01 00:50:58,255,49,2.988,896,19.32,0.0,0.53,1.72,0.0,0.0,0.0,15.82,N,N,N,N,N
HV0005,B03406,,2024-09-01 00:41:14,,2024-09-01 00:54:49,2024-09-01 01:32:17,189,28,9.805,2248,51.85,0.0,1.43,4.6,0.0,0.0,0.0,38.54,N,N,N,N,N
HV0003,B03404,B03404,2024-09-01 00:25:59,2024-09-01 00:29:25,2024-09-01 00:30:06,2024-09-01 01:06:27,225,113,7.01,2181,20.72,0.0,0.57,1.84,0.75,0.0,0.0,17.16,Y,Y,N,N,N
HV0003,B03404,B03404,2024-09-01 00:26:18,2024-09-01 00:35:17,2024-09-01 00:35:18,2024-09-01 01:15:19,37,229,9.32,2401,29.74,0.0,0.82,2.63,0.75,0.0,0.0,23.67,Y,Y,N,N,N
HV0003,B03404,B03404,2024-09-01 00:08:50,2024-09-01 00:16:15,2024-09-01 00:16:15,2024-09-01 00:36:29,7,79,5.75,1214,23.84,0.0,0.65,2.11,2.75,0.0,0.0,19.61,N,N,N,N,N
HV0003,B03404,B03404,2024-09-01 00:34:19,2024-09-01 00:37:38,2024-09-01 00:38:44,2024-09-01 00:43:03,4,4,0.73,259,6.03,0.0,0.18,0.57,2.75,0.0,0.0,5.39,N,N,N,N,N
HV0003,B03404,B03404,2024-09-01 00:41:09,2024-09-01 00:44:26,2024-09-01 00:44:59,2024-09-01 01:06:03,79,48,5.05,1264,19.22,0.0,0.53,1.71,2.75,0.0,0.0,19.15,N,N,N,N,N
HV0003,B03404,B03404,2024-09-01 00:09:14,2024-09-01 00:11:16,2024-09-01 00:11:32,2024-09-01 00:23:46,239,244,4.62,734,18.66,0.0,0.55,1.76,2.75,0.0,0.0,13.41,N,N,N,N,N
HV0003,B03404,B03404,2024-08-31 23:57:42,2024-09-01 00:00:29,2024-09-01 00:01:30,2024-09-01 00:17:25,74,152,3.0,955,15.2,0.0,0.41,1.35,0.0,0.0,5.0,13.36,N,N,N,N,N
HV0003,B03404,B03404,2024-09-01 00:18:27,2024-09-01 00:20:49,2024-09-01 00:22:51,2024-09-01 00:58:01,166,198,11.11,2110,44.14,6.94,1.22,4.52,0.0,0.0,0.0,35.62,N,N,N,N,N
HV0003,B03404,B03404,2024-09-01 00:04:14,2024-09-01 00:04:45,2024-09-01 00:06:45,2024-09-01 00:24:14,237,112,4.06,1049,21.09,0.0,0.59,1.88,2.75,0.0,0.0,15.72,N,N,N,N,N
HV0003,B03404,B03404,2024-09-01 00:20:27,2024-09-01 00:26:41,2024-09-01 00:26:46,2024-09-01 00:35:25,112,255,1.91,519,13.35,0.0,0.36,1.19,0.0,0.0,0.0,7.64,N,N,N,N,N
HV0003,B03404,B03404,2024-09-01 00:30:55,2024-09-01 00:37:33,2024-09-01 00:38:09,2024-09-01 00:59:23,255,7,4.58,1274,29.34,0.0,0.83,2.65,0.0,0.0,0.0,19.86,N,N,N,N,N
HV0003,B03404,B03404,2024-08-31 23:59:59,2024-09-01 00:01:50,2024-09-01 00:03:51,2024-09-01 00:14:11,78,47,0.72,620,10.66,0.0,0.29,0.94,0.0,0.0,0.0,7.51,N,N,N,N,N
HV0003,B03404,B03404,2024-09-01 00:16:08,2024-09-01 00:21:34,2024-09-01 00:22:39,2024-09-01 00:38:27,47,243,3.45,948,19.69,0.0,0.55,1.75,0.0,0.0,0.0,13.9,N,N,N,N,N
HV0003,B03404,B03404,2024-09-01 00:50:31,2024-09-01 00:53:42,2024-09-01 00:54:22,2024-09-01 01:02:46,74,263,2.12,504,11.81,0.0,0.32,1.05,2.75,0.0,0.0,7.78,N,N,N,N,N
HV0003,B03404,B03404,2024-09-01 00:01:14,2024-09-01 00:21:31,2024-09-01 00:23:33,2024-09-01 00:37:39,11,21,2.17,846,13.71,0.0,0.4,1.29,0.0,0.0,0.0,13.15,N,N,N,N,Y
HV0003,B03404,B03404,2024-09-01 00:34:01,2024-09-01 00:43:11,2024-09-01 00:44:48,2024-09-01 00:55:54,123,150,2.51,666,16.1,0.0,0.44,1.43,0.0,0.0,0.0,12.04,N,N,N,N,Y
HV0003,B03404,B03404,2024-09-01 00:12:31,2024-09-01 00:15:25,2024-09-01 00:16:23,2024-09-01 00:24:07,18,169,1.71,464,11.19,0.0,0.3,0.99,0.0,0.0,0.0,6.84,N,N,N,N,N
HV0003,B03404,B03404,2024-09-01 00:30:29,2024-09-01 00:36:05,2024-09-01 00:36:53,2024-09-01 00:44:22,169,119,1.56,449,12.48,0.0,0.34,1.11,0.0,0.0,0.0,6.48,N,N,N,N,N
HV0005,B03406,,2024-08-31 23:59:35,,2024-09-01 00:03:18,2024-09-01 00:30:46,230,125,3.149,1648,17.23,0.0,0.47,1.53,2.75,0.0,0.0,20.36,N,N,N,N,N
HV0005,B03406,,2024-09-01 00:29:24,,2024-09-01 00:37:27,2024-09-01 00:51:00,114,141,3.703,813,20.82,0.0,0.57,1.85,2.75,0.0,0.0,12.98,N,N,N,N,N
HV0005,B03406,B03406,2024-09-01 00:05:34,2024-09-01 00:11:42,2024-09-01 00:12:42,2024-09-01 00:52:35,61,258,4.793,2393,26.28,0.0,0.64,2.07,0.0,0.0,0.0,46.69,N,N,N,Y,Y
HV0005,B03406,,2024-09-01 00:54:05,,2024-09-01 00:59:18,2024-09-01 01:21:16,258,16,11.475,1318,32.51,0.0,0.76,2.44,0.0,0.0,6.43,33.01,N,N,N,N,Y
HV0003,B03404,B03404,2024-09-01 00:32:47,2024-09-01 00:36:06,2024-09-01 00:36:06,2024-09-01 01:03:25,243,18,5.21,1639,31.16,0.0,0.91,2.94,0.0,0.0,3.0,23.02,N,N,N,N,N
HV0003,B03404,B03404,2024-09-01 00:32:04,2024-09-01 00:37:07,2024-09-01 00:37:26,2024-09-01 00:48:43,123,22,1.88,677,11.04,0.0,0.3,0.98,0.0,0.0,0.0,9.89,N,N,N,N,Y
HV0005,B03406,,2024-08-31 23:57:13,,2024-09-01 00:07:01,2024-09-01 00:19:00,29,123,2.385,719,12.54,0.0,0.34,1.11,0.0,0.0,2.0,11.19,N,N,N,N,Y
HV0005,B03406,,2024-09-01 00:46:58,,2024-09-01 00:54:32,2024-09-01 01:23:02,11,226,16.358,1710,43.75,0.14,1.21,3.89,0.0,0.0,0.0,45.41,N,N,N,N,Y
HV0003,B03404,B03404,2024-09-01 00:04:37,2024-09-01 00:06:53,2024-09-01 00:07:26,2024-09-01 00:43:28,49,89,7.96,2162,47.44,0.0,1.3,4.21,0.0,0.0,0.0,31.84,N,N,N,N,N
HV0003,B03404,B03404,2024-09-01 00:45:34,2024-09-01 00:46:57,2024-09-01 00:48:58,2024-09-01 01:13:09,89,4,10.26,1451,32.17,0.0,0.89,2.86,2.75,0.0,0.0,28.05,N,N,N,N,N
HV0005,B03406,,2024-09-01 00:28:50,,2024-09-01 00:33:32,2024-09-01 00:40:54,141,162,1.619,442,11.24,0.0,0.31,1.0,2.75,0.0,0.0,6.52,N,N,N,N,N
HV0005,B03406,,2024-09-01 00:23:05,,2024-09-01 00:34:36,2024-09-01 01:02:55,246,14,12.366,1699,34.12,4.47,1.06,3.42,2.75,0.0,6.87,33.45,N,N,N,N,N
HV0003,B03404,B03404,2024-09-01 00:41:02,2024-09-01 00:56:06,2024-09-01 00:56:22,2024-09-01 01:30:59,252,145,12.06,2077,41.28,0.0,1.21,3.89,0.0,0.0,0.0,38.5,N,N,N,N,N
HV0003,B03404,B03404,2024-09-01 00:26:31,2024-09-01 00:30:56,2024-09-01 00:31:22,2024-09-01 00:56:48,228,225,9.95,1526,34.49,0.0,1.01,3.25,0.0,0.0,0.0,28.36,N,N,N,N,N
HV0003,B03404,B03404,2024-09-01 00:30:29,2024-09-01 00:35:08,2024-09-01 00:35:16,2024-09-01 00:53:18,200,41,8.59,1082,27.28,3.18,0.76,2.7,0.0,0.0,0.0,24.44,N,N,N,N,N
HV0003,B03404,B03404,2024-08-31 23:55:37,2024-09-01 00:00:25,2024-09-01 00:02:26,2024-09-01 00:14:29,160,260,4.24,723,18.75,0.0,0.52,1.66,0.0,0.0,0.0,12.79,N,N,N,N,N
HV0003,B03404,B03404,2024-09-01 00:14:31,2024-09-01 00:17:12,2024-09-01 00:18:06,2024-09-01 00:39:21,260,144,6.97,1275,24.32,0.0,0.67,2.16,2.75,0.0,2.99,21.87,N,N,N,N,N
HV0003,B03404,B03404,2024-08-31 23:55:12,2024-09-01 00:07:09,2024-09-01 00:08:05,2024-09-01 00:15:21,138,223,2.32,436,11.88,0.0,0.41,1.34,0.0,2.5,3.0,7.4,N,N,N,N,N
HV0003,B03404,B03404,2024-09-01 00:36:25,2024-09-01 00:39:36,2024-09-01 00:40:22,2024-09-01 01:14:33,93,208,18.91,2051,49.37,6.94,1.37,4.99,0.0,0.0,0.0,46.9,N,N,N,N,N
HV0003,B03404,B03404,2024-09-01 00:07:12,2024-09-01 00:10:49,2024-09-01 00:11:18,2024-09-01 00:23:41,119,32,6.71,743,26.79,0.0,0.74,2.38,0.0,0.0,2.99,16.35,N,N,N,N,N
HV0003,B03404,B03404,2024-09-01 00:25:39,2024-09-01 00:29:37,2024-09-01 00:30:31,2024-09-01 00:39:54,32,254,1.53,563,9.24,0.0,0.27,0.87,0.0,0.0,0.0,7.55,N,N,N,N,N
HV0003,B03404,B03404,2024-09-01 00:40:18,2024-09-01 00:42:37,2024-09-01 00:44:38,2024-09-01 00:55:45,254,265,4.23,667,19.19,0.0,0.53,1.7,0.0,0.0,0.0,13.12,N,N,N,N,N
HV0003,B03404,B03404,2024-09-01 00:08:56,2024-09-01 00:13:23,2024-09-01 00:15:24,2024-09-01 00:25:53,34,225,1.62,629,11.18,0.0,0.28,0.92,0.0,0.0,0.0,8.31,Y,N,N,N,N
HV0003,B03404,B03404,2024-09-01 00:26:34,2024-09-01 00:29:39,2024-09-01 00:30:36,2024-09-01 00:38:49,17,255,1.53,493,10.28,0.0,0.28,0.92,0.0,0.0,0.0,6.87,N,N,N,N,N
HV0003,B03404,B03404,2024-09-01 00:35:56,2024-09-01 00:41:15,2024-09-01 00:43:16,2024-09-01 01:00:50,112,198,3.61,1054,25.09,0.0,0.69,2.23,0.0,0.0,0.0,16.46,N,N,N,N,N
HV0003,B03404,B03404,2024-09-01 00:01:45,2024-09-01 00:05:23,2024-09-01 00:07:05,2024-09-01 00:28:20,165,39,3.76,1275,20.96,0.0,0.62,1.98,0.0,0.0,0.0,17.8,N,N,N,N,N
HV0003,B03404,B03404,2024-09-01 00:27:11,2024-09-01 00:30:15,2024-09-01 00:32:10,2024-09-01 01:20:05,39,256,9.53,2875,51.04,0.0,1.41,4.53,0.0,0.0,0.0,41.2,N,N,N,N,N
HV0003,B03404,B03404,2024-09-01 00:28:26,2024-09-01 00:30:21,2024-09-01 00:30:30,2024-09-01 00:39:55,223,70,4.31,565,17.9,0.0,0.5,1.59,0.0,0.0,0.0,11.35,N,N,N,N,N
HV0003,B03404,B03404,2024-09-01 00:42:49,2024-09-01 00:45:37,2024-09-01 00:47:38,2024-09-01 00:58:57,70,56,1.77,679,13.11,0.0,0.35,1.15,0.0,0.0,0.0,9.01,N,N,N,N,N
HV0005,B03406,,2024-09-01 00:13:05,,2024-09-01 00:15:44,2024-09-01 00:19:42,7,179,0.521,238,7.88,0.0,0.19,0.62,0.0,0.0,0.0,5.47,N,N,N,N,N
HV0003,B03404,B03404,2024-09-01 00:01:37,2024-09-01 00:03:10,2024-09-01 00:03:26,2024-09-01 00:05:56,231,125,0.58,150,15.9,0.0,0.44,1.41,2.75,0.0,4.1,10.62,N,N,N,N,N
HV0003,B03404,B03404,2024-09-01 00:28:59,2024-09-01 00:32:22,2024-09-01 00:32:48,2024-09-01 00:42:33,231,249,1.58,585,36.62,0.0,1.03,3.34,2.75,0.0,0.0,22.5,N,N,N,N,N
HV0003,B03404,B03404,2024-09-01 00:56:18,2024-09-01 00:59:06,2024-09-01 00:59:19,2024-09-01 01:05:11,231,144,1.04,352,20.66,0.0,0.57,1.84,2.75,0.0,0.0,11.06,N,N,N,N,N
HV0005,B03406,,2024-09-01 00:07:23,,2024-09-01 00:12:02,2024-09-01 00:32:22,41,136,5.282,1220,22.91,0.0,0.49,1.59,0.0,0.0,0.0,19.1,N,N,N,N,N
HV0005,B03406,,2024-09-01 00:37:11,,2024-09-01 00:39:53,2024-09-01 00:50:13,94,185,2.525,620,14.25,0.0,0.39,1.26,0.0,0.0,0.0,9.49,N,N,N,N,N
HV0003,B03404,B03404,2024-09-01 00:02:52,2024-09-01 00:06:30,2024-09-01 00:07:22,2024-09-01 00:15:07,241,18,1.53,465,6.38,0.0,0.17,0.57,0.0,0.0,0.0,6.6,N,N,N,N,N
HV0003,B03404,B03404,2024-09-01 00:21:42,2024-09-01 00:23:22,2024-09-01 00:24:04,2024-09-01 00:39:05,136,119,4.4,901,17.07,0.0,0.47,1.51,0.0,0.0,0.0,14.74,N,N,N,N,N
HV0005,B03406,,2024-08-31 23:39:47,,2024-09-01 00:00:03,2024-09-01 00:22:17,80,76,4.675,1334,25.97,0.0,0.71,2.3,0.0,0.0,0.0,19.39,N,N,N,N,N
HV0005,B03406,,2024-09-01 00:33:01,,2024-09-01 00:37:01,2024-09-01 00:46:00,63,225,1.868,539,11.52,0.0,0.28,0.91,0.0,0.0,0.0,7.81,N,N,N,N,N
HV0005,B03406,,2024-09-01 00:42:41,,2024-09-01 00:49:16,2024-09-01 01:19:26,225,112,4.32,1810,27.64,0.0,0.76,2.45,0.0,0.0,0.0,23.54,N,N,N,N,N
HV0005,B03406,,2024-09-01 00:04:52,,2024-09-01 00:08:22,2024-09-01 00:15:19,141,262,0.398,417,13.03,0.0,0.36,1.16,2.75,0.0,0.0,5.47,N,N,N,N,N
HV0003,B03404,B03404,2024-09-01 00:09:45,2024-09-01 00:19:39,2024-09-01 00:19:39,2024-09-01 00:27:29,206,221,2.03,470,10.35,0.0,0.28,0.92,0.0,0.0,0.0,7.32,Y,N,N,N,N
HV0003,B03404,B03404,2024-09-01 00:27:33,2024-09-01 00:29:22,2024-09-01 00:31:22,2024-09-01 00:55:12,221,156,6.36,1430,25.58,0.0,0.7,2.27,0.0,0.0,0.0,22.55,N,N,N,N,N
HV0005,B03406,B03406,2024-09-01 00:20:21,2024-09-01 00:14:43,2024-09-01 00:15:43,2024-09-01 01:01:04,78,112,12.998,2721,43.74,6.42,1.38,4.45,0.0,0.0,0.0,64.32,N,N,N,Y,Y
HV0003,B03404,B03404,2024-09-01 00:28:31,2024-09-01 00:31:41,2024-09-01 00:32:22,2024-09-01 00:40:44,231,249,1.58,502,14.83,0.0,0.41,1.32,2.75,0.0,0.0,7.28,N,N,N,N,N
HV0003,B03404,B03404,2024-09-01 00:33:19,2024-09-01 00:41:49,2024-09-01 00:41:58,2024-09-01 00:50:36,249,107,1.51,518,10.26,0.0,0.28,0.91,0.75,0.0,0.0,7.08,Y,N,N,N,N
HV0003,B03404,B03404,2024-09-01 00:46:10,2024-09-01 00:52:53,2024-09-01 00:54:02,2024-09-01 01:10:10,79,144,3.19,968,31.44,0.0,0.92,2.97,2.75,0.0,0.0,16.7,N,N,N,N,N
HV0003,B03404,B03404,2024-09-01 00:09:18,2024-09-01 00:11:26,2024-09-01 00:13:27,2024-09-01 00:39:07,148,157,4.68,1540,29.22,0.0,0.81,2.59,2.75,0.0,0.0,21.32,N,N,N,N,N
HV0003,B03404,B03404,2024-09-01 00:37:00,2024-09-01 00:45:02,2024-09-01 00:45:49,2024-09-01 00:51:42,80,37,1.12,353,13.38,0.0,0.37,1.19,0.0,0.0,1.0,8.14,N,N,N,N,N
HV0003,B03404,B03404,2024-09-01 00:51:28,2024-09-01 00:56:10,2024-09-01 00:58:11,2024-09-01 01:19:55,37,65,2.99,1304,22.62,0.0,0.62,2.01,0.0,0.0,0.0,17.21,N,N,N,N,N
HV0003,B03404,B03404,2024-09-01 00:29:20,2024-09-01 00:30:40,2024-09-01 00:32:40,2024-09-01 01:25:37,247,265,26.59,3177,68.46,27.66,1.88,0.0,0.0,0.0,0.0,68.92,N,N,N,N,N
HV0005,B03406,,2024-09-01 00:38:55,,2024-09-01 00:44:07,2024-09-01 00:55:57,97,97,0.481,710,10.03,0.0,0.22,0.7,0.0,0.0,0.0,7.58,N,Y,N,N,N
HV0003,B03404,B03404,2024-09-01 00:38:05,2024-09-01 00:44:24,2024-09-01 00:46:02,2024-09-01 01:04:03,92,53,6.36,1081,28.47,0.0,0.78,2.52,0.0,0.0,0.0,19.16,N,N,N,N,N
HV0003,B03404,B03404,2024-09-01 00:38:46,2024-09-01 00:48:21,2024-09-01 00:48:33,2024-09-01 01:06:17,187,206,4.73,1064,20.3,0.0,0.56,1.8,0.0,0.0,0.0,16.77,Y,N,N,N,N
HV0005,B03406,,2024-09-01 00:07:30,,2024-09-01 00:35:50,2024-09-01 00:47:41,80,37,1.589,711,10.95,0.0,0.3,0.97,0.0,0.0,0.0,9.1,N,N,N,N,N
HV0005,B03406,,2024-09-01 00:42:37,,2024-09-01 00:51:46,2024-09-01 01:33:27,37,265,8.334,2501,55.59,20.45,2.09,0.0,0.0,0.0,0.0,38.01,N,N,N,N,N
HV0005,B03406,,2024-08-31 23:56:26,,2024-09-01 00:01:55,2024-09-01 00:10:06,164,68,0.923,491,9.35,0.0,0.2,0.65,2.75,0.0,0.0,6.04,N,N,N,N,N
HV0005,B03406,,2024-09-01 00:12:45,,2024-09-01 00:21:19,2024-09-01 00:30:31,100,186,0.393,552,7.98,0.0,0.22,0.71,2.75,0.0,0.0,5.92,N,N,N,N,N
HV0003,B03404,B03404,2024-09-01 00:03:03,2024-09-01 00:06:13,2024-09-01 00:06:37,2024-09-01 00:19:36,22,108,2.7,779,17.76,0.0,0.48,1.57,0.0,0.0,0.0,12.86,N,N,N,N,N
HV0003,B03404,B03404,2024-09-01 00:18:45,2024-09-01 00:22:01,2024-09-01 00:22:08,2024-09-01 00:31:24,123,149,1.93,556,12.59,0.0,0.36,1.19,0.0,0.0,1.0,9.64,N,N,N,N,N
HV0003,B03404,B03404,2024-09-01 00:31:53,2024-09-01 00:33:57,2024-09-01 00:34:58,2024-09-01 00:40:15,165,149,0.81,317,8.53,0.0,0.23,0.75,0.0,0.0,0.0,7.01,N,N,N,N,N
HV0003,B03404,B03404,2024-09-01 00:39:45,2024-09-01 00:47:58,2024-09-01 00:49:58,2024-09-01 01:08:07,123,26,3.45,1089,22.12,0.0,0.62,1.99,0.0,0.0,0.0,16.89,N,N,N,N,N
HV0003,B03404,B03404,2024-08-31 23:59:53,2024-09-01 00:02:15,2024-09-01 00:02:37,2024-09-01 00:19:36,94,126,3.88,1019,20.55,0.0,0.57,1.82,0.0,0.0,0.0,15.18,N,N,N,N,N
HV0003,B03404,B03404,2024-09-01 00:19:50,2024-09-01 00:23:07,2024-09-01 00:23:26,2024-09-01 00:29:13,126,159,0.92,347,8.89,0.0,0.24,0.79,0.0,0.0,0.0,5.39,N,N,N,N,N
HV0003,B03404,B03404,2024-09-01 00:32:36,2024-09-01 00:36:43,2024-09-01 00:38:07,2024-09-01 01:06:49,168,97,13.17,1722,46.26,6.94,1.27,4.72,0.0,0.0,0.0,36.74,N,N,N,N,N
HV0005,B03406,,2024-09-01 00:02:19,,2024-09-01 00:08:28,2024-09-01 00:28:00,148,225,3.593,1172,18.81,0.0,0.52,1.67,2.75,0.0,0.0,16.33,N,N,N,N,N
HV0005,B03406,,2024-09-01 00:24:27,,2024-09-01 00:37:00,2024-09-01 00:48:00,37,157,1.568,660,14.15,0.0,0.39,1.26,0.0,0.0,0.0,11.17,N,N,N,N,N
HV0003,B03404,B03404,2024-09-01 00:17:10,2024-09-01 00:18:46,2024-09-01 00:20:56,2024-09-01 00:32:52,18,119,2.54,716,13.97,0.0,0.38,1.24,0.0,0.0,0.0,10.41,N,N,N,N,N
HV0003,B03404,B03404,2024-09-01 00:27:59,2024-09-01 00:32:50,2024-09-01 00:34:53,2024-09-01 01:27:53,119,39,24.91,3180,56.41,6.94,1.55,5.62,0.0,0.0,0.0,64.79,Y,N,N,N,N
HV0003,B03404,B03404,2024-09-01 00:24:33,2024-09-01 00:26:30,2024-09-01 00:28:13,2024-09-01 00:49:27,69,265,11.01,1274,32.25,0.0,0.89,2.86,0.0,0.0,0.0,28.92,N,N,N,N,N
HV0005,B03406,,2024-09-01 00:38:40,,2024-09-01 00:40:15,2024-09-01 01:19:21,93,265,25.157,2346,97.8,25.79,3.4,0.0,0.0,0.0,19.05,81.54,N,N,N,N,N
HV0005,B03406,,2024-09-01 00:06:55,,2024-09-01 00:10:34,2024-09-01 00:19:58,82,226,2.538,564,13.23,0.0,0.36,1.18,0.0,0.0,0.0,11.46,N,N,N,N,N
HV0005,B03406,,2024-09-01 00:15:48,,2024-09-01 00:27:54,2024-09-01 00:57:29,80,48,7.663,1775,57.65,1.97,1.58,5.09,2.75,0.0,0.0,29.44,N,N,N,N,N
HV0003,B03404,B03404,2024-09-01 00:42:44,2024-09-01 00:44:53,2024-09-01 00:45:14,2024-09-01 00:51:17,248,213,0.83,363,7.21,0.0,0.2,0.64,0.0,0.0,0.0,5.4,N,N,N,N,N
HV0003,B03404,B03404,2024-09-01 00:30:01,2024-09-01 00:42:18,2024-09-01 00:44:19,2024-09-01 01:16:01,117,35,11.28,1902,36.97,0.0,1.02,3.28,0.0,0.0,0.0,33.82,N,N,N,N,N
HV0003,B03404,B03404,2024-09-01 00:21:51,2024-09-01 00:25:24,2024-09-01 00:25:52,2024-09-01 00:52:50,97,72,4.77,1618,50.11,0.0,1.38,4.45,0.0,0.0,8.39,25.46,N,N,N,N,N
HV0003,B03404,B03404,2024-09-01 00:51:19,2024-09-01 00:54:12,2024-09-01 00:54:30,2024-09-01 01:19:58,72,97,5.44,1528,18.74,0.0,0.52,1.66,0.0,0.0,0.0,22.25,Y,N,N,N,N
HV0003,B03404,B03404,2024-08-31 23:58:38,2024-09-01 00:07:48,2024-09-01 00:08:20,2024-09-01 00:35:30,230,95,10.15,1630,31.12,6.94,0.92,3.54,2.75,0.0,0.0,29.64,N,N,N,N,N
HV0003,B03404,B03404,2024-09-01 00:30:30,2024-09-01 00:39:08,2024-09-01 00:39:42,2024-09-01 01:04:37,95,265,14.43,1495,38.49,0.0,1.05,3.42,0.0,0.0,0.0,36.13,N,N,N,N,N
HV0003,B03404,B03404,2024-09-01 00:12:16,2024-09-01 00:18:37,2024-09-01 00:18:37,2024-09-01 00:39:20,80,146,3.89,1243,54.16,0.0,1.59,5.1,0.0,0.0,0.0,28.84,N,N,N,N,N
HV0003,B03404,B03404,2024-09-01 00:38:45,2024-09-01 00:50:17,2024-09-01 00:50:47,2024-09-01 01:07:32,226,143,4.24,1005,32.04,0.0,0.88,2.84,2.75,0.0,0.0,16.21,N,N,N,N,N
HV0005,B03406,,2024-09-01 00:15:11,,2024-09-01 00:18:01,2024-09-01 00:25:23,159,74,1.634,442,10.74,0.0,0.3,0.95,0.0,0.0,0.0,6.54,N,N,N,N,N
HV0005,B03406,,2024-09-01 00:22:03,,2024-09-01 00:28:34,2024-09-01 00:40:19,74,168,1.834,705,13.26,0.0,0.47,1.53,0.0,0.0,0.0,13.38,N,N,N,N,N
HV0005,B03406,,2024-09-01 00:38:03,,2024-09-01 00:42:46,2024-09-01 01:00:30,168,51,8.731,1064,28.85,0.14,0.71,2.29,0.0,0.0,0.0,22.29,N,N,N,N,N
HV0005,B03406,,2024-09-01 00:01:12,,2024-09-01 00:06:22,2024-09-01 00:26:34,4,97,4.99,1212,28.51,0.0,0.78,2.53,2.75,0.0,0.0,19.72,N,N,N,N,N
HV0005,B03406,,2024-09-01 00:26:54,,2024-09-01 00:35:40,2024-09-01 00:45:51,256,217,1.016,611,11.12,0.0,0.31,0.99,0.0,0.0,0.0,9.81,N,N,N,N,N
HV0005,B03406,,2024-09-01 00:43:04,,2024-09-01 00:50:17,2024-09-01 01:02:02,256,37,1.443,705,12.62,0.0,0.29,0.94,0.0,0.0,2.0,11.35,N,N,N,N,N
HV0005,B03406,,2024-09-01 00:11:33,,2024-09-01 00:17:13,2024-09-01 00:40:57,169,259,6.291,1424,25.0,0.0,0.55,1.78,0.0,0.0,0.0,22.47,N,N,N,N,N
HV0005,B03406,,2024-09-01 00:34:54,,2024-09-01 00:44:31,2024-09-01 01:01:15,259,78,5.777,1004,20.59,0.0,0.57,1.83,0.0,0.0,0.0,17.68,N,N,N,N,N
HV0003,B03404,B03404,2024-08-31 23:59:29,2024-09-01 00:10:58,2024-09-01 00:11:13,2024-09-01 00:27:51,118,251,6.04,998,22.8,0.0,0.63,2.02,0.0,0.0,0.0,19.98,N,N,N,N,N
HV0003,B03404,B03404,2024-09-01 00:27:34,2024-09-01 00:31:14,2024-09-01 00:31:22,2024-09-01 00:36:55,206,251,1.61,333,8.91,0.0,0.24,0.79,0.0,0.0,0.0,5.43,N,N,N,N,N
HV0003,B03404,B03404,2024-09-01 00:28:20,2024-09-01 00:41:34,2024-09-01 00:41:46,2024-09-01 00:52:05,23,245,3.43,619,19.64,0.0,0.54,1.74,0.0,0.0,0.0,10.68,N,N,N,N,N
HV0003,B03404,B03404,2024-09-01 00:09:52,2024-09-01 00:15:15,2024-09-01 00:15:58,2024-09-01 00:21:35,61,17,1.15,337,7.26,0.0,0.2,0.65,0.0,0.0,0.0,5.39,N,N,N,N,N
HV0003,B03404,B03404,2024-09-01 00:23:15,2024-09-01 00:28:39,2024-09-01 00:30:40,2024-09-01 00:49:28,17,256,3.12,1128,21.4,0.0,0.59,1.9,0.0,0.0,4.77,15.21,N,N,N,N,N
HV0003,B03404,B03404,2024-09-01 00:47:23,2024-09-01 00:51:47,2024-09-01 00:52:04,2024-09-01 01:08:47,255,125,3.62,1003,21.25,0.0,0.63,2.01,2.75,0.0,0.0,14.67,N,N,N,N,N
HV0003,B03404,B03404,2024-09-01 00:15:33,2024-09-01 00:19:10,2024-09-01 00:21:04,2024-09-01 00:46:35,19,247,14.93,1531,36.16,6.94,0.99,3.83,0.0,0.0,0.0,35.18,N,N,N,N,N
HV0003,B03404,B03404,2024-09-01 00:18:05,2024-09-01 00:20:54,2024-09-01 00:21:37,2024-09-01 00:34:53,90,229,2.56,796,17.16,0.0,0.47,1.52,2.75,0.0,4.38,11.22,N,N,N,N,N
HV0003,B03404,B03404,2024-09-01 00:37:22,2024-09-01 00:38:18,2024-09-01 00:40:19,2024-09-01 00:52:38,229,48,1.48,739,10.22,0.0,0.28,0.9,2.75,0.0,1.0,9.2,N,N,N,N,N
HV0003,B03404,B03404,2024-09-01 00:53:24,2024-09-01 00:55:42,2024-09-01 00:57:14,2024-09-01 01:16:46,50,232,5.01,1172,36.94,0.0,1.02,3.28,2.75,0.0,0.0,19.0,N,N,N,N,N
HV0003,B03404,B03404,2024-09-01 00:02:36,2024-09-01 00:04:19,2024-09-01 00:04:27,2024-09-01 00:17:14,227,85,2.74,767,15.5,0.0,0.42,1.37,0.0,0.0,0.0,11.18,N,N,N,N,N
HV0003,B03404,B03404,2024-09-01 00:22:03,2024-09-01 00:24:19,2024-09-01 00:25:55,2024-09-01 00:40:46,188,61,2.97,891,16.78,0.0,0.49,1.59,0.0,0.0,0.0,12.7,N,N,N,N,N
HV0003,B03404,B03404,2024-09-01 00:40:02,2024-09-01 00:43:00,2024-09-01 00:43:00,2024-09-01 00:50:51,61,49,1.45,471,14.05,0.0,0.39,1.27,0.0,0.0,0.0,6.55,N,N,N,N,N
HV0003,B03404,B03404,2024-09-01 00:51:36,2024-09-01 00:52:51,2024-09-01 00:54:13,2024-09-01 01:05:27,49,256,1.81,674,11.57,0.0,0.32,1.03,0.0,0.0,0.0,9.01,N,N,N,N,N
HV0005,B03406,,2024-09-01 00:05:57,,2024-09-01 00:13:22,2024-09-01 01:02:22,168,149,19.295,2940,56.95,5.04,1.42,4.59,2.75,0.0,0.0,55.0,N,N,N,N,N
HV0003,B03404,B03404,2024-09-01 00:29:59,2024-09-01 00:31:55,2024-09-01 00:32:24,2024-09-01 00:49:08,148,237,4.05,1004,38.71,0.0,1.07,3.44,2.75,0.0,9.19,24.08,N,N,N,N,N
HV0003,B03404,B03404,2024-09-01 00:07:13,2024-09-01 00:14:44,2024-09-01 00:15:30,2024-09-01 00:58:11,80,265,20.11,2561,117.42,6.94,3.43,11.7,0.0,0.0,0.0,62.15,N,N,N,N,N
HV0003,B03404,B03404,2024-08-31 23:58:51,2024-09-01 00:06:06,2024-09-01 00:06:06,2024-09-01 00:16:34,7,129,2.02,628,12.59,0.0,0.36,1.19,0.0,0.0,0.0,8.85,N,N,N,N,N
HV0003,B03404,B03404,2024-09-01 00:16:15,2024-09-01 00:17:00,2024-09-01 00:17:24,2024-09-01 00:31:46,129,213,7.88,862,22.21,6.94,0.65,2.71,0.0,0.0,0.0,19.1,N,N,N,N,N
HV0003,B03404,B03404,2024-09-01 00:03:33,2024-09-01 00:06:54,2024-09-01 00:07:19,2024-09-01 00:22:59,18,182,5.04,940,19.66,0.0,0.54,1.75,0.0,0.0,0.0,15.99,N,N,N,N,N
HV0003,B03404,B03404,2024-09-01 00:32:06,2024-09-01 00:34:26,2024-09-01 00:36:27,2024-09-01 00:56:25,182,200,8.21,1198,33.11,0.0,0.91,2.94,0.0,0.0,0.0,22.81,N,N,N,N,N
HV0005,B03406,,2024-09-01 00:27:42,,2024-09-01 00:32:43,2024-09-01 01:18:12,45,7,9.471,2729,32.47,0.0,0.89,2.88,2.75,0.0,5.85,39.54,N,N,N,N,N
HV0003,B03404,B03404,2024-09-01 00:25:17,2024-09-01 00:34:31,2024-09-01 00:35:05,2024-09-01 01:02:13,202,230,5.28,1628,36.94,0.0,1.02,3.28,2.75,0.0,0.0,24.5,N,N,N,N,N
HV0003,B03404,B03404,2024-09-01 00:22:44,2024-09-01 00:29:44,2024-09-01 00:30:14,2024-09-01 00:57:28,205,258,8.64,1634,33.6,0.0,0.92,2.98,0.0,0.0,0.0,27.63,N,N,N,N,N
HV0003,B03404,B03404,2024-09-01 00:11:42,2024-09-01 00:15:30,2024-09-01 00:16:51,2024-09-01 00:26:13,150,108,2.76,562,19.65,0.0,0.54,1.75,0.0,0.0,0.0,10.46,N,N,N,N,N
HV0003,B03404,B03404,2024-09-01 00:26:06,2024-09-01 00:27:42,2024-09-01 00:28:14,2024-09-01 00:45:16,108,228,4.61,1022,21.47,0.0,0.59,1.9,0.0,0.0,0.0,16.2,N,N,N,N,N
HV0003,B03404,B03404,2024-09-01 00:01:02,2024-09-01 00:10:36,2024-09-01 00:11:45,2024-09-01 00:51:09,80,14,10.98,2364,59.97,0.0,1.65,5.31,0.0,0.0,0.0,44.54,N,N,N,N,Y
HV0003,B03404,B03404,2024-09-01 00:52:26,2024-09-01 00:55:28,2024-09-01 00:56:20,2024-09-01 01:05:08,14,228,1.48,528,11.62,0.0,0.32,1.03,0.0,0.0,0.0,7.73,N,N,N,N,Y
HV0005,B03406,,2024-09-01 00:35:10,,2024-09-01 00:38:42,2024-09-01 00:52:57,35,71,2.794,855,16.3,0.0,0.4,1.29,0.0,0.0,4.5,12.16,N,N,N,N,N
HV0003,B03404,B03404,2024-08-31 23:56:33,2024-08-31 23:59:52,2024-09-01 00:00:21,2024-09-01 00:12:14,112,256,1.86,713,13.42,0.0,0.37,1.19,0.0,0.0,0.0,10.46,N,N,N,N,N
HV0003,B03404,B03404,2024-09-01 00:09:42,2024-09-01 00:15:04,2024-09-01 00:15:30,2024-09-01 00:35:02,255,61,3.37,1172,29.1,0.0,0.86,2.75,0.0,0.0,6.91,17.22,N,N,N,N,N
HV0003,B03404,B03404,2024-09-01 00:30:34,2024-09-01 00:42:10,2024-09-01 00:42:10,2024-09-01 01:07:22,62,62,3.17,1512,16.68,0.0,0.46,1.51,0.0,0.0,0.0,19.0,N,N,N,N,N
HV0003,B03404,B03404,2024-09-01 00:36:40,2024-09-01 00:38:25,2024-09-01 00:40:25,2024-09-01 00:46:31,169,119,1.02,366,9.15,0.0,0.25,0.82,0.0,0.0,0.0,5.58,N,N,N,N,N
HV0003,B03404,B03404,2024-09-01 00:46:53,2024-09-01 00:48:05,2024-09-01 00:48:50,2024-09-01 01:00:46,119,127,4.57,716,17.02,0.0,0.47,1.51,0.0,0.0,0.0,13.18,N,N,N,N,N
HV0003,B03404,B03404,2024-09-01 00:01:52,2024-09-01 00:03:54,2024-09-01 00:04:00,2024-09-01 00:32:57,122,37,11.47,1737,34.86,0.0,0.96,3.09,0.0,0.0,0.0,32.48,N,N,N,N,N
HV0003,B03404,B03404,2024-09-01 00:30:54,2024-09-01 00:35:58,2024-09-01 00:36:46,2024-09-01 00:45:31,37,157,1.69,525,18.58,0.0,0.52,1.7,0.0,0.0,0.0,9.15,N,N,N,N,N
HV0003,B03404,B03404,2024-09-01 00:38:13,2024-09-01 00:46:58,2024-09-01 00:47:07,2024-09-01 01:09:05,80,34,3.35,1318,42.53,0.0,1.21,3.88,0.0,0.0,0.0,21.86,N,N,N,N,N
HV0003,B03404,B03404,2024-08-31 23:58:03,2024-09-01 00:00:31,2024-09-01 00:01:02,2024-09-01 00:06:21,39,39,0.87,319,6.81,0.0,0.2,0.64,0.0,0.0,0.0,5.39,N,N,N,N,N
HV0003,B03404,B03404,2024-09-01 00:11:27,2024-09-01 00:18:55,2024-09-01 00:20:07,2024-09-01 00:58:51,72,38,13.18,2324,44.57,0.0,1.24,4.01,0.0,0.0,0.0,40.5,N,N,N,N,N
HV0003,B03404,B03404,2024-09-01 00:17:47,2024-09-01 00:23:08,2024-09-01 00:23:09,2024-09-01 00:28:56,183,58,1.57,347,11.59,0.0,0.32,1.03,0.0,0.0,0.0,5.51,N,N,N,N,N
HV0003,B03404,B03404,2024-09-01 00:33:09,2024-09-01 00:36:24,2024-09-01 00:36:47,2024-09-01 00:46:12,208,60,3.45,565,15.75,0.0,0.44,1.4,0.0,0.0,0.0,10.18,N,N,N,N,N
HV0003,B03404,B03404,2024-09-01 00:46:46,2024-09-01 00:50:44,2024-09-01 00:50:59,2024-09-01 01:00:47,60,213,2.62,588,14.29,0.0,0.39,1.26,0.0,0.0,0.0,9.27,N,N,N,N,N
HV0005,B03406,,2024-08-31 23:59:01,,2024-09-01 00:03:30,2024-09-01 00:12:58,238,262,1.683,568,10.65,0.0,0.2,0.63,2.75,0.0,0.0,7.83,N,N,N,N,N
HV0003,B03404,B03404,2024-09-01 00:04:57,2024-09-01 00:09:40,2024-09-01 00:11:41,2024-09-01 00:37:38,215,223,11.74,1557,26.57,0.0,0.73,2.36,0.0,0.0,0.0,31.1,N,N,N,N,N
HV0003,B03404,B03404,2024-09-01 00:36:45,2024-09-01 00:41:09,2024-09-01 00:41:09,2024-09-01 00:46:08,223,223,0.95,299,8.93,0.0,0.24,0.8,0.0,0.0,0.0,5.39,N,N,N,N,N
HV0003,B03404,B03404,2024-09-01 00:47:43,2024-09-01 00:51:04,2024-09-01 00:51:25,2024-09-01 01:07:09,223,15,9.14,944,31.79,0.0,0.88,2.84,0.0,0.0,0.0,21.6,N,N,N,N,N
HV0003,B03404,B03404,2024-09-01 00:36:30,2024-09-01 00:40:33,2024-09-01 00:42:33,2024-09-01 00:58:53,74,212,6.57,980,16.06,0.0,0.44,1.42,0.0,0.0,0.0,18.46,N,N,N,N,N
HV0003,B03404,B03404,2024-09-01 00:02:15,2024-09-01 00:09:23,2024-09-01 00:09:49,2024-09-01 00:42:03,130,34,14.48,1934,35.71,0.0,0.99,3.19,0.0,0.0,0.0,38.48,N,N,N,N,N
HV0005,B03406,,2024-09-01 00:17:56,,2024-09-01 00:21:28,2024-09-01 00:40:01,249,143,3.902,1113,21.52,0.0,0.59,1.91,2.75,0.0,0.0,16.18,N,N,N,N,N
HV0003,B03404,B03404,2024-09-01 00:03:43,2024-09-01 00:10:37,2024-09-01 00:12:38,2024-09-01 00:34:19,236,48,2.88,1301,27.95,0.0,0.76,2.49,2.75,0.0,0.0,25.18,N,N,N,N,N
HV0003,B03404,B03404,2024-09-01 00:35:27,2024-09-01 00:37:17,2024-09-01 00:38:40,2024-09-01 00:51:00,48,234,2.57,740,19.53,0.0,0.52,1.69,2.75,0.0,0.0,13.97,N,N,N,N,N
HV0003,B03404,B03404,2024-09-01 00:50:31,2024-09-01 00:53:41,2024-09-01 00:55:31,2024-09-01 01:02:41,107,90,1.14,430,6.41,0.0,0.17,0.57,2.75,0.0,0.0,9.01,N,N,N,N,N
HV0003,B03404,B03404,2024-09-01 00:28:18,2024-09-01 00:36:26,2024-09-01 00:38:27,2024-09-01 00:51:37,36,198,1.33,790,17.26,0.0,0.47,1.53,0.0,0.0,0.0,12.82,N,N,N,N,N
HV0003,B03404,B03404,2024-09-01 00:23:21,2024-09-01 00:26:31,2024-09-01 00:27:07,2024-09-01 00:50:02,112,189,4.22,1375,28.31,0.0,0.83,2.67,0.0,0.0,3.36,20.35,N,N,N,N,N
HV0003,B03404,B03404,2024-09-01 00:36:36,2024-09-01 00:52:51,2024-09-01 00:54:15,2024-09-01 01:13:38,189,165,4.26,1163,26.48,0.0,0.76,2.46,0.0,0.0,0.0,21.09,N,N,N,N,N
HV0003,B03404,B03404,2024-09-01 00:33:14,2024-09-01 00:38:27,2024-09-01 00:38:43,2024-09-01 00:58:14,191,197,7.81,1171,26.85,0.0,0.74,2.38,0.0,0.0,0.0,22.0,N,N,N,N,N
HV0003,B03404,B03404,2024-09-01 00:19:42,2024-09-01 00:22:20,2024-09-01 00:23:53,2024-09-01 00:29:57,107,79,1.03,364,9.12,0.0,0.25,0.81,2.75,0.0,0.0,6.39,N,N,N,N,Y
HV0005,B03406,,2024-09-01 00:30:54,,2024-09-01 00:34:25,2024-09-01 00:46:38,79,161,2.077,733,16.11,0.0,0.44,1.43,2.75,0.0,0.0,10.78,N,N,N,N,Y
HV0005,B03406,,2024-09-01 00:00:45,,2024-09-01 00:03:53,2024-09-01 00:11:58,168,159,0.705,485,8.73,0.0,0.24,0.77,0.0,0.0,3.0,5.69,N,N,N,N,N
HV0005,B03406,,2024-09-01 00:11:27,,2024-09-01 00:14:56,2024-09-01 00:28:02,159,212,2.495,786,14.95,0.0,0.41,1.33,0.0,0.0,0.0,11.07,N,N,N,N,N
HV0005,B03406,,2024-09-01 00:31:30,,2024-09-01 00:37:23,2024-09-01 00:41:47,248,167,0.457,264,7.74,0.0,0.21,0.69,0.0,0.0,0.0,5.47,N,N,N,N,N
HV0005,B03406,,2024-09-01 00:42:07,,2024-09-01 00:48:15,2024-09-01 00:55:33,147,126,1.443,438,8.95,0.0,0.25,0.79,0.0,0.0,0.0,6.24,N,N,N,N,N
HV0005,B03406,,2024-08-31 23:53:47,,2024-09-01 00:00:04,2024-09-01 00:13:36,168,235,4.145,812,18.8,0.0,0.52,1.67,0.0,0.0,0.0,13.57,N,N,N,N,N
HV0005,B03406,,2024-09-01 00:15:44,,2024-09-01 00:20:32,2024-09-01 00:39:11,119,254,7.085,1119,26.2,0.0,0.64,2.07,0.0,0.0,0.0,20.59,N,N,N,N,N
HV0003,B03404,B03404,2024-09-01 00:01:56,2024-09-01 00:04:53,2024-09-01 00:05:06,2024-09-01 00:19:52,83,256,5.13,886,18.75,0.0,0.52,1.67,0.0,0.0,0.0,15.59,N,N,N,N,N
HV0003,B03404,B03404,2024-09-01 00:17:54,2024-09-01 00:20:41,2024-09-01 00:21:19,2024-09-01 00:26:37,256,256,0.9,318,19.7,0.0,0.54,1.74,0.0,0.0,0.0,9.87,N,N,N,N,N
HV0003,B03404,B03404,2024-09-01 00:24:46,2024-09-01 00:28:09,2024-09-01 00:30:09,2024-09-01 00:40:48,256,255,1.25,639,11.53,0.0,0.34,1.09,0.0,0.0,0.0,10.15,N,N,N,N,N
HV0003,B03404,B03404,2024-09-01 00:35:28,2024-09-01 00:42:37,2024-09-01 00:44:53,2024-09-01 01:10:15,255,141,6.73,1522,25.82,0.0,0.71,2.28,2.75,0.0,0.0,25.94,N,N,N,N,N
HV0003,B03404,B03404,2024-09-01 00:01:55,2024-09-01 00:09:15,2024-09-01 00:09:29,2024-09-01 00:15:46,36,198,0.95,377,9.85,0.0,0.27,0.88,0.0,0.0,0.0,5.82,N,N,N,N,N
HV0003,B03404,B03404,2024-09-01 00:13:04,2024-09-01 00:19:43,2024-09-01 00:19:48,2024-09-01 00:25:30,198,157,0.93,342,11.58,0.0,0.32,1.03,0.0,0.0,0.0,7.81,N,N,N,N,N
HV0003,B03404,B03404,2024-09-01 00:22:09,2024-09-01 00:30:27,2024-09-01 00:30:34,2024-09-01 00:48:52,80,164,6.48,1098,43.52,6.94,1.27,4.72,2.75,0.0,0.0,23.5,N,N,N,N,N
HV0005,B03406,,2024-09-01 00:57:34,,2024-09-01 00:59:55,2024-09-01 01:16:42,164,83,5.626,1007,22.01,2.41,0.67,2.15,2.75,0.0,0.0,17.5,N,N,N,N,N
HV0003,B03404,B03404,2024-09-01 00:06:12,2024-09-01 00:13:20,2024-09-01 00:14:59,2024-09-01 00:36:16,184,243,10.16,1277,26.68,0.0,0.73,2.37,0.0,0.0,0.0,26.23,N,N,N,N,N
HV0003,B03404,B03404,2024-09-01 00:38:21,2024-09-01 00:40:28,2024-09-01 00:42:29,2024-09-01 00:57:12,243,74,5.85,883,15.59,0.0,0.43,1.37,0.0,0.0,0.0,16.54,N,N,N,N,N
HV0005,B03406,,2024-09-01 00:17:50,,2024-09-01 00:29:58,2024-09-01 00:39:18,37,226,1.577,560,10.46,0.0,0.29,0.93,0.0,0.0,0.0,12.61,N,N,N,N,N
HV0003,B03404,B03404,2024-09-01 00:21:08,2024-09-01 00:24:24,2024-09-01 00:26:24,2024-09-01 00:32:24,168,159,1.19,360,7.9,0.0,0.22,0.71,0.0,0.0,0.0,5.59,N,N,N,N,N
HV0003,B03404,B03404,2024-09-01 00:37:28,2024-09-01 00:40:00,2024-09-01 00:42:02,2024-09-01 00:59:05,168,60,2.42,1023,15.98,0.0,0.44,1.41,0.0,0.0,0.0,13.24,N,N,N,N,N
HV0003,B03404,B03404,2024-08-31 23:56:08,2024-09-01 00:05:43,2024-09-01 00:06:16,2024-09-01 00:28:56,93,237,9.83,1360,124.29,6.94,3.42,11.64,2.75,0.0,22.35,65.32,N,N,N,N,N
HV0003,B03404,B03404,2024-09-01 00:35:51,2024-09-01 00:42:40,2024-09-01 00:43:19,2024-09-01 01:04:08,249,265,4.93,1249,33.1,20.0,0.91,0.0,0.0,0.0,0.0,20.72,N,N,N,N,N
HV0003,B03404,B03404,2024-09-01 00:32:51,2024-09-01 00:34:46,2024-09-01 00:36:46,2024-09-01 00:52:25,107,74,4.82,939,15.99,0.0,0.44,1.42,2.75,0.0,0.0,15.69,N,N,N,N,N
HV0003,B03404,B03404,2024-08-31 23:39:33,2024-09-01 00:05:12,2024-09-01 00:05:49,2024-09-01 00:26:45,93,112,7.73,1256,73.56,0.0,2.02,6.53,0.0,0.0,0.0,65.97,N,N,N,N,N
HV0005,B03406,,2024-09-01 00:25:19,,2024-09-01 00:30:03,2024-09-01 00:49:04,112,68,4.362,1141,39.2,4.68,1.21,3.89,2.75,0.0,0.0,26.15,N,N,N,N,N
HV0003,B03404,B03404,2024-09-01 00:00:54,2024-09-01 00:09:57,2024-09-01 00:09:57,2024-09-01 00:40:00,234,37,7.62,1803,41.47,6.94,1.14,4.3,2.75,0.0,8.49,29.09,N,N,N,N,N
HV0003,B03404,B03404,2024-09-01 00:34:37,2024-09-01 00:45:46,2024-09-01 00:47:01,2024-09-01 01:01:41,36,226,3.61,880,22.35,0.0,0.62,1.98,0.0,0.0,0.0,13.46,N,N,N,N,N
HV0003,B03404,B03404,2024-09-01 00:17:50,2024-09-01 00:20:42,2024-09-01 00:21:22,2024-09-01 00:43:49,54,108,11.76,1347,32.89,0.0,0.92,2.97,0.0,0.0,0.0,29.29,N,N,N,N,N
HV0003,B03404,B03404,2024-09-01 00:51:57,2024-09-01 00:55:50,2024-09-01 00:57:21,2024-09-01 01:03:32,150,108,2.51,371,11.6,0.0,0.31,1.03,0.0,0.0,0.0,7.22,N,N,N,N,N
HV0003,B03404,B03404,2024-09-01 00:47:37,2024-09-01 00:52:23,2024-09-01 00:54:24,2024-09-01 01:41:11,114,265,23.37,2807,87.13,0.0,2.4,7.73,2.75,0.0,0.0,64.36,N,N,N,N,N
HV0003,B03404,B03404,2024-08-31 23:56:41,2024-08-31 23:59:35,2024-09-01 00:00:56,2024-09-01 00:10:10,74,75,1.53,554,10.71,0.0,0.29,0.95,0.0,0.0,0.0,7.46,N,N,N,N,N
HV0005,B03406,,2024-09-01 00:18:30,,2024-09-01 00:20:07,2024-09-01 00:51:11,163,167,10.075,1864,34.91,0.7,0.98,3.16,2.75,0.0,0.0,31.93,N,N,N,N,N
HV0003,B03404,B03404,2024-09-01 00:10:57,2024-09-01 00:17:05,2024-09-01 00:17:38,2024-09-01 00:26:14,209,148,1.38,516,10.09,0.0,0.29,0.96,0.75,0.0,0.0,6.89,Y,N,N,N,N
HV0003,B03404,B03404,2024-09-01 00:25:36,2024-09-01 00:29:41,2024-09-01 00:31:09,2024-09-01 01:28:56,148,74,8.45,3467,60.75,0.0,1.67,5.39,2.75,0.0,10.58,45.18,N,N,N,N,N
HV0005,B03406,B03406,2024-09-01 00:08:13,2024-09-01 00:10:17,2024-09-01 00:11:00,2024-09-01 00:39:39,256,71,5.574,1719,32.99,0.23,0.81,2.62,0.0,0.0,0.0,41.52,N,N,N,Y,Y
HV0003,B03404,B03404,2024-09-01 00:44:36,2024-09-01 00:49:46,2024-09-01 00:49:47,2024-09-01 00:58:57,138,260,3.14,550,16.21,0.0,0.51,1.66,0.0,2.5,0.0,10.88,N,N,N,N,Y
HV0003,B03404,B03404,2024-09-01 00:57:10,2024-09-01 00:59:02,2024-09-01 00:59:18,2024-09-01 01:10:06,260,157,2.5,648,11.75,0.0,0.34,1.11,0.0,0.0,0.0,10.7,N,N,N,N,Y
HV0005,B03406,,2024-09-01 00:17:15,,2024-09-01 00:21:52,2024-09-01 00:33:47,114,170,2.315,715,16.34,0.0,0.45,1.45,2.75,0.0,0.0,10.13,N,N,N,N,N
HV0003,B03404,B03404,2024-09-01 00:09:20,2024-09-01 00:12:16,2024-09-01 00:13:34,2024-09-01 00:24:27,227,67,1.88,653,11.21,0.0,0.31,1.0,0.0,0.0,0.0,8.9,N,N,N,N,N
HV0003,B03404,B03404,2024-09-01 00:31:54,2024-09-01 00:36:03,2024-09-01 00:37:14,2024-09-01 00:58:02,228,255,7.33,1248,25.56,0.0,0.75,2.4,0.0,0.0,0.0,22.1,N,N,N,N,N
HV0003,B03404,B03404,2024-09-01 00:49:59,2024-09-01 00:57:55,2024-09-01 00:58:51,2024-09-01 01:14:30,255,164,4.27,939,25.8,6.94,0.72,2.89,2.75,0.0,0.0,17.43,N,N,N,N,N
HV0003,B03404,B03404,2024-09-01 00:46:14,2024-09-01 00:47:21,2024-09-01 00:49:22,2024-09-01 00:59:32,246,68,1.25,610,12.58,0.0,0.34,1.12,2.75,0.0,0.0,8.0,N,N,N,N,N
HV0003,B03404,B03404,2024-09-01 00:10:25,2024-09-01 00:17:27,2024-09-01 00:19:03,2024-09-01 00:33:42,225,63,2.64,879,15.19,0.0,0.41,1.34,0.0,0.0,0.0,12.13,N,N,N,N,N
HV0003,B03404,B03404,2024-09-01 00:34:11,2024-09-01 00:40:30,2024-09-01 00:41:21,2024-09-01 01:01:20,63,56,9.19,1199,26.21,0.0,0.72,2.33,0.0,0.0,0.0,24.15,N,N,N,N,N
HV0005,B03406,,2024-09-01 00:03:07,,2024-09-01 00:10:32,2024-09-01 00:26:55,256,233,4.361,983,22.89,0.4,0.44,1.42,2.75,0.0,0.0,15.54,N,N,N,N,N
HV0003,B03404,B03404,2024-09-01 00:18:40,2024-09-01 00:22:01,2024-09-01 00:22:06,2024-09-01 00:24:48,242,208,0.58,162,7.04,0.0,0.18,0.58,0.0,0.0,0.0,5.39,N,N,N,N,N
HV0003,B03404,B03404,2024-09-01 00:20:07,2024-09-01 00:29:30,2024-09-01 00:30:30,2024-09-01 00:33:06,208,208,0.5,156,9.42,0.0,0.26,0.83,0.0,0.0,0.0,5.4,N,N,N,N,N
HV0003,B03404,B03404,2024-09-01 00:35:30,2024-09-01 00:37:13,2024-09-01 00:38:16,2024-09-01 00:43:39,208,208,1.36,323,8.95,0.0,0.24,0.8,0.0,0.0,0.0,5.39,N,N,N,N,N
HV0003,B03404,B03404,2024-09-01 00:47:51,2024-09-01 00:52:09,2024-09-01 00:54:09,2024-09-01 01:26:44,208,243,9.09,1955,37.25,0.0,1.02,3.3,0.0,0.0,0.0,31.36,N,N,N,N,N
HV0003,B03404,B03404,2024-09-01 00:07:43,2024-09-01 00:09:23,2024-09-01 00:10:12,2024-09-01 00:24:50,144,231,1.71,878,38.18,0.0,1.11,3.61,2.75,0.0,0.0,27.05,N,N,N,N,N
HV0003,B03404,B03404,2024-09-01 00:26:13,2024-09-01 00:34:15,2024-09-01 00:34:51,2024-09-01 00:40:57,125,90,1.35,366,17.75,0.0,0.44,1.44,2.75,0.0,0.0,10.66,N,N,N,N,N
HV0005,B03406,,2024-09-01 00:45:35,,2024-09-01 00:51:48,2024-09-01 01:00:11,90,249,0.61,503,17.69,0.0,0.49,1.57,2.75,0.0,4.05,11.74,N,N,N,N,N
HV0003,B03404,B03404,2024-09-01 00:07:12,2024-09-01 00:10:00,2024-09-01 00:10:36,2024-09-01 00:36:24,14,89,8.26,1548,38.68,0.0,1.13,3.65,0.0,0.0,0.0,26.27,N,N,N,N,N
HV0003,B03404,B03404,2024-09-01 00:32:14,2024-09-01 00:36:06,2024-09-01 00:38:08,2024-09-01 00:52:19,89,89,1.72,851,13.83,0.0,0.38,1.23,0.0,0.0,0.0,10.62,N,N,N,N,N
HV0003,B03404,B03404,2024-09-01 00:23:36,2024-09-01 00:27:47,2024-09-01 00:28:07,2024-09-01 00:33:50,95,95,1.06,343,10.19,0.0,0.27,0.89,0.0,0.0,0.0,5.39,N,N,N,N,N
HV0003,B03404,B03404,2024-09-01 00:55:06,2024-09-01 00:56:23,2024-09-01 00:56:44,2024-09-01 01:01:22,226,145,0.75,278,8.59,0.0,0.23,0.76,0.0,0.0,0.0,10.39,N,N,N,N,N
HV0005,B03406,,2024-09-01 00:15:05,,2024-09-01 00:22:59,2024-09-01 00:39:05,88,90,4.312,966,21.95,0.0,0.54,1.75,2.75,0.0,0.0,15.31,N,N,N,N,N
HV0005,B03406,,2024-09-01 00:42:10,,2024-09-01 00:46:11,2024-09-01 01:10:37,90,33,7.141,1466,26.2,0.6,0.74,2.38,2.75,0.0,0.0,24.04,N,N,N,N,N
HV0003,B03404,B03404,2024-09-01 00:05:13,2024-09-01 00:13:42,2024-09-01 00:13:57,2024-09-01 00:44:17,112,26,9.88,1820,25.09,0.0,0.69,2.23,0.0,0.0,0.0,33.58,N,N,N,N,N
HV0003,B03404,B03404,2024-09-01 00:09:55,2024-09-01 00:14:33,2024-09-01 00:15:32,2024-09-01 00:31:27,174,119,6.26,955,15.23,0.0,0.42,1.34,0.0,0.0,0.0,19.7,N,N,N,N,N
HV0003,B03404,B03404,2024-09-01 00:54:33,2024-09-01 00:57:21,2024-09-01 00:57:53,2024-09-01 01:24:19,93,231,11.86,1586,60.17,0.0,1.66,5.34,2.75,0.0,0.0,37.45,N,N,N,N,N
HV0003,B03404,B03404,2024-09-01 00:05:02,2024-09-01 00:05:40,2024-09-01 00:07:40,2024-09-01 00:20:11,48,68,1.48,751,22.18,0.0,0.61,1.97,2.75,0.0,0.0,12.41,N,N,N,N,N
HV0005,B03406,,2024-09-01 00:26:20,,2024-09-01 00:29:45,2024-09-01 00:55:35,90,97,4.685,1550,28.61,0.19,0.77,2.49,2.75,0.0,0.0,21.51,N,N,N,N,N
HV0005,B03406,,2024-09-01 00:27:48,,2024-09-01 00:36:57,2024-09-01 00:58:00,180,198,4.292,1263,28.14,0.0,0.77,2.5,0.0,0.0,4.71,19.11,N,N,N,N,N
HV0003,B03404,B03404,2024-09-01 00:05:17,2024-09-01 00:07:10,2024-09-01 00:07:29,2024-09-01 00:25:44,222,10,6.74,1095,17.88,0.0,0.5,1.61,0.0,0.0,0.0,19.81,N,N,N,N,N
HV0003,B03404,B03404,2024-09-01 00:23:17,2024-09-01 00:27:30,2024-09-01 00:29:30,2024-09-01 00:45:00,10,139,4.05,930,19.63,0.0,0.58,1.85,0.0,0.0,0.0,14.54,N,N,N,N,N
HV0003,B03404,B03404,2024-09-01 00:44:27,2024-09-01 00:49:50,2024-09-01 00:51:51,2024-09-01 02:20:45,203,169,21.34,5334,131.03,6.94,3.61,12.24,0.0,0.0,0.0,82.64,N,N,N,N,N
HV0005,B03406,,2024-09-01 00:46:21,,2024-09-01 00:53:46,2024-09-01 01:35:52,80,265,8.569,2526,63.72,20.0,2.16,0.0,0.0,0.0,0.0,41.4,N,N,N,N,Y
HV0005,B03406,,2024-09-01 00:12:26,,2024-09-01 00:18:02,2024-09-01 00:37:10,93,162,10.545,1148,35.48,5.8,1.14,3.66,2.75,0.0,0.0,30.08,N,N,N,N,N
HV0005,B03406,,2024-08-31 23:56:10,,2024-09-01 00:10:59,2024-09-01 00:37:45,132,95,9.411,1606,36.83,0.0,1.01,3.49,0.0,0.0,8.77,28.51,N,N,N,N,N
HV0005,B03406,,2024-09-01 00:38:04,,2024-09-01 00:47:20,2024-09-01 00:56:09,160,157,2.052,529,9.72,0.0,0.27,0.86,0.0,0.0,0.0,10.21,N,N,N,N,N
HV0005,B03406,,2024-09-01 00:57:31,,2024-09-01 00:58:50,2024-09-01 01:05:00,157,82,1.294,370,9.85,0.0,0.27,0.87,0.0,0.0,0.0,5.47,N,N,N,N,N
HV0003,B03404,B03404,2024-09-01 00:18:07,2024-09-01 00:18:23,2024-09-01 00:20:07,2024-09-01 00:37:33,185,168,6.58,1046,21.86,0.0,0.64,2.05,0.0,0.0,0.0,19.11,N,N,N,N,N
HV0003,B03404,B03404,2024-09-01 00:43:26,2024-09-01 00:44:56,2024-09-01 00:46:57,2024-09-01 00:53:15,168,168,0.15,378,9.05,0.0,0.25,0.8,0.0,0.0,0.0,6.78,N,N,N,N,N
HV0005,B03406,,2024-08-31 23:48:14,,2024-09-01 00:03:29,2024-09-01 00:29:02,255,177,4.126,1533,29.6,0.0,0.88,2.85,0.0,0.0,6.44,20.58,N,N,N,N,N
HV0005,B03406,,2024-09-01 00:27:41,,2024-09-01 00:39:14,2024-09-01 00:45:38,37,80,1.278,384,9.72,0.0,0.27,0.86,0.0,0.0,0.0,5.49,N,N,N,N,N
HV0005,B03406,,2024-09-01 00:36:35,,2024-09-01 00:50:55,2024-09-01 01:30:03,80,265,8.182,2348,51.94,20.0,1.98,0.0,0.0,0.0,0.0,38.06,N,N,N,N,N
HV0003,B03404,B03404,2024-08-31 23:51:41,2024-08-31 23:58:49,2024-09-01 00:00:49,2024-09-01 00:18:20,116,247,3.8,1051,17.97,0.0,0.5,1.6,0.0,0.0,0.0,15.39,N,N,N,N,N
HV0003,B03404,B03404,2024-09-01 00:23:37,2024-09-01 00:27:45,2024-09-01 00:28:18,2024-09-01 00:45:03,243,235,2.47,1005,16.09,0.0,0.44,1.42,0.0,0.0,0.0,13.13,N,N,N,N,N
HV0003,B03404,B03404,2024-09-01 00:45:23,2024-09-01 00:49:41,2024-09-01 00:50:27,2024-09-01 01:05:29,235,208,6.53,902,23.2,0.0,0.64,2.05,0.0,0.0,0.0,17.64,N,N,N,N,N
HV0003,B03404,B03404,2024-08-31 23:59:51,2024-09-01 00:04:03,2024-09-01 00:04:57,2024-09-01 00:24:07,148,226,5.79,1150,26.12,0.0,0.72,2.32,2.75,0.0,0.0,19.05,N,N,N,N,N
HV0003,B03404,B03404,2024-09-01 00:20:55,2024-09-01 00:25:35,2024-09-01 00:26:08,2024-09-01 00:40:45,226,202,3.1,877,20.97,0.0,0.62,1.98,0.0,0.0,0.0,12.74,N,N,N,N,N
HV0003,B03404,B03404,2024-09-01 00:19:22,2024-09-01 00:20:56,2024-09-01 00:22:56,2024-09-01 00:38:55,230,90,1.7,959,23.85,0.0,0.65,2.11,2.75,0.0,2.93,13.06,N,N,N,N,N
HV0003,B03404,B03404,2024-09-01 00:37:54,2024-09-01 00:38:44,2024-09-01 00:44:22,2024-09-01 00:58:01,90,230,2.51,819,22.67,0.0,0.62,2.01,2.75,0.0,0.0,11.57,N,N,N,N,N
HV0003,B03404,B03404,2024-09-01 00:00:05,2024-09-01 00:03:22,2024-09-01 00:03:47,2024-09-01 00:18:37,261,265,3.97,890,24.89,20.0,0.69,0.0,0.0,0.0,9.11,15.48,N,N,N,N,N
HV0003,B03404,B03404,2024-08-31 23:59:45,2024-09-01 00:01:57,2024-09-01 00:02:29,2024-09-01 00:13:57,116,69,2.12,688,14.84,0.0,0.41,1.33,0.0,0.0,0.0,9.57,N,N,N,N,N
HV0003,B03404,B03404,2024-09-01 00:15:37,2024-09-01 00:16:25,2024-09-01 00:17:12,2024-09-01 00:35:08,69,18,4.57,1076,19.73,0.0,0.54,1.73,0.0,0.0,0.0,16.67,N,N,N,N,N
HV0003,B03404,B03404,2024-09-01 00:35:10,2024-09-01 00:38:01,2024-09-01 00:38:06,2024-09-01 00:41:13,18,18,0.45,187,8.92,0.0,0.24,0.79,0.0,0.0,0.0,5.39,N,N,N,N,N
HV0003,B03404,B03404,2024-09-01 00:44:00,2024-09-01 00:46:41,2024-09-01 00:48:42,2024-09-01 00:59:04,18,169,1.25,622,10.86,0.0,0.3,0.97,0.0,0.0,0.0,7.75,N,N,N,N,N
HV0003,B03404,B03404,2024-09-01 00:46:36,2024-09-01 00:51:23,2024-09-01 00:51:57,2024-09-01 01:11:07,255,170,4.09,1150,20.29,6.94,0.56,2.41,2.75,0.0,0.0,16.74,N,N,N,N,N
HV0003,B03404,B03404,2024-09-01 00:16:16,2024-09-01 00:20:08,2024-09-01 00:22:10,2024-09-01 00:44:08,79,40,6.29,1318,20.1,0.0,0.58,1.84,2.75,0.0,0.0,21.37,N,N,N,N,N
HV0003,B03404,B03404,2024-09-01 00:44:55,2024-09-01 00:49:16,2024-09-01 00:51:03,2024-09-01 01:17:35,40,225,6.91,1592,28.57,0.0,0.78,2.54,0.0,0.0,4.78,26.37,N,N,N,N,N
HV0003,B03404,B03404,2024-09-01 00:22:30,2024-09-01 00:28:38,2024-09-01 00:29:44,2024-09-01 00:35:50,114,231,1.25,366,10.02,0.0,0.27,0.89,2.75,0.0,0.0,5.4,N,N,N,N,N
HV0003,B03404,B03404,2024-09-01 00:38:10,2024-09-01 00:42:06,2024-09-01 00:44:06,2024-09-01 00:59:54,231,256,2.82,948,22.51,0.0,0.61,2.0,2.75,0.0,5.4,13.05,N,N,N,N,N
HV0003,B03404,B03404,2024-09-01 00:09:38,2024-09-01 00:12:41,2024-09-01 00:14:41,2024-09-01 00:55:10,165,95,10.02,2429,41.9,0.0,1.16,3.71,0.0,0.0,6.74,37.24,N,N,N,N,N
HV0005,B03406,,2024-09-01 00:08:02,,2024-09-01 00:11:12,2024-09-01 00:46:51,186,83,6.513,2139,29.56,2.56,0.85,2.75,2.75,0.0,0.0,29.74,N,N,N,N,N
HV0005,B03406,,2024-09-01 00:02:09,,2024-09-01 00:08:07,2024-09-01 00:20:15,17,256,2.045,728,12.7,0.0,0.35,1.13,0.0,0.0,1.0,9.88,N,N,N,N,N
HV0005,B03406,,2024-09-01 00:15:24,,2024-09-01 00:23:11,2024-09-01 00:44:31,256,229,5.413,1280,24.12,0.0,0.66,2.14,2.75,0.0,0.0,19.87,N,N,N,N,N
HV0005,B03406,,2024-09-01 00:44:00,,2024-09-01 00:47:46,2024-09-01 00:54:49,229,161,1.205,423,9.84,0.0,0.27,0.87,2.75,0.0,1.0,5.77,N,N,N,N,N
HV0005,B03406,,2024-09-01 00:11:09,,2024-09-01 00:15:02,2024-09-01 00:50:56,90,49,5.776,2154,31.62,0.0,0.81,2.61,2.75,0.0,0.0,28.88,N,N,N,N,N
HV0005,B03406,,2024-09-01 00:48:49,,2024-09-01 00:55:23,2024-09-01 01:18:54,49,145,5.215,1411,23.53,0.0,0.58,1.86,0.0,0.0,0.0,24.37,N,N,N,N,N
HV0003,B03404,B03404,2024-08-31 23:47:50,2024-09-01 00:01:21,2024-09-01 00:01:21,2024-09-01 00:16:46,157,98,7.66,925,28.59,0.0,0.78,2.54,0.0,0.0,0.0,19.41,N,N,N,N,N
HV0003,B03404,B03404,2024-09-01 00:18:48,2024-09-01 00:21:49,2024-09-01 00:22:50,2024-09-01 00:36:17,98,92,5.22,807,17.5,0.0,0.48,1.52,0.0,0.0,0.0,14.94,N,N,N,N,N
HV0003,B03404,B03404,2024-09-01 00:33:45,2024-09-01 00:38:42,2024-09-01 00:38:52,2024-09-01 00:59:14,92,157,6.39,1222,33.07,0.0,0.91,2.92,0.0,0.0,0.0,21.57,N,N,N,N,N
HV0003,B03404,B03404,2024-09-01 00:38:33,2024-09-01 00:41:29,2024-09-01 00:46:29,2024-09-01 00:58:15,87,211,1.46,706,23.11,0.0,0.67,2.17,2.75,0.0,0.0,15.64,N,N,N,N,N
HV0003,B03404,B03404,2024-09-01 00:48:28,2024-09-01 00:53:47,2024-09-01 00:54:26,2024-09-01 01:43:20,86,55,22.19,2934,43.66,0.0,1.12,3.63,0.0,0.0,0.0,60.44,N,N,N,N,N
HV0005,B03406,,2024-09-01 00:18:22,,2024-09-01 00:29:37,2024-09-01 00:41:07,117,86,2.218,690,18.02,0.0,0.44,1.42,0.0,0.0,0.0,9.76,N,N,N,N,N
HV0003,B03404,B03404,2024-09-01 00:06:11,2024-09-01 00:08:49,2024-09-01 00:09:23,2024-09-01 00:21:36,254,78,3.31,733,13.37,0.0,0.37,1.19,0.0,0.0,1.0,11.62,N,N,N,N,N
HV0003,B03404,B03404,2024-09-01 00:21:39,2024-09-01 00:23:25,2024-09-01 00:25:22,2024-09-01 00:50:52,78,127,5.48,1530,23.24,0.0,0.64,2.05,0.0,0.0,0.0,22.32,N,N,N,N,N
HV0003,B03404,B03404,2024-09-01 00:31:56,2024-09-01 00:33:08,2024-09-01 00:34:31,2024-09-01 00:55:10,90,262,4.61,1239,23.48,0.0,0.65,2.07,2.75,0.0,0.0,18.31,N,N,N,N,N
HV0003,B03404,B03404,2024-09-01 00:42:02,2024-09-01 00:44:56,2024-09-01 00:45:17,2024-09-01 01:13:12,213,265,15.87,1675,43.79,20.0,1.21,0.0,0.0,0.0,0.0,41.81,N,N,N,N,N
HV0003,B03404,B03404,2024-09-01 00:23:54,2024-09-01 00:29:29,2024-09-01 00:30:05,2024-09-01 01:01:46,171,76,11.64,1901,53.72,0.0,1.48,4.77,0.0,0.0,0.0,34.3,N,N,N,N,N
HV0005,B03406,,2024-08-31 23:55:20,,2024-09-01 00:00:13,2024-09-01 00:10:53,192,28,3.944,640,16.69,0.0,0.59,1.89,0.0,0.0,0.0,11.62,N,N,N,N,N
HV0005,B03406,,2024-09-01 00:25:17,,2024-09-01 00:31:46,2024-09-01 00:35:56,198,102,0.851,250,8.14,0.0,0.2,0.64,0.0,0.0,3.0,8.47,N,N,N,N,N
HV0005,B03406,,2024-09-01 00:38:05,,2024-09-01 00:50:12,2024-09-01 01:01:04,36,198,1.775,652,12.37,0.0,0.34,1.1,0.0,0.0,5.0,8.78,N,N,N,N,N
HV0003,B03404,B03404,2024-09-01 00:13:30,2024-09-01 00:18:08,2024-09-01 00:18:24,2024-09-01 00:32:31,237,42,3.87,847,20.42,0.0,0.6,1.93,2.75,0.0,2.7,13.49,N,N,N,N,N
HV0003,B03404,B03404,2024-09-01 00:08:22,2024-09-01 00:12:19,2024-09-01 00:13:39,2024-09-01 00:34:53,89,35,4.07,1274,21.4,0.0,0.59,1.9,0.0,0.0,0.0,17.92,N,N,N,N,N
HV0003,B03404,B03404,2024-09-01 00:33:18,2024-09-01 00:36:11,2024-09-01 00:38:12,2024-09-01 01:07:37,35,97,5.16,1765,23.81,0.0,0.66,2.11,0.0,0.0,0.0,24.17,N,N,N,N,N
HV0003,B03404,B03404,2024-09-01 00:34:54,2024-09-01 00:35:22,2024-09-01 00:38:06,2024-09-01 01:12:46,93,114,14.72,2080,102.45,0.0,2.81,9.09,2.75,0.0,23.4,61.34,N,N,N,N,N
HV0003,B03404,B03404,2024-09-01 00:01:49,2024-09-01 00:07:26,2024-09-01 00:08:02,2024-09-01 00:37:20,258,146,9.2,1758,25.99,0.0,0.72,2.3,0.0,0.0,0.0,29.59,N,N,N,N,N
HV0003,B03404,B03404,2024-09-01 00:14:16,2024-09-01 00:16:50,2024-09-01 00:17:01,2024-09-01 00:45:17,145,92,7.55,1696,23.42,0.0,0.68,2.21,0.0,0.0,0.0,26.75,N,N,N,N,N
HV0003,B03404,B03404,2024-09-01 00:39:15,2024-09-01 00:46:06,2024-09-01 00:47:09,2024-09-01 01:05:12,92,9,3.49,1083,11.78,0.0,0.34,1.11,0.0,0.0,0.0,9.52,Y,Y,N,N,N
HV0003,B03404,B03404,2024-09-01 00:45:58,2024-09-01 00:51:42,2024-09-01 00:52:18,2024-09-01 01:20:38,92,64,8.84,1700,25.06,0.0,0.69,2.23,0.0,0.0,0.0,23.78,Y,Y,N,N,N
HV0003,B03404,B03404,2024-09-01 00:01:29,2024-09-01 00:18:01,2024-09-01 00:18:19,2024-09-01 00:42:15,84,118,9.21,1436,44.72,0.0,1.23,3.96,0.0,0.0,0.0,28.2,N,N,N,N,N
HV0003,B03404,B03404,2024-09-01 00:46:42,2024-09-01 00:51:09,2024-09-01 00:51:20,2024-09-01 01:31:42,214,225,17.12,2422,47.1,0.0,1.38,4.45,0.0,0.0,0.0,46.82,N,N,N,N,N
HV0005,B03406,,2024-08-31 23:55:51,,2024-09-01 00:02:27,2024-09-01 00:05:46,211,144,0.468,199,7.3,0.0,0.26,0.84,2.75,0.0,0.0,5.47,N,N,N,N,N
HV0005,B03406,,2024-09-01 00:10:23,,2024-09-01 00:16:45,2024-09-01 00:30:46,114,87,2.116,841,16.41,0.0,0.45,1.46,2.75,0.0,0.0,11.08,N,N,N,N,N
HV0005,B03406,,2024-09-01 00:29:10,,2024-09-01 00:31:51,2024-09-01 00:44:32,87,113,2.759,761,18.33,0.0,0.5,1.63,2.75,0.0,0.0,11.18,N,N,N,N,N
HV0005,B03406,,2024-09-01 00:55:00,,2024-09-01 00:56:27,2024-09-01 01:05:10,246,234,1.583,523,8.14,0.0,0.22,0.72,2.75,0.0,0.0,7.26,N,N,N,N,N
HV0003,B03404,B03404,2024-09-01 00:13:44,2024-09-01 00:16:58,2024-09-01 00:17:43,2024-09-01 00:33:23,230,233,1.98,940,14.03,0.0,0.37,1.21,2.75,0.0,0.0,13.47,N,N,N,N,Y
HV0003,B03404,B03404,2024-09-01 00:38:00,2024-09-01 00:40:54,2024-09-01 00:42:44,2024-09-01 01:00:42,107,148,3.73,1078,19.87,0.0,0.55,1.76,2.75,0.0,0.0,17.89,N,N,N,N,Y
HV0005,B03406,,2024-09-01 00:16:41,,2024-09-01 00:19:53,2024-09-01 00:34:05,145,256,3.238,852,19.67,0.0,0.54,1.75,0.0,0.0,3.95,12.73,N,N,N,N,N
HV0005,B03406,,2024-09-01 00:31:32,,2024-09-01 00:37:04,2024-09-01 00:44:09,256,255,1.045,425,9.56,0.0,0.26,0.85,0.0,0.0,0.0,8.57,N,N,N,N,N
HV0005,B03406,,2024-09-01 00:39:09,,2024-09-01 00:48:18,2024-09-01 01:05:27,255,157,3.854,1029,22.11,0.0,0.48,1.53,0.0,0.0,0.0,17.79,N,N,N,N,N
HV0003,B03404,B03404,2024-08-31 23:54:47,2024-09-01 00:26:31,2024-09-01 00:29:59,2024-09-01 00:56:11,93,249,12.67,1572,110.37,0.0,3.19,10.31,2.75,0.0,26.48,57.77,N,N,N,N,N
HV0005,B03406,,2024-09-01 00:36:06,,2024-09-01 00:43:34,2024-09-01 00:51:51,89,89,1.332,497,9.94,0.0,0.24,0.79,0.0,0.0,0.0,6.66,N,N,N,N,N
HV0005,B03406,,2024-09-01 00:40:44,,2024-09-01 00:46:11,2024-09-01 01:06:49,231,36,7.046,1238,30.02,0.0,0.76,2.47,2.75,0.0,0.0,21.68,N,N,N,N,N
HV0003,B03404,B03404,2024-08-31 23:54:41,2024-08-31 23:58:57,2024-09-01 00:00:57,2024-09-01 00:16:20,198,225,2.35,923,15.41,0.0,0.42,1.37,0.0,0.0,0.0,12.33,N,N,N,N,N
HV0003,B03404,B03404,2024-09-01 00:14:58,2024-09-01 00:17:37,2024-09-01 00:19:37,2024-09-01 00:34:38,225,198,2.61,901,17.13,0.0,0.47,1.52,0.0,0.0,0.0,12.47,N,N,N,N,N
HV0003,B03404,B03404,2024-09-01 00:31:51,2024-09-01 00:39:17,2024-09-01 00:41:17,2024-09-01 00:53:28,37,37,0.96,731,9.49,0.0,0.26,0.85,0.0,0.0,0.0,8.57,N,N,N,N,N
HV0003,B03404,B03404,2024-09-01 00:55:16,2024-09-01 00:56:01,2024-09-01 00:58:01,2024-09-01 01:12:19,37,37,2.24,858,15.13,0.0,0.44,1.43,0.0,0.0,0.0,11.55,N,N,N,N,N
HV0005,B03406,,2024-09-01 00:03:49,,2024-09-01 00:07:47,2024-09-01 00:27:01,234,146,4.364,1154,23.35,0.15,0.65,2.09,2.75,0.0,0.0,17.2,N,N,N,N,N
HV0005,B03406,,2024-09-01 00:36:35,,2024-09-01 00:41:34,2024-09-01 00:58:10,255,7,3.4,996,27.45,0.0,0.76,2.44,0.0,0.0,0.0,14.35,N,N,N,N,N
HV0003,B03404,B03404,2024-08-31 23:57:20,2024-09-01 00:00:05,2024-09-01 00:00:15,2024-09-01 00:13:55,254,47,5.38,820,19.7,0.0,0.54,1.75,0.0,0.0,0.0,15.29,N,N,N,N,N
HV0003,B03404,B03404,2024-09-01 00:15:02,2024-09-01 00:16:21,2024-09-01 00:18:21,2024-09-01 00:32:12,78,126,2.19,831,17.91,0.0,0.49,1.59,0.0,0.0,0.0,11.41,N,N,N,N,N
HV0005,B03406,,2024-08-31 23:54:26,,2024-09-01 00:00:27,2024-09-01 00:24:58,50,42,6.551,1471,26.41,0.0,0.73,2.34,2.75,0.0,0.0,25.83,N,N,N,N,Y
HV0005,B03406,,2024-09-01 00:39:23,,2024-09-01 00:42:56,2024-09-01 01:25:08,163,265,27.614,2532,75.55,22.28,2.69,0.0,0.0,0.0,0.0,83.12,N,N,N,N,Y
HV0003,B03404,B03404,2024-09-01 00:36:34,2024-09-01 00:40:20,2024-09-01 00:42:21,2024-09-01 01:24:35,125,36,5.22,2534,34.92,0.0,0.96,3.09,2.75,0.0,0.0,31.73,N,N,N,N,N
HV0005,B03406,,2024-09-01 00:11:06,,2024-09-01 00:13:56,2024-09-01 00:38:02,145,79,5.142,1446,24.28,0.0,0.67,2.15,2.75,0.0,0.0,21.12,N,N,N,N,N
HV0005,B03406,,2024-09-01 00:37:18,,2024-09-01 00:39:25,2024-09-01 00:55:52,79,48,3.081,987,21.45,0.0,0.59,1.9,2.75,0.0,0.0,13.83,N,N,N,N,N
HV0003,B03404,B03404,2024-09-01 00:26:17,2024-09-01 00:29:32,2024-09-01 00:30:17,2024-09-01 01:09:30,181,4,9.44,2353,35.07,0.0,0.97,3.11,2.75,0.0,8.38,35.71,N,N,N,N,N
HV0003,B03404,B03404,2024-09-01 00:15:09,2024-09-01 00:21:05,2024-09-01 00:21:50,2024-09-01 00:53:31,132,145,15.67,1901,50.02,0.0,1.44,4.66,0.0,2.5,0.0,41.53,N,N,N,N,N
HV0003,B03404,B03404,2024-08-31 23:58:45,2024-09-01 00:08:19,2024-09-01 00:08:25,2024-09-01 00:42:22,100,129,8.25,2037,31.44,6.94,0.87,3.4,2.75,0.0,0.0,31.01,N,N,N,N,N
HV0003,B03404,B03404,2024-08-31 23:59:33,2024-09-01 00:08:02,2024-09-01 00:09:24,2024-09-01 00:26:43,79,145,4.1,1039,14.6,6.94,0.41,1.91,0.75,0.0,0.0,13.57,Y,Y,N,N,N
HV0003,B03404,B03404,2024-09-01 00:26:47,2024-09-01 00:28:08,2024-09-01 00:30:08,2024-09-01 00:37:22,167,167,0.82,434,10.11,0.0,0.29,0.94,0.0,0.0,0.0,6.7,N,N,N,N,N
HV0003,B03404,B03404,2024-09-01 00:39:47,2024-09-01 00:42:00,2024-09-01 00:42:07,2024-09-01 00:54:25,159,78,2.49,738,15.14,0.0,0.44,1.43,0.0,0.0,0.0,10.56,N,N,N,N,N
HV0003,B03404,B03404,2024-09-01 00:54:50,2024-09-01 00:56:08,2024-09-01 00:57:46,2024-09-01 01:19:58,78,129,8.55,1332,21.51,6.94,0.62,2.53,0.0,0.0,0.0,24.57,N,N,N,N,N
HV0005,B03406,,2024-09-01 00:00:56,,2024-09-01 00:08:36,2024-09-01 00:25:01,230,68,1.845,985,21.45,0.0,0.59,1.9,2.75,0.0,0.0,12.52,N,N,N,N,N
HV0003,B03404,B03404,2024-09-01 00:00:03,2024-09-01 00:01:35,2024-09-01 00:02:32,2024-09-01 00:21:06,68,230,2.45,1114,34.8,0.0,0.95,3.09,2.75,0.0,0.0,21.95,N,N,N,N,N
HV0005,B03406,,2024-09-01 00:26:48,,2024-09-01 00:40:42,2024-09-01 01:23:10,230,265,33.396,2548,95.78,18.8,3.15,10.17,2.75,0.0,0.0,78.15,N,N,N,N,N
HV0005,B03406,,2024-09-01 00:01:06,,2024-09-01 00:10:30,2024-09-01 00:24:54,126,247,4.613,864,16.33,0.0,0.45,1.45,0.0,0.0,0.0,14.72,N,N,N,N,N
HV0005,B03406,,2024-09-01 00:39:24,,2024-09-01 00:49:35,2024-09-01 01:04:35,116,241,4.842,900,23.09,0.0,0.63,2.05,0.0,0.0,0.0,15.38,N,N,N,N,N
HV0003,B03404,B03404,2024-09-01 00:34:51,2024-09-01 00:57:16,2024-09-01 00:58:42,2024-09-01 01:07:42,93,9,3.59,540,41.69,0.0,1.15,3.7,0.0,0.0,4.65,26.52,N,N,N,N,N
HV0003,B03404,B03404,2024-09-01 00:00:32,2024-09-01 00:03:03,2024-09-01 00:04:05,2024-09-01 00:57:33,48,265,17.25,3208,60.3,22.03,1.66,0.0,0.0,0.0,0.0,56.51,N,N,N,N,N
HV0003,B03404,B03404,2024-09-01 00:26:59,2024-09-01 00:28:13,2024-09-01 00:28:37,2024-09-01 00:40:17,141,88,7.03,700,26.24,0.0,0.77,2.48,2.75,0.0,0.0,16.36,N,N,N,N,N
HV0003,B03404,B03404,2024-09-01 00:39:58,2024-09-01 00:40:49,2024-09-01 00:42:58,2024-09-01 00:50:45,88,231,1.13,467,11.81,0.0,0.32,1.05,2.75,0.0,0.0,6.08,N,N,N,N,N
HV0003,B03404,B03404,2024-09-01 00:50:51,2024-09-01 00:51:41,2024-09-01 00:52:14,2024-09-01 01:19:04,231,151,7.16,1610,47.7,0.0,1.31,4.24,2.75,0.0,0.0,25.38,N,N,N,N,N
HV0003,B03404,B03404,2024-09-01 00:10:08,2024-09-01 00:12:58,2024-09-01 00:12:58,2024-09-01 00:21:26,232,137,1.78,508,13.57,0.0,0.37,1.2,2.75,0.0,1.0,7.36,N,N,N,N,N
HV0003,B03404,B03404,2024-09-01 00:30:29,2024-09-01 00:32:55,2024-09-01 00:33:46,2024-09-01 00:51:01,224,97,5.75,1035,26.78,0.0,0.74,2.38,2.75,0.0,0.0,17.88,N,N,N,N,N
HV0005,B03406,,2024-08-31 23:50:10,,2024-09-01 00:00:05,2024-09-01 00:23:47,255,198,3.959,1422,33.1,0.0,0.91,2.94,0.0,0.0,0.0,19.27,N,N,N,N,N
HV0005,B03406,,2024-09-01 00:23:01,,2024-09-01 00:34:53,2024-09-01 01:05:08,36,164,6.129,1815,58.12,2.93,1.62,5.22,2.75,0.0,0.0,27.4,N,N,N,N,N
HV0003,B03404,B03404,2024-09-01 00:35:54,2024-09-01 00:43:35,2024-09-01 00:43:45,2024-09-01 01:09:41,25,34,2.95,1556,50.12,0.0,1.46,4.73,0.0,0.0,0.0,28.62,N,N,N,N,N
HV0005,B03406,,2024-09-01 00:08:12,,2024-09-01 00:12:08,2024-09-01 00:19:37,144,148,0.556,449,9.18,0.0,0.25,0.81,2.75,0.0,0.0,5.47,N,N,N,N,N
HV0005,B03406,,2024-09-01 00:28:49,,2024-09-01 00:33:56,2024-09-01 00:46:32,148,79,0.658,756,9.86,0.0,0.27,0.88,2.75,0.0,0.0,8.27,N,N,N,N,N
HV0005,B03406,,2024-09-01 00:45:13,,2024-09-01 00:48:36,2024-09-01 00:55:44,79,170,1.939,428,12.76,0.0,0.35,1.13,2.75,0.0,0.0,6.82,N,N,N,N,N
HV0003,B03404,B03404,2024-09-01 00:02:51,2024-09-01 00:04:05,2024-09-01 00:04:31,2024-09-01 00:18:25,48,151,3.93,834,20.48,0.0,0.57,1.82,2.75,0.0,0.0,13.44,N,N,N,N,N
HV0003,B03404,B03404,2024-09-01 00:51:02,2024-09-01 00:52:00,2024-09-01 00:52:05,2024-09-01 01:06:18,141,7,3.99,853,17.82,0.0,0.52,1.68,2.75,0.0,0.0,13.72,N,N,N,N,N
HV0003,B03404,B03404,2024-09-01 00:21:36,2024-09-01 00:24:54,2024-09-01 00:26:16,2024-09-01 00:29:01,205,205,0.74,165,7.82,0.0,0.21,0.69,0.0,0.0,0.0,5.39,N,N,N,N,N
HV0003,B03404,B03404,2024-09-01 00:25:56,2024-09-01 00:32:10,2024-09-01 00:33:36,2024-09-01 00:41:16,205,215,1.69,460,10.89,0.0,0.31,1.02,0.0,0.0,0.0,6.77,Y,N,N,N,N
HV0005,B03406,,2024-09-01 00:54:49,,2024-09-01 00:57:59,2024-09-01 01:25:27,68,66,4.511,1648,27.16,0.0,0.69,2.21,2.75,0.0,0.0,23.96,N,N,N,N,Y
HV0003,B03404,B03404,2024-09-01 00:15:49,2024-09-01 00:25:14,2024-09-01 00:25:40,2024-09-01 00:41:10,57,7,5.47,930,20.68,0.0,0.57,1.84,0.0,0.0,3.46,20.21,N,N,N,N,N
HV0005,B03406,,2024-09-01 00:15:02,,2024-09-01 00:26:26,2024-09-01 00:48:41,247,83,9.653,1335,30.68,6.94,1.03,3.34,0.0,0.0,0.0,26.2,N,N,N,N,N
HV0003,B03404,B03404,2024-09-01 00:08:26,2024-09-01 00:21:34,2024-09-01 00:23:35,2024-09-01 01:00:25,148,89,9.47,2210,23.26,0.0,0.64,2.07,0.75,0.0,0.0,21.61,Y,Y,N,N,N
HV0003,B03404,B03404,2024-09-01 00:25:26,2024-09-01 00:31:38,2024-09-01 00:32:09,2024-09-01 00:57:19,148,133,7.96,1510,20.43,0.0,0.6,1.93,0.75,0.0,2.5,12.74,Y,Y,N,N,N
HV0003,B03404,B03404,2024-09-01 00:17:04,2024-09-01 00:22:46,2024-09-01 00:24:24,2024-09-01 00:37:17,35,39,2.73,773,13.17,0.0,0.38,1.24,0.0,0.0,0.0,11.22,N,N,N,N,N
HV0003,B03404,B03404,2024-09-01 00:36:29,2024-09-01 00:40:30,2024-09-01 00:40:54,2024-09-01 00:50:26,39,155,4.66,572,15.94,0.0,0.47,1.5,0.0,0.0,0.0,11.9,N,N,N,N,N
HV0003,B03404,B03404,2024-09-01 00:50:00,2024-09-01 00:51:50,2024-09-01 00:53:21,2024-09-01 01:04:19,155,71,2.97,658,17.85,0.0,0.49,1.59,0.0,0.0,0.0,10.44,N,N,N,N,N
HV0005,B03406,,2024-08-31 23:59:12,,2024-09-01 00:03:59,2024-09-01 00:44:18,66,265,16.525,2419,59.53,20.05,2.19,0.0,0.0,0.0,0.0,49.61,N,N,N,N,N
HV0005,B03406,,2024-09-01 00:05:32,,2024-09-01 00:16:01,2024-09-01 00:28:02,256,34,1.617,721,11.64,0.0,0.28,0.92,0.0,0.0,0.0,9.86,N,N,N,N,Y
HV0005,B03406,,2024-09-01 00:29:11,,2024-09-01 00:41:27,2024-09-01 00:54:56,97,61,1.901,809,11.77,0.0,0.29,0.93,0.0,0.0,0.0,14.48,N,N,N,N,Y
HV0003,B03404,B03404,2024-09-01 00:10:51,2024-09-01 00:12:56,2024-09-01 00:13:52,2024-09-01 00:54:39,75,91,17.4,2447,49.62,6.94,1.44,5.25,2.75,0.0,0.0,47.43,N,N,N,N,N
HV0003,B03404,B03404,2024-09-01 00:55:40,2024-09-01 00:56:57,2024-09-01 00:57:55,2024-09-01 01:18:59,91,61,4.52,1264,21.46,0.0,0.59,1.9,0.0,0.0,0.0,18.43,N,N,N,N,N
HV0003,B03404,B03404,2024-08-31 23:58:12,2024-09-01 00:07:35,2024-09-01 00:07:47,2024-09-01 00:14:48,17,97,1.45,421,9.2,0.0,0.25,0.82,0.0,0.0,0.0,6.06,Y,N,N,N,N
HV0003,B03404,B03404,2024-09-01 00:14:15,2024-09-01 00:18:23,2024-09-01 00:18:46,2024-09-01 00:46:38,25,155,8.8,1672,69.98,0.0,1.92,6.21,0.0,0.0,2.0,34.9,N,N,N,N,N
HV0003,B03404,B03404,2024-09-01 00:48:26,2024-09-01 00:51:39,2024-09-01 00:52:03,2024-09-01 01:11:44,91,39,3.73,1181,19.35,0.0,0.57,1.83,0.0,0.0,0.0,16.54,N,N,N,N,N
HV0003,B03404,B03404,2024-09-01 00:11:58,2024-09-01 00:15:14,2024-09-01 00:15:34,2024-09-01 00:22:38,182,212,2.13,424,7.07,0.0,0.19,0.63,0.0,0.0,0.0,7.13,N,N,N,N,N
HV0003,B03404,B03404,2024-09-01 00:22:18,2024-09-01 00:23:14,2024-09-01 00:24:04,2024-09-01 00:27:54,212,60,1.06,230,8.35,0.0,0.24,0.79,0.0,0.0,0.0,5.39,N,N,N,N,N
HV0003,B03404,B03404,2024-09-01 00:26:49,2024-09-01 00:29:58,2024-09-01 00:32:00,2024-09-01 00:34:56,60,60,0.15,176,8.22,0.0,0.23,0.73,0.0,0.0,0.0,5.76,N,N,N,N,N
HV0005,B03406,,2024-09-01 00:28:25,,2024-09-01 00:31:51,2024-09-01 00:48:50,181,188,3.407,1019,21.53,0.0,0.59,1.91,0.0,0.0,4.33,14.59,N,N,N,N,N
HV0003,B03404,B03404,2024-09-01 00:19:41,2024-09-01 00:40:55,2024-09-01 00:41:37,2024-09-01 01:05:29,132,16,13.21,1432,72.41,0.0,2.06,6.65,0.0,2.5,0.0,36.0,N,N,N,N,N
HV0003,B03404,B03404,2024-09-01 00:24:33,2024-09-01 00:28:56,2024-09-01 00:29:06,2024-09-01 00:36:19,130,215,1.38,433,10.74,0.0,0.29,0.96,0.0,0.0,0.0,6.09,N,N,N,N,N
HV0003,B03404,B03404,2024-09-01 00:02:58,2024-09-01 00:04:05,2024-09-01 00:04:25,2024-09-01 00:14:33,163,233,1.45,608,10.68,0.0,0.29,0.95,2.75,0.0,1.0,8.88,N,N,N,N,N
HV0005,B03406,,2024-09-01 00:20:31,,2024-09-01 00:22:38,2024-09-01 00:27:37,162,229,0.913,299,7.69,0.0,0.21,0.68,2.75,0.0,0.0,5.47,N,N,N,N,N
HV0005,B03406,,2024-09-01 00:29:51,,2024-09-01 00:33:59,2024-09-01 00:55:36,233,50,1.969,1297,20.07,0.0,0.55,1.78,2.75,0.0,5.03,15.33,N,N,N,N,N
HV0003,B03404,B03404,2024-09-01 00:02:42,2024-09-01 00:18:59,2024-09-01 00:21:00,2024-09-01 01:15:39,132,265,33.45,3279,137.09,6.94,3.86,13.0,0.0,2.5,0.0,85.33,N,N,N,N,N
HV0003,B03404,B03404,2024-09-01 00:14:54,2024-09-01 00:20:26,2024-09-01 00:22:27,2024-09-01 00:55:44,209,152,10.76,1997,38.93,0.0,1.14,3.68,2.75,0.0,0.0,34.05,N,N,N,N,N
HV0003,B03404,B03404,2024-09-01 00:01:59,2024-09-01 00:07:53,2024-09-01 00:08:05,2024-09-01 00:16:39,85,85,0.82,514,7.71,0.0,0.21,0.68,0.0,0.0,0.0,6.12,N,N,N,N,N
HV0003,B03404,B03404,2024-09-01 00:03:38,2024-09-01 00:19:01,2024-09-01 00:19:29,2024-09-01 00:25:48,85,71,1.05,379,7.36,0.0,0.2,0.66,0.0,0.0,0.0,5.4,N,N,N,N,N
HV0003,B03404,B03404,2024-09-01 00:28:01,2024-09-01 00:32:49,2024-09-01 00:33:14,2024-09-01 00:45:00,71,61,2.17,706,9.37,0.0,0.25,0.83,0.0,0.0,0.0,9.81,N,N,N,N,N
HV0003,B03404,B03404,2024-09-01 00:44:24,2024-09-01 00:45:49,2024-09-01 00:46:36,2024-09-01 00:55:52,61,61,1.65,556,11.56,0.0,0.32,1.03,0.0,0.0,0.0,7.64,N,N,N,N,N
HV0003,B03404,B03404,2024-09-01 00:53:59,2024-09-01 00:59:21,2024-09-01 00:59:51,2024-09-01 01:10:09,189,17,1.9,618,13.43,0.0,0.37,1.19,0.0,0.0,0.0,10.33,N,N,N,N,N
HV0003,B03404,B03404,2024-08-31 23:56:05,2024-08-31 23:59:42,2024-09-01 00:00:11,2024-09-01 00:43:33,238,112,8.42,2602,20.15,3.47,0.56,2.09,0.75,0.0,0.0,19.38,Y,Y,N,N,N
HV0003,B03404,B03404,2024-08-31 23:59:32,2024-09-01 00:06:50,2024-09-01 00:07:40,2024-09-01 00:32:07,143,233,4.15,1467,12.91,0.0,0.38,1.22,0.75,0.0,2.0,7.92,Y,Y,N,N,N
HV0003,B03404,B03404,2024-09-01 00:06:57,2024-09-01 00:13:34,2024-09-01 00:15:34,2024-09-01 00:58:20,239,65,10.75,2566,18.41,3.47,0.55,1.94,0.75,0.0,0.0,26.04,Y,Y,N,N,N
HV0003,B03404,B03404,2024-09-01 00:14:43,2024-09-01 00:19:59,2024-09-01 00:20:31,2024-09-01 00:45:20,145,216,11.28,1489,35.83,0.0,0.99,3.18,0.0,0.0,0.0,29.81,N,N,N,N,N
HV0003,B03404,B03404,2024-09-01 00:44:24,2024-09-01 00:48:43,2024-09-01 00:49:12,2024-09-01 00:53:35,197,197,1.33,263,9.81,0.0,0.27,0.87,0.0,0.0,1.0,5.38,N,N,N,N,N
HV0003,B03404,B03404,2024-09-01 00:53:04,2024-09-01 00:57:15,2024-09-01 00:57:16,2024-09-01 00:59:46,197,197,0.5,150,8.36,0.0,0.24,0.79,0.0,0.0,0.0,5.4,N,N,N,N,N
HV0003,B03404,B03404,2024-09-01 00:44:58,2024-09-01 00:47:09,2024-09-01 00:49:09,2024-09-01 01:22:27,132,243,20.93,1998,61.01,6.94,1.74,6.25,0.0,2.5,0.0,47.87,N,N,N,N,N
HV0005,B03406,,2024-09-01 00:03:26,,2024-09-01 00:17:14,2024-09-01 00:34:19,132,134,3.342,1025,18.68,0.0,0.51,1.66,0.0,0.0,0.0,14.56,N,N,N,N,N
HV0003,B03404,B03404,2024-09-01 00:40:03,2024-09-01 00:57:17,2024-09-01 00:58:04,2024-09-01 01:23:34,46,235,11.75,1530,17.72,0.0,0.49,1.57,0.0,0.0,0.0,28.08,Y,Y,N,N,N
HV0003,B03404,B03404,2024-09-01 00:13:26,2024-09-01 00:13:57,2024-09-01 00:15:34,2024-09-01 00:45:38,89,76,6.33,1804,33.98,0.0,0.93,3.01,0.0,0.0,0.0,26.14,N,N,N,N,N
HV0003,B03404,B03404,2024-09-01 00:49:55,2024-09-01 00:52:17,2024-09-01 00:53:05,2024-09-01 00:58:17,77,76,1.2,312,8.89,0.0,0.24,0.79,0.0,0.0,0.0,5.39,N,N,N,N,N
HV0003,B03404,B03404,2024-09-01 00:35:36,2024-09-01 00:52:52,2024-09-01 00:54:52,2024-09-01 01:41:29,132,265,29.52,2797,152.3,6.94,4.26,14.36,0.0,2.5,10.0,74.42,N,N,N,N,N
HV0003,B03404,B03404,2024-08-31 23:56:05,2024-08-31 23:59:47,2024-09-01 00:00:09,2024-09-01 00:23:44,225,79,5.68,1415,21.26,0.0,0.62,2.01,2.75,0.0,0.0,21.47,N,N,N,N,N
HV0003,B03404,B03404,2024-09-01 00:22:07,2024-09-01 00:24:23,2024-09-01 00:25:57,2024-09-01 00:38:07,79,234,1.67,730,11.15,0.0,0.32,1.05,2.75,0.0,0.0,9.37,N,N,N,N,N
HV0003,B03404,B03404,2024-09-01 00:36:31,2024-09-01 00:38:51,2024-09-01 00:40:27,2024-09-01 00:45:21,234,164,0.55,294,5.42,0.0,0.15,0.48,2.75,0.0,0.0,5.4,N,N,N,N,N
HV0003,B03404,B03404,2024-08-31 23:53:21,2024-09-01 00:00:45,2024-09-01 00:02:33,2024-09-01 00:19:04,97,255,4.43,991,30.23,0.0,0.89,2.85,0.0,0.0,0.0,16.36,N,N,N,N,N
HV0005,B03406,,2024-09-01 00:55:10,,2024-09-01 00:57:30,2024-09-01 01:00:18,51,51,0.785,168,9.28,0.0,0.12,0.39,0.0,0.0,0.0,5.47,N,N,N,N,N
HV0003,B03404,B03404,2024-09-01 00:00:13,2024-09-01 00:01:25,2024-09-01 00:01:52,2024-09-01 00:20:08,249,163,2.82,1096,19.49,0.0,0.53,1.73,2.75,0.0,0.0,14.49,N,N,N,N,N
HV0003,B03404,B03404,2024-09-01 00:19:46,2024-09-01 00:22:21,2024-09-01 00:22:26,2024-09-01 00:30:50,163,238,1.96,504,15.38,0.0,0.42,1.36,2.75,0.0,0.0,7.57,N,N,N,N,N
HV0005,B03406,,2024-09-01 00:32:28,,2024-09-01 00:38:30,2024-09-01 00:50:30,238,141,2.657,720,16.28,0.0,0.45,1.44,2.75,0.0,0.0,10.65,N,N,N,N,N
HV0005,B03406,,2024-09-01 00:49:34,,2024-09-01 00:53:31,2024-09-01 01:13:32,237,231,4.435,1201,26.19,0.0,0.72,2.32,2.75,0.0,0.0,17.76,N,N,N,N,N
HV0003,B03404,B03404,2024-09-01 00:16:31,2024-09-01 00:19:41,2024-09-01 00:20:44,2024-09-01 00:40:41,228,22,4.42,1197,14.67,0.0,0.43,1.38,0.0,0.0,0.0,17.64,N,N,N,N,N
HV0003,B03404,B03404,2024-09-01 00:41:48,2024-09-01 00:43:17,2024-09-01 00:44:43,2024-09-01 00:57:03,22,228,2.51,740,13.42,0.0,0.36,1.19,0.0,0.0,0.0,10.6,N,N,N,N,N
HV0003,B03404,B03404,2024-09-01 00:47:22,2024-09-01 00:55:24,2024-09-01 00:56:07,2024-09-01 01:24:17,15,68,15.69,1690,39.73,6.94,1.09,4.11,0.75,0.0,0.0,37.76,Y,N,N,N,N
HV0003,B03404,B03404,2024-09-01 00:17:33,2024-09-01 00:24:03,2024-09-01 00:26:09,2024-09-01 00:42:44,80,66,4.08,995,21.0,0.0,0.57,1.86,0.0,0.0,0.0,17.72,N,N,N,N,N
HV0003,B03404,B03404,2024-09-01 00:41:46,2024-09-01 00:42:39,2024-09-01 00:43:10,2024-09-01 00:47:14,66,65,0.62,244,8.95,0.0,0.25,0.79,0.0,0.0,0.0,5.39,N,N,N,N,N
HV0005,B03406,,2024-08-31 23:57:51,,2024-09-01 00:04:45,2024-09-01 00:39:11,138,234,8.907,2066,61.66,6.55,1.88,6.28,2.75,0.0,0.0,45.21,N,N,N,N,N
HV0003,B03404,B03404,2024-09-01 00:39:31,2024-09-01 00:42:05,2024-09-01 00:42:37,2024-09-01 00:48:04,231,211,0.78,327,8.22,0.0,0.22,0.73,2.75,0.0,1.0,10.65,N,N,N,N,N
HV0003,B03404,B03404,2024-09-01 00:47:10,2024-09-01 00:47:53,2024-09-01 00:48:21,2024-09-01 01:04:22,211,100,2.63,961,18.72,0.0,0.54,1.76,2.75,0.0,5.0,12.92,N,N,N,N,N
HV0003,B03404,B03404,2024-09-01 00:43:15,2024-09-01 00:43:50,2024-09-01 00:44:04,2024-09-01 00:55:37,48,151,3.31,693,15.44,0.0,0.43,1.37,2.75,0.0,0.0,11.23,N,N,N,N,N
HV0003,B03404,B03404,2024-09-01 00:13:49,2024-09-01 00:17:30,2024-09-01 00:18:50,2024-09-01 00:27:22,130,215,1.9,512,11.75,0.0,0.34,1.11,0.0,0.0,0.0,7.55,N,N,N,N,N
HV0003,B03404,B03404,2024-09-01 00:30:08,2024-09-01 00:33:38,2024-09-01 00:33:48,2024-09-01 00:39:03,130,197,1.04,315,7.84,0.0,0.21,0.7,0.0,0.0,0.0,5.39,N,N,N,N,N
HV0003,B03404,B03404,2024-09-01 00:39:38,2024-09-01 00:43:38,2024-09-01 00:43:48,2024-09-01 00:48:19,197,216,0.8,271,8.92,0.0,0.24,0.79,0.0,0.0,0.0,5.4,N,N,N,N,N
HV0003,B03404,B03404,2024-09-01 00:24:08,2024-09-01 00:38:27,2024-09-01 00:40:28,2024-09-01 01:19:43,132,91,11.92,2355,64.21,0.0,1.83,5.92,0.0,2.5,0.0,40.99,N,N,N,N,N
HV0005,B03406,,2024-09-01 00:55:22,,2024-09-01 00:59:02,2024-09-01 01:07:17,219,139,1.572,495,8.91,0.0,0.24,0.79,0.0,0.0,0.0,6.97,N,N,N,N,N
HV0003,B03404,B03404,2024-09-01 00:20:20,2024-09-01 00:22:19,2024-09-01 00:23:17,2024-09-01 00:38:00,239,246,3.28,883,22.58,0.0,0.63,2.01,2.75,0.0,0.0,13.04,N,N,N,N,N
HV0003,B03404,B03404,2024-09-01 00:39:15,2024-09-01 00:40:15,2024-09-01 00:42:02,2024-09-01 00:55:35,68,148,1.81,813,18.04,0.0,0.49,1.6,2.75,0.0,0.0,10.36,N,N,N,N,N
HV0005,B03406,,2024-09-01 00:50:02,,2024-09-01 00:58:29,2024-09-01 01:08:19,148,170,1.78,590,15.36,0.0,0.42,1.36,2.75,0.0,0.0,8.18,N,N,N,N,N
HV0003,B03404,B03404,2024-09-01 00:14:12,2024-09-01 00:20:11,2024-09-01 00:21:18,2024-09-01 00:27:29,225,17,1.3,371,12.75,0.0,0.35,1.13,0.0,0.0,0.0,6.79,N,N,N,N,N
HV0003,B03404,B03404,2024-09-01 00:28:14,2024-09-01 00:29:35,2024-09-01 00:30:17,2024-09-01 00:40:57,17,80,2.42,640,13.36,0.0,0.36,1.18,0.0,0.0,0.0,9.51,N,N,N,N,N
HV0003,B03404,B03404,2024-09-01 00:36:19,2024-09-01 00:44:27,2024-09-01 00:46:28,2024-09-01 01:08:33,80,89,9.2,1325,23.85,0.0,0.66,2.11,0.0,0.0,10.0,28.1,N,N,N,N,N
HV0003,B03404,B03404,2024-08-31 23:55:57,2024-09-01 00:04:11,2024-09-01 00:04:41,2024-09-01 00:47:31,132,114,17.14,2570,128.37,0.0,3.6,11.61,2.75,2.5,29.76,70.49,N,N,N,N,N
HV0003,B03404,B03404,2024-09-01 00:54:06,2024-09-01 00:58:47,2024-09-01 00:59:24,2024-09-01 01:29:37,114,198,8.32,1813,37.75,0.0,1.03,3.35,2.75,0.0,0.0,31.98,N,N,N,N,N
HV0003,B03404,B03404,2024-09-01 00:12:37,2024-09-01 00:15:12,2024-09-01 00:15:24,2024-09-01 00:21:34,140,75,1.37,370,9.16,0.0,0.25,0.82,2.75,0.0,0.0,7.32,N,N,N,N,Y
HV0005,B03406,,2024-08-31 23:58:51,,2024-09-01 00:01:49,2024-09-01 00:09:23,149,210,1.228,454,8.04,0.0,0.22,0.71,0.0,0.0,0.0,6.1,N,N,N,N,N
HV0005,B03406,,2024-09-01 00:16:48,,2024-09-01 00:24:35,2024-09-01 00:39:04,150,91,3.009,869,17.06,0.0,0.42,1.35,0.0,0.0,0.0,12.58,N,N,N,N,N
HV0003,B03404,B03404,2024-09-01 00:10:33,2024-09-01 00:14:34,2024-09-01 00:16:23,2024-09-01 00:21:00,177,61,0.72,277,8.36,0.0,0.24,0.79,0.0,0.0,0.0,5.39,N,N,N,N,N
HV0003,B03404,B03404,2024-09-01 00:22:30,2024-09-01 00:26:02,2024-09-01 00:26:51,2024-09-01 00:38:28,61,49,1.94,697,11.59,0.0,0.32,1.03,0.0,0.0,0.0,9.41,N,N,N,N,N
HV0003,B03404,B03404,2024-09-01 00:48:41,2024-09-01 00:54:37,2024-09-01 00:54:37,2024-09-01 02:07:20,181,265,61.01,4363,164.46,0.0,4.82,15.53,0.0,0.0,0.0,144.16,N,N,N,N,N
HV0003,B03404,B03404,2024-09-01 00:52:01,2024-09-01 00:57:31,2024-09-01 00:58:23,2024-09-01 01:08:05,244,235,3.31,582,10.21,0.0,0.28,0.9,0.0,0.0,0.0,10.16,N,N,N,N,N
HV0005,B03406,,2024-09-01 00:11:27,,2024-09-01 00:15:54,2024-09-01 00:31:20,48,244,6.636,926,23.57,0.0,0.59,1.89,2.75,0.0,3.0,18.09,N,N,N,N,N
HV0005,B03406,,2024-09-01 00:33:24,,2024-09-01 00:36:13,2024-09-01 00:40:57,244,244,0.349,284,7.32,0.0,0.2,0.65,0.0,0.0,0.0,5.47,N,N,N,N,N
HV0003,B03404,B03404,2024-09-01 00:34:30,2024-09-01 00:39:43,2024-09-01 00:40:43,2024-09-01 01:27:26,132,89,10.67,2803,48.56,0.0,1.41,4.53,0.0,2.5,0.0,41.75,N,N,N,N,N
HV0003,B03404,B03404,2024-09-01 00:09:56,2024-09-01 00:21:34,2024-09-01 00:21:34,2024-09-01 00:43:00,181,165,4.32,1286,34.89,0.0,0.96,3.09,0.0,0.0,0.0,18.37,N,N,N,N,N
HV0003,B03404,B03404,2024-09-01 00:39:41,2024-09-01 00:46:28,2024-09-01 00:47:30,2024-09-01 00:56:16,89,133,1.7,526,13.63,0.0,0.37,1.19,0.0,0.0,3.0,7.69,N,N,N,N,N
HV0005,B03406,,2024-08-31 23:58:04,,2024-09-01 00:07:55,2024-09-01 00:22:05,192,157,4.724,850,18.44,0.0,0.76,2.47,0.0,0.0,0.0,14.74,N,N,N,N,N
HV0005,B03406,,2024-09-01 00:22:37,,2024-09-01 00:30:31,2024-09-01 00:45:22,198,82,3.629,891,20.25,0.0,0.44,1.41,0.0,0.0,4.42,13.63,N,N,N,N,N
HV0003,B03404,B03404,2024-08-31 23:58:07,2024-09-01 00:05:03,2024-09-01 00:07:03,2024-09-01 00:58:39,230,228,14.04,3096,66.41,6.94,1.82,6.51,2.75,0.0,0.0,49.18,N,N,N,N,N
HV0003,B03404,B03404,2024-09-01 00:03:31,2024-09-01 00:08:15,2024-09-01 00:10:07,2024-09-01 00:22:26,148,211,1.1,739,11.3,0.0,0.28,0.9,2.75,0.0,0.0,8.68,N,N,N,N,N
HV0003,B03404,B03404,2024-09-01 00:12:45,2024-09-01 00:23:43,2024-09-01 00:24:45,2024-09-01 01:03:19,211,226,7.44,2314,22.29,0.0,0.61,1.98,0.75,0.0,0.0,16.11,Y,Y,N,N,N
HV0003,B03404,B03404,2024-09-01 00:22:08,2024-09-01 00:31:35,2024-09-01 00:33:12,2024-09-01 01:21:09,144,129,10.04,2877,19.29,0.0,0.53,1.71,0.75,0.0,0.0,17.77,Y,Y,N,N,N
HV0003,B03404,B03404,2024-09-01 00:38:33,2024-09-01 00:42:55,2024-09-01 00:44:55,2024-09-01 01:40:47,232,92,14.71,3352,34.24,0.0,0.95,3.05,0.75,0.0,0.0,33.07,Y,Y,N,N,N
HV0005,B03406,,2024-09-01 00:09:09,,2024-09-01 00:12:35,2024-09-01 00:30:47,74,152,2.802,1092,19.73,0.63,0.56,1.81,0.0,0.0,0.0,14.47,N,N,N,N,N
HV0003,B03404,B03404,2024-09-01 00:23:15,2024-09-01 00:29:28,2024-09-01 00:29:38,2024-09-01 01:00:41,152,232,9.93,1863,29.78,0.0,0.82,2.63,2.75,0.0,0.0,31.6,N,N,N,N,N
HV0003,B03404,B03404,2024-09-01 00:27:42,2024-09-01 00:29:58,2024-09-01 00:31:38,2024-09-01 00:41:12,116,244,2.02,574,12.53,0.0,0.34,1.11,0.0,0.0,0.0,8.33,N,N,N,N,N
HV0005,B03406,,2024-08-31 23:58:40,,2024-09-01 00:13:38,2024-09-01 00:35:31,112,125,4.698,1313,36.94,0.0,1.02,3.28,2.75,0.0,0.0,19.21,N,N,N,N,N
HV0005,B03406,,2024-09-01 00:37:15,,2024-09-01 00:40:59,2024-09-01 00:58:29,249,229,3.636,1050,24.52,0.0,0.67,2.15,2.75,0.0,0.0,15.99,N,N,N,N,N
HV0003,B03404,B03404,2024-09-01 00:25:03,2024-09-01 00:26:10,2024-09-01 00:27:15,2024-09-01 00:34:10,50,48,0.94,415,7.74,0.0,0.22,0.74,2.75,0.0,0.0,5.39,N,N,N,N,N
HV0003,B03404,B03404,2024-09-01 00:31:53,2024-09-01 00:35:14,2024-09-01 00:37:14,2024-09-01 01:19:33,48,205,16.14,2539,51.97,6.94,1.43,5.22,2.75,0.0,0.0,46.63,N,N,N,N,N
HV0005,B03406,,2024-09-01 00:04:39,,2024-09-01 00:10:07,2024-09-01 00:18:57,216,216,1.863,530,12.59,0.0,0.31,0.99,0.0,0.0,2.0,7.71,N,N,N,N,N
HV0005,B03406,,2024-09-01 00:28:12,,2024-09-01 00:36:32,2024-09-01 01:02:05,216,39,4.895,1533,20.8,0.0,0.51,1.64,0.0,0.0,0.0,21.63,N,N,N,N,N
HV0003,B03404,B03404,2024-09-01 00:05:33,2024-09-01 00:08:19,2024-09-01 00:08:45,2024-09-01 00:23:59,148,186,2.56,914,22.54,0.0,0.62,2.0,2.75,0.0,2.79,12.36,N,N,N,N,N
HV0003,B03404,B03404,2024-09-01 00:25:52,2024-09-01 00:28:59,2024-09-01 00:31:00,2024-09-01 00:49:52,234,211,2.22,1132,28.1,0.0,0.77,2.48,2.75,0.0,0.0,15.7,N,N,N,N,N
HV0003,B03404,B03404,2024-09-01 00:48:33,2024-09-01 00:52:35,2024-09-01 00:52:59,2024-09-01 01:25:30,144,37,7.06,1951,31.87,0.0,0.86,2.78,2.75,0.0,0.0,28.56,N,N,N,N,N
HV0003,B03404,B03404,2024-08-31 23:55:49,2024-09-01 00:02:17,2024-09-01 00:02:35,2024-09-01 00:27:35,238,51,14.4,1500,42.32,0.0,1.16,3.76,2.75,0.0,0.0,34.16,N,N,N,N,N
HV0003,B03404,B03404,2024-09-01 00:37:08,2024-09-01 00:39:33,2024-09-01 00:40:05,2024-09-01 01:01:36,51,136,10.83,1291,34.8,0.0,1.02,3.29,0.0,0.0,0.0,27.28,N,N,N,N,N
HV0003,B03404,B03404,2024-09-01 00:34:28,2024-09-01 00:46:56,2024-09-01 00:51:56,2024-09-01 01:21:53,97,228,4.62,1797,48.35,0.0,1.42,4.56,0.0,0.0,0.0,35.58,N,N,N,N,N
HV0003,B03404,B03404,2024-09-01 00:00:54,2024-09-01 00:02:38,2024-09-01 00:04:21,2024-09-01 00:35:07,232,247,9.55,1846,29.65,0.0,0.87,2.8,2.75,0.0,0.0,30.93,N,N,N,N,N
HV0005,B03406,,2024-09-01 00:20:36,,2024-09-01 00:30:08,2024-09-01 00:37:52,217,37,1.579,464,12.77,0.0,0.28,0.89,0.0,0.0,0.0,9.17,N,N,N,N,N
HV0005,B03406,,2024-09-01 00:32:45,,2024-09-01 00:43:45,2024-09-01 01:00:48,36,148,4.592,1023,25.67,0.0,0.71,2.28,2.75,0.0,0.0,21.47,N,N,N,N,N
HV0003,B03404,B03404,2024-09-01 00:47:24,2024-09-01 00:50:28,2024-09-01 00:51:02,2024-09-01 01:20:07,170,22,12.81,1745,40.58,0.0,1.19,3.82,2.75,0.0,0.0,26.12,N,N,N,N,N
HV0005,B03406,,2024-08-31 23:57:47,,2024-09-01 00:07:05,2024-09-01 00:16:55,130,215,1.438,590,10.48,0.0,0.32,1.02,0.0,0.0,0.0,7.72,N,N,N,N,N
HV0005,B03406,,2024-09-01 00:18:24,,2024-09-01 00:21:41,2024-09-01 00:43:23,10,170,13.909,1302,38.81,6.04,1.23,3.98,2.75,0.0,0.0,31.69,N,N,N,N,N
HV0005,B03406,,2024-09-01 00:14:08,,2024-09-01 00:15:31,2024-09-01 00:33:05,140,65,7.385,1054,26.07,0.17,0.71,2.29,2.75,0.0,0.0,20.35,N,N,N,N,N
HV0005,B03406,,2024-09-01 00:23:57,,2024-09-01 00:38:02,2024-09-01 01:00:27,97,61,2.866,1345,22.38,0.0,0.62,1.99,0.0,0.0,0.0,17.03,N,N,N,N,N
HV0003,B03404,B03404,2024-09-01 00:05:24,2024-09-01 00:13:02,2024-09-01 00:13:25,2024-09-01 00:50:26,256,258,7.61,2221,28.43,0.0,0.78,2.52,0.0,0.0,0.0,24.44,Y,Y,N,N,N
HV0003,B03404,B03404,2024-09-01 00:49:52,2024-09-01 00:52:54,2024-09-01 00:52:54,2024-09-01 01:12:13,258,197,3.59,1159,13.8,0.0,0.38,1.23,0.0,0.0,0.0,8.84,Y,Y,N,N,N
HV0003,B03404,B03404,2024-09-01 00:46:50,2024-09-01 00:53:46,2024-09-01 00:55:16,2024-09-01 01:50:19,258,250,17.45,3303,32.66,6.94,0.92,3.52,0.0,0.0,0.0,48.53,Y,Y,N,N,N
HV0005,B03406,,2024-08-31 23:59:18,,2024-09-01 00:02:48,2024-09-01 00:12:04,4,107,1.177,556,9.43,0.0,0.28,0.89,2.75,0.0,0.0,7.03,N,N,N,N,N
HV0005,B03406,,2024-09-01 00:12:59,,2024-09-01 00:14:32,2024-09-01 00:33:10,107,142,3.868,1118,20.56,0.0,0.57,1.83,2.75,0.0,0.0,16.18,N,N,N,N,N
HV0005,B03406,,2024-09-01 00:38:22,,2024-09-01 00:44:51,2024-09-01 00:59:36,48,244,6.678,885,22.74,0.0,0.56,1.82,2.75,0.0,4.0,17.74,N,N,N,N,N
HV0003,B03404,B03404,2024-09-01 00:00:48,2024-09-01 00:09:33,2024-09-01 00:09:33,2024-09-01 00:30:50,80,234,6.72,1277,61.0,6.94,1.68,6.03,2.75,0.0,0.0,30.44,N,N,N,N,N
HV0003,B03404,B03404,2024-09-01 00:30:46,2024-09-01 00:31:45,2024-09-01 00:33:32,2024-09-01 00:50:35,164,87,3.24,1023,21.33,0.0,0.63,2.01,2.75,0.0,0.0,14.35,N,N,N,N,N
HV0003,B03404,B03404,2024-09-01 00:49:13,2024-09-01 00:50:53,2024-09-01 00:56:07,2024-09-01 01:03:57,87,87,0.61,470,14.26,0.0,0.39,1.26,2.75,0.0,3.0,6.99,N,N,N,N,N
HV0003,B03404,B03404,2024-08-31 23:52:33,2024-09-01 00:03:38,2024-09-01 00:04:06,2024-09-01 00:19:03,255,79,3.12,897,49.89,0.0,1.38,4.43,2.75,0.0,0.0,24.98,N,N,N,N,N
HV0003,B03404,B03404,2024-09-01 00:16:51,2024-09-01 00:18:54,2024-09-01 00:19:57,2024-09-01 00:27:53,79,137,1.44,476,9.51,0.0,0.28,0.9,2.75,0.0,3.0,6.58,N,N,N,N,N
HV0003,B03404,B03404,2024-09-01 00:27:54,2024-09-01 00:28:15,2024-09-01 00:30:15,2024-09-01 00:40:52,137,145,2.54,637,15.43,6.94,0.42,1.98,2.75,0.0,0.0,9.64,N,N,N,N,N
HV0003,B03404,B03404,2024-09-01 00:41:01,2024-09-01 00:42:38,2024-09-01 00:43:43,2024-09-01 01:16:17,145,61,7.09,1954,29.53,0.0,0.81,2.62,0.0,0.0,0.0,28.63,N,N,N,N,N
HV0003,B03404,B03404,2024-09-01 00:25:31,2024-09-01 00:28:46,2024-09-01 00:30:47,2024-09-01 01:29:42,235,66,16.66,3535,37.24,0.0,1.02,3.31,0.75,0.0,0.0,50.21,Y,Y,N,N,N
HV0003,B03404,B03404,2024-09-01 00:40:30,2024-09-01 00:46:06,2024-09-01 00:46:26,2024-09-01 00:59:08,42,141,4.55,762,13.24,0.0,0.38,1.25,0.75,0.0,0.0,6.8,Y,Y,N,N,N
HV0003,B03404,B03404,2024-09-01 00:16:59,2024-09-01 00:23:14,2024-09-01 00:23:27,2024-09-01 00:33:53,223,146,2.69,626,14.27,0.0,0.41,1.34,0.0,0.0,0.0,9.74,N,N,N,N,N
HV0003,B03404,B03404,2024-09-01 00:34:57,2024-09-01 00:38:06,2024-09-01 00:38:34,2024-09-01 01:01:17,146,153,11.93,1363,31.57,0.0,0.87,2.8,2.75,0.0,0.0,29.47,N,N,N,N,N
HV0005,B03406,,2024-09-01 00:12:20,,2024-09-01 00:15:33,2024-09-01 00:38:30,255,223,7.707,1377,51.61,3.01,1.36,4.4,0.0,0.0,0.0,26.95,N,N,N,N,N
HV0005,B03406,,2024-09-01 00:03:51,,2024-09-01 00:07:25,2024-09-01 00:28:43,148,225,3.569,1278,20.82,0.0,0.57,1.85,2.75,0.0,0.0,18.7,N,N,N,N,Y
HV0005,B03406,,2024-09-01 00:23:45,,2024-09-01 00:29:58,2024-09-01 00:38:13,225,37,0.992,495,7.15,0.0,0.2,0.64,0.0,0.0,2.0,6.56,N,N,N,N,Y
HV0005,B03406,,2024-09-01 00:24:41,,2024-09-01 00:40:38,2024-09-01 01:06:07,37,181,4.251,1529,23.96,0.0,0.66,2.13,0.0,0.0,0.0,22.34,N,N,N,N,Y
HV0003,B03404,B03404,2024-09-01 00:32:17,2024-09-01 00:33:01,2024-09-01 00:33:16,2024-09-01 00:43:59,161,239,2.51,643,18.07,0.0,0.49,1.6,2.75,0.0,0.0,9.66,N,N,N,N,N
HV0003,B03404,B03404,2024-09-01 00:48:52,2024-09-01 00:52:29,2024-09-01 00:54:30,2024-09-01 01:21:00,142,80,5.8,1590,27.41,0.0,0.75,2.42,2.75,0.0,0.0,23.34,N,N,N,N,N
HV0005,B03406,,2024-09-01 00:51:40,,2024-09-01 00:56:42,2024-09-01 01:25:06,62,129,8.776,1704,36.72,0.0,1.01,3.26,0.0,0.0,0.0,28.59,N,N,N,N,N
HV0003,B03404,B03404,2024-09-01 00:01:56,2024-09-01 00:07:11,2024-09-01 00:08:15,2024-09-01 00:17:49,91,85,2.34,574,10.51,0.0,0.29,0.93,0.0,0.0,0.0,8.76,N,N,N,N,N
HV0003,B03404,B03404,2024-09-01 00:17:01,2024-09-01 00:20:03,2024-09-01 00:21:00,2024-09-01 00:28:16,85,89,1.29,436,9.23,0.0,0.25,0.83,0.0,0.0,0.0,5.99,N,N,N,N,N
HV0003,B03404,B03404,2024-09-01 00:28:12,2024-09-01 00:29:39,2024-09-01 00:29:57,2024-09-01 00:45:09,89,228,4.55,912,19.7,0.0,0.54,1.74,0.0,0.0,0.0,15.05,N,N,N,N,N
HV0003,B03404,B03404,2024-09-01 00:54:36,2024-09-01 00:55:55,2024-09-01 00:56:08,2024-09-01 01:12:29,228,34,5.9,981,17.02,0.0,0.47,1.51,0.0,0.0,1.0,17.55,N,N,N,N,N
HV0003,B03404,B03404,2024-09-01 00:42:48,2024-09-01 00:47:12,2024-09-01 00:48:21,2024-09-01 00:59:01,61,188,1.76,640,12.22,0.0,0.32,1.04,0.0,0.0,0.0,8.61,N,N,N,N,N
HV0003,B03404,B03404,2024-09-01 00:44:36,2024-09-01 00:50:28,2024-09-01 00:51:05,2024-09-01 00:55:18,47,78,0.49,253,8.32,0.0,0.23,0.73,0.0,0.0,0.0,5.4,Y,N,N,N,N
HV0005,B03406,,2024-09-01 00:23:31,,2024-09-01 00:26:57,2024-09-01 00:42:53,164,148,2.121,956,38.32,0.0,1.05,3.4,2.75,0.0,0.0,30.58,N,N,N,N,N
HV0003,B03404,B03404,2024-09-01 00:07:21,2024-09-01 00:10:58,2024-09-01 00:11:20,2024-09-01 00:29:03,260,56,6.54,1063,18.8,0.0,0.52,1.66,0.0,0.0,0.0,19.22,N,N,N,N,N
HV0003,B03404,B03404,2024-09-01 00:24:56,2024-09-01 00:29:13,2024-09-01 00:29:13,2024-09-01 00:39:10,56,160,2.98,597,38.49,0.0,1.05,3.42,0.0,0.0,0.0,19.24,N,N,N,N,N
HV0003,B03404,B03404,2024-09-01 00:39:31,2024-09-01 00:44:54,2024-09-01 00:45:08,2024-09-01 00:59:52,196,129,2.92,884,16.76,0.0,0.49,1.59,0.0,0.0,0.0,12.56,N,N,N,N,N
HV0003,B03404,B03404,2024-08-31 23:16:28,2024-09-01 00:06:27,2024-09-01 00:06:43,2024-09-01 00:33:11,93,36,6.34,1588,52.38,0.0,1.44,4.65,0.0,0.0,0.0,42.43,N,N,N,N,N
HV0003,B03404,B03404,2024-09-01 00:27:52,2024-09-01 00:33:50,2024-09-01 00:34:21,2024-09-01 01:04:16,36,89,5.49,1795,43.82,0.0,1.21,3.88,0.0,0.0,0.0,26.66,N,N,N,N,N
HV0003,B03404,B03404,2024-08-31 23:57:02,2024-09-01 00:00:25,2024-09-01 00:01:33,2024-09-01 00:18:04,174,265,3.52,991,19.68,0.0,0.55,1.75,0.0,0.0,0.0,14.66,N,N,N,N,N
HV0003,B03404,B03404,2024-09-01 00:22:08,2024-09-01 00:27:41,2024-09-01 00:28:14,2024-09-01 00:34:07,259,254,1.05,353,8.54,0.0,0.23,0.76,0.0,0.0,0.0,5.39,N,N,N,N,N
HV0003,B03404,B03404,2024-09-01 00:14:13,2024-09-01 00:21:03,2024-09-01 00:21:25,2024-09-01 00:49:27,247,52,12.86,1682,50.42,0.0,1.39,4.47,2.75,0.0,0.0,33.83,N,N,N,N,N
HV0003,B03404,B03404,2024-09-01 00:52:03,2024-09-01 00:54:51,2024-09-01 00:56:29,2024-09-01 01:28:06,33,141,7.41,1897,29.73,0.0,0.86,2.79,2.75,0.0,0.0,28.51,N,N,N,N,N
HV0003,B03404,B03404,2024-09-01 00:40:22,2024-09-01 00:44:03,2024-09-01 00:44:21,2024-09-01 00:51:49,228,14,1.27,448,10.03,0.0,0.29,0.95,0.0,0.0,0.0,6.09,N,N,N,N,N
HV0003,B03404,B03404,2024-09-01 00:57:20,2024-09-01 00:58:43,2024-09-01 00:59:43,2024-09-01 01:15:23,227,178,3.08,940,17.62,0.0,0.51,1.67,0.0,0.0,0.0,13.33,N,N,N,N,N
HV0005,B03406,,2024-08-31 23:59:03,,2024-09-01 00:03:24,2024-09-01 00:42:03,191,62,17.736,2319,44.33,0.0,1.08,3.5,0.0,0.0,0.0,46.82,N,N,N,N,N
HV0003,B03404,B03404,2024-08-31 23:58:01,2024-09-01 00:03:55,2024-09-01 00:04:11,2024-09-01 00:40:22,255,62,7.32,2171,34.05,0.0,0.93,3.02,0.0,0.0,0.0,32.55,N,N,N,N,N
HV0003,B03404,B03404,2024-09-01 00:46:42,2024-09-01 00:48:03,2024-09-01 00:49:26,2024-09-01 01:00:36,17,37,2.02,670,11.87,0.0,0.32,1.05,0.0,0.0,0.0,9.26,N,N,N,N,N
HV0003,B03404,B03404,2024-09-01 00:32:23,2024-09-01 00:35:11,2024-09-01 00:35:55,2024-09-01 01:03:09,161,34,8.27,1634,42.69,6.94,1.17,4.4,2.75,0.0,0.0,27.13,N,N,N,N,N
HV0005,B03406,,2024-09-01 00:21:49,,2024-09-01 00:34:36,2024-09-01 00:52:41,112,49,3.496,1085,17.8,0.0,0.44,1.41,0.0,0.0,3.93,18.35,N,N,N,N,N
HV0003,B03404,B03404,2024-08-31 23:57:13,2024-09-01 00:09:07,2024-09-01 00:11:08,2024-09-01 00:49:31,80,97,4.39,2303,42.17,0.0,1.19,3.84,0.0,0.0,9.67,31.82,N,N,N,N,N
HV0003,B03404,B03404,2024-09-01 00:31:09,2024-09-01 00:33:46,2024-09-01 00:35:46,2024-09-01 00:52:31,168,174,7.87,1005,26.16,0.0,0.76,2.47,0.0,0.0,0.0,20.47,N,N,N,N,N
HV0003,B03404,B03404,2024-09-01 00:52:27,2024-09-01 00:54:38,2024-09-01 00:54:53,2024-09-01 01:01:15,174,254,1.91,382,10.67,0.0,0.29,0.95,0.0,0.0,0.0,6.31,N,N,N,N,N
HV0003,B03404,B03404,2024-09-01 00:13:11,2024-09-01 00:14:07,2024-09-01 00:16:08,2024-09-01 00:39:55,100,265,12.21,1427,49.02,20.0,1.35,0.0,0.0,0.0,0.0,35.45,N,N,N,N,N
HV0003,B03404,B03404,2024-09-01 00:19:56,2024-09-01 00:29:10,2024-09-01 00:30:02,2024-09-01 00:55:00,97,90,5.33,1498,39.62,0.0,1.09,3.52,2.75,0.0,0.0,24.06,N,N,N,N,N
HV0003,B03404,B03404,2024-09-01 00:56:08,2024-09-01 00:58:30,2024-09-01 00:59:05,2024-09-01 01:10:37,186,50,2.39,692,15.93,0.0,0.43,1.41,2.75,0.0,0.0,9.97,N,N,N,N,N
HV0003,B03404,B03404,2024-08-31 23:57:12,2024-08-31 23:58:08,2024-09-01 00:00:08,2024-09-01 00:24:57,140,147,6.64,1489,22.56,0.0,0.62,2.0,2.75,0.0,0.0,23.5,N,N,N,N,N
HV0003,B03404,B03404,2024-09-01 00:23:21,2024-09-01 00:27:06,2024-09-01 00:28:29,2024-09-01 00:45:59,168,248,4.68,1050,22.28,0.0,0.62,1.97,0.0,0.0,0.0,16.56,N,N,N,N,N
HV0003,B03404,B03404,2024-09-01 00:42:26,2024-09-01 00:45:37,2024-09-01 00:47:14,2024-09-01 01:52:38,138,265,26.32,3924,78.23,21.32,2.25,0.0,0.0,2.5,0.0,82.08,N,N,N,N,N
HV0005,B03406,,2024-09-01 00:08:22,,2024-09-01 00:13:53,2024-09-01 00:23:17,47,247,1.425,564,10.86,0.0,0.27,0.86,0.0,0.0,0.0,7.99,N,N,N,N,Y
HV0005,B03406,,2024-09-01 00:28:02,,2024-09-01 00:31:28,2024-09-01 00:44:16,42,41,2.449,768,16.97,0.0,0.42,1.34,0.0,0.0,0.0,11.78,N,N,N,N,Y
HV0005,B03406,,2024-09-01 00:45:02,,2024-09-01 00:47:28,2024-09-01 00:57:02,41,42,1.438,574,11.13,0.0,0.27,0.88,0.0,0.0,0.0,8.11,N,N,N,N,Y
HV0003,B03404,B03404,2024-09-01 00:03:51,2024-09-01 00:05:07,2024-09-01 00:10:47,2024-09-01 00:32:25,127,24,7.55,1298,24.04,0.0,0.66,2.14,2.75,0.0,0.0,27.3,N,N,N,Y,Y
HV0005,B03406,,2024-09-01 00:35:33,,2024-09-01 00:39:58,2024-09-01 00:51:10,238,116,2.983,672,14.33,0.0,0.39,1.27,0.0,0.0,0.0,11.79,N,N,N,N,Y
HV0003,B03404,B03404,2024-09-01 00:50:39,2024-09-01 00:57:26,2024-09-01 00:59:21,2024-09-01 01:18:20,45,17,4.76,1139,25.31,0.0,0.7,2.25,2.75,0.0,0.0,17.54,N,N,N,N,N
HV0005,B03406,,2024-09-01 00:06:49,,2024-09-01 00:08:19,2024-09-01 00:22:46,233,246,2.332,867,14.32,0.0,0.39,1.27,2.75,0.0,0.0,11.63,N,N,N,N,N
HV0005,B03406,,2024-09-01 00:24:13,,2024-09-01 00:31:47,2024-09-01 00:48:03,246,13,2.763,976,18.94,0.0,0.52,1.68,2.75,0.0,0.0,13.29,N,N,N,N,N
HV0005,B03406,,2024-08-31 23:58:17,,2024-09-01 00:04:01,2024-09-01 00:25:51,255,90,4.33,1310,27.47,0.22,0.76,2.46,2.75,0.0,0.0,18.68,N,N,N,N,N
HV0003,B03404,B03404,2024-09-01 00:29:32,2024-09-01 00:31:46,2024-09-01 00:31:52,2024-09-01 00:42:25,48,234,1.67,633,18.94,0.0,0.52,1.68,2.75,0.0,0.0,8.42,N,N,N,N,N
HV0003,B03404,B03404,2024-09-01 00:46:53,2024-09-01 00:49:17,2024-09-01 00:49:17,2024-09-01 00:56:10,90,170,1.45,413,10.96,0.0,0.3,0.97,2.75,0.0,0.0,5.98,N,N,N,N,N
HV0003,B03404,B03404,2024-08-31 23:56:45,2024-09-01 00:02:28,2024-09-01 00:03:37,2024-09-01 00:35:42,256,181,4.39,1925,18.8,0.0,0.52,1.67,0.0,0.0,0.0,27.3,N,N,N,N,N
HV0003,B03404,B03404,2024-09-01 00:33:03,2024-09-01 00:39:24,2024-09-01 00:39:36,2024-09-01 01:02:59,189,72,4.15,1403,49.95,0.0,1.38,4.43,0.0,0.0,0.0,32.36,N,N,N,N,N
HV0005,B03406,,2024-09-01 00:11:39,,2024-09-01 00:16:54,2024-09-01 00:36:56,68,48,2.654,1202,28.67,0.0,0.79,2.55,2.75,0.0,0.0,23.29,N,N,N,N,N
HV0003,B03404,B03404,2024-09-01 00:10:10,2024-09-01 00:16:42,2024-09-01 00:18:43,2024-09-01 00:38:23,148,97,3.43,1180,23.72,0.0,0.7,2.24,2.75,0.0,0.0,16.13,N,N,N,N,N
HV0003,B03404,B03404,2024-09-01 00:33:28,2024-09-01 00:45:14,2024-09-01 00:46:01,2024-09-01 01:09:55,181,80,3.32,1434,31.5,0.0,0.86,2.8,0.0,0.0,3.51,21.7,N,N,N,N,N
HV0003,B03404,B03404,2024-09-01 00:34:09,2024-09-01 00:36:12,2024-09-01 00:37:10,2024-09-01 00:42:16,61,61,0.9,306,8.14,0.0,0.22,0.71,0.0,0.0,0.0,5.39,N,N,N,N,N
HV0003,B03404,B03404,2024-09-01 00:51:05,2024-09-01 00:53:48,2024-09-01 00:55:07,2024-09-01 01:21:17,49,107,5.4,1570,34.2,0.0,0.94,3.03,2.75,0.0,0.0,25.1,N,N,N,N,N
HV0005,B03406,,2024-09-01 00:32:21,,2024-09-01 00:43:46,2024-09-01 00:48:47,150,210,1.271,301,17.46,0.0,0.21,0.66,0.0,0.0,0.0,10.98,N,N,N,N,N
HV0003,B03404,B03404,2024-09-01 00:03:56,2024-09-01 00:07:17,2024-09-01 00:07:30,2024-09-01 00:23:58,218,205,2.96,988,12.37,0.0,0.34,1.1,0.0,0.0,0.0,13.63,N,N,N,N,N
HV0003,B03404,B03404,2024-09-01 00:38:32,2024-09-01 00:39:17,2024-09-01 00:40:36,2024-09-01 01:07:09,191,130,5.92,1593,33.13,0.0,0.91,2.94,0.0,0.0,0.0,23.53,N,N,N,N,N
HV0005,B03406,,2024-08-31 23:56:35,,2024-09-01 00:04:49,2024-09-01 00:20:10,80,102,3.251,921,19.79,0.0,0.54,1.75,0.0,0.0,0.0,13.42,N,N,N,N,N
HV0005,B03406,,2024-09-01 00:20:10,,2024-09-01 00:24:37,2024-09-01 00:42:26,198,112,3.56,1069,21.28,0.0,0.59,1.89,0.0,0.0,4.75,15.28,N,N,N,N,N
HV0005,B03406,,2024-09-01 00:39:20,,2024-09-01 00:45:39,2024-09-01 01:02:14,112,37,2.733,995,18.72,0.0,0.51,1.66,0.0,0.0,0.0,13.43,N,N,N,N,N
HV0003,B03404,B03404,2024-09-01 00:10:10,2024-09-01 00:17:38,2024-09-01 00:18:44,2024-09-01 00:39:38,132,265,10.77,1254,50.47,0.0,1.46,4.69,0.0,2.5,7.0,31.48,N,N,N,N,N
HV0003,B03404,B03404,2024-09-01 00:02:50,2024-09-01 00:08:36,2024-09-01 00:08:36,2024-09-01 00:39:13,37,106,5.68,1837,30.42,0.0,0.84,2.69,0.0,0.0,0.0,25.57,N,N,N,N,N
HV0003,B03404,B03404,2024-09-01 00:14:59,2024-09-01 00:20:12,2024-09-01 00:20:21,2024-09-01 00:33:16,135,70,4.64,775,21.46,0.0,0.59,1.9,0.0,0.0,0.0,17.59,N,N,N,N,N
HV0003,B03404,B03404,2024-09-01 00:47:36,2024-09-01 00:50:56,2024-09-01 00:51:02,2024-09-01 00:59:22,70,82,1.4,500,12.52,0.0,0.34,1.11,0.0,0.0,0.0,6.76,N,N,N,N,N
HV0003,B03404,B03404,2024-09-01 00:34:44,2024-09-01 00:36:03,2024-09-01 00:37:19,2024-09-01 00:44:55,90,249,0.92,456,8.15,0.0,0.22,0.72,2.75,0.0,0.0,5.68,N,N,N,N,N
HV0003,B03404,B03404,2024-09-01 00:41:08,2024-09-01 00:46:19,2024-09-01 00:46:44,2024-09-01 00:57:55,249,100,1.95,671,16.3,0.0,0.44,1.45,2.75,0.0,2.09,9.17,N,N,N,N,N
HV0003,B03404,B03404,2024-09-01 00:08:13,2024-09-01 00:13:24,2024-09-01 00:15:11,2024-09-01 00:24:02,148,114,1.27,531,14.47,0.0,0.4,1.29,2.75,0.0,0.0,6.89,N,N,N,N,N
HV0003,B03404,B03404,2024-09-01 00:24:36,2024-09-01 00:29:52,2024-09-01 00:30:04,2024-09-01 00:50:19,114,112,4.53,1215,26.28,0.0,0.77,2.48,2.75,0.0,0.0,17.97,N,N,N,N,N
HV0003,B03404,B03404,2024-09-01 00:46:34,2024-09-01 00:52:28,2024-09-01 00:53:24,2024-09-01 01:00:21,112,80,1.25,417,8.95,0.0,0.24,0.8,0.0,0.0,0.0,6.75,N,N,N,N,N
HV0005,B03406,,2024-09-01 00:05:42,,2024-09-01 00:08:38,2024-09-01 00:27:10,137,244,8.679,1112,27.33,0.0,0.74,2.37,2.75,0.0,0.0,22.69,N,N,N,N,N
HV0005,B03406,,2024-09-01 00:25:59,,2024-09-01 00:29:59,2024-09-01 00:43:58,244,127,1.949,839,14.33,0.0,0.39,1.27,0.0,0.0,0.0,10.84,N,N,N,N,N
HV0005,B03406,,2024-09-01 00:46:56,,2024-09-01 00:48:53,2024-09-01 01:14:33,127,213,7.965,1540,30.84,0.0,0.71,2.29,0.0,0.0,0.0,25.89,N,N,N,N,N
HV0003,B03404,B03404,2024-08-31 23:51:10,2024-09-01 00:03:05,2024-09-01 00:04:24,2024-09-01 00:21:51,93,132,7.94,1047,102.96,0.0,2.9,9.36,0.0,2.5,17.65,51.5,N,N,N,N,N
HV0005,B03406,,2024-09-01 00:41:46,,2024-09-01 00:44:37,2024-09-01 00:53:03,164,79,1.389,506,14.09,0.0,0.39,1.25,2.75,0.0,2.77,7.78,N,N,N,N,N
HV0005,B03406,,2024-09-01 00:52:03,,2024-09-01 00:56:54,2024-09-01 01:01:11,113,107,0.785,257,8.09,0.0,0.22,0.72,2.75,0.0,0.0,5.47,N,N,N,N,N
HV0003,B03404,B03404,2024-09-01 00:48:17,2024-09-01 00:50:03,2024-09-01 00:52:05,2024-09-01 01:03:12,260,157,2.51,667,15.3,0.0,0.42,1.36,0.0,0.0,0.0,12.52,N,N,N,N,N
HV0005,B03406,,2024-08-31 23:57:50,,2024-09-01 00:01:18,2024-09-01 00:14:22,102,63,3.841,784,15.3,0.0,0.17,0.56,0.0,0.0,0.0,12.88,N,N,N,N,N
HV0005,B03406,,2024-09-01 00:19:47,,2024-09-01 00:28:22,2024-09-01 00:44:53,258,83,4.46,991,21.61,0.0,0.53,1.71,0.0,0.0,0.0,15.75,N,N,N,N,N
HV0003,B03404,B03404,2024-09-01 00:24:29,2024-09-01 00:27:39,2024-09-01 00:28:33,2024-09-01 00:38:44,244,119,1.5,611,10.16,0.0,0.28,0.9,0.0,0.0,0.0,7.97,N,N,N,N,N
HV0003,B03404,B03404,2024-09-01 00:27:28,2024-09-01 00:32:15,2024-09-01 00:34:16,2024-09-01 01:03:01,256,208,16.81,1725,66.38,6.94,1.82,6.43,0.0,0.0,0.0,50.8,N,N,N,N,N
HV0003,B03404,B03404,2024-09-01 00:48:10,2024-09-01 00:51:35,2024-09-01 00:52:14,2024-09-01 01:04:21,159,247,2.13,727,16.1,0.0,0.44,1.43,0.0,0.0,0.0,9.97,N,N,N,N,N
HV0003,B03404,B03404,2024-09-01 00:16:28,2024-09-01 00:22:49,2024-09-01 00:22:49,2024-09-01 00:25:20,19,265,0.69,151,8.58,0.0,0.23,0.76,0.0,0.0,0.0,5.39,N,N,N,N,N
HV0003,B03404,B03404,2024-09-01 00:37:45,2024-09-01 00:41:44,2024-09-01 00:42:58,2024-09-01 00:51:43,203,205,2.1,525,11.76,0.0,0.32,1.04,0.0,0.0,0.0,12.21,N,N,N,N,N
HV0003,B03404,B03404,2024-09-01 00:53:14,2024-09-01 00:56:16,2024-09-01 00:56:23,2024-09-01 01:20:47,205,76,9.49,1464,34.0,0.0,0.94,3.02,0.0,0.0,0.0,27.14,N,N,N,N,N
HV0005,B03406,,2024-09-01 00:20:32,,2024-09-01 00:29:22,2024-09-01 00:37:24,10,216,1.378,482,9.71,0.0,0.27,0.86,0.0,0.0,0.0,6.58,N,N,N,N,N
HV0003,B03404,B03404,2024-08-31 23:59:49,2024-09-01 00:03:06,2024-09-01 00:03:25,2024-09-01 00:10:30,225,61,0.99,425,8.7,0.0,0.24,0.77,0.0,0.0,0.0,2.73,Y,Y,N,N,N
HV0005,B03406,,2024-09-01 00:16:40,,2024-09-01 00:25:18,2024-09-01 00:42:53,61,89,3.826,1055,33.93,0.0,0.93,3.01,0.0,0.0,0.0,15.51,N,N,N,N,N
HV0005,B03406,,2024-09-01 00:47:47,,2024-09-01 00:59:20,2024-09-01 01:03:02,89,89,0.578,222,7.78,0.0,0.21,0.69,0.0,0.0,0.0,5.47,N,N,N,N,N
HV0003,B03404,B03404,2024-09-01 00:06:31,2024-09-01 00:07:42,2024-09-01 00:07:46,2024-09-01 00:17:33,50,158,2.23,587,16.27,0.0,0.44,1.44,2.75,0.0,0.0,8.73,N,N,N,N,N
HV0003,B03404,B03404,2024-09-01 00:17:48,2024-09-01 00:22:49,2024-09-01 00:23:40,2024-09-01 00:53:54,246,121,12.43,1814,47.39,6.94,1.3,4.83,2.75,0.0,0.0,34.52,N,N,N,N,N
HV0003,B03404,B03404,2024-08-31 23:57:02,2024-09-01 00:01:14,2024-09-01 00:03:13,2024-09-01 00:17:44,247,18,3.45,871,21.43,0.0,0.59,1.9,0.0,0.0,0.0,13.16,N,N,N,N,N
HV0003,B03404,B03404,2024-09-01 00:18:02,2024-09-01 00:22:30,2024-09-01 00:22:41,2024-09-01 00:41:24,18,244,5.53,1123,21.52,0.0,0.59,1.91,0.0,0.0,0.0,18.43,N,N,N,N,N
HV0003,B03404,B03404,2024-09-01 00:50:45,2024-09-01 00:56:14,2024-09-01 00:56:47,2024-09-01 01:05:27,243,244,1.62,520,7.68,0.0,0.21,0.69,0.0,0.0,0.0,7.25,N,N,N,N,N
HV0005,B03406,,2024-09-01 00:02:28,,2024-09-01 00:06:53,2024-09-01 00:16:39,97,49,1.32,586,14.58,0.0,0.3,0.95,0.0,0.0,2.37,7.51,N,N,N,N,N
HV0005,B03406,,2024-09-01 00:19:59,,2024-09-01 00:27:15,2024-09-01 00:40:41,189,49,1.908,806,12.61,0.0,0.35,1.12,0.0,0.0,0.0,10.46,N,N,N,N,N
HV0005,B03406,,2024-09-01 00:40:03,,2024-09-01 00:44:25,2024-09-01 01:00:29,49,190,2.41,964,23.12,0.0,0.64,2.05,0.0,0.0,5.0,16.19,N,N,N,N,N
HV0003,B03404,B03404,2024-09-01 00:43:25,2024-09-01 00:53:54,2024-09-01 00:54:11,2024-09-01 01:05:30,132,10,2.68,679,6.55,0.0,0.18,0.58,0.0,0.0,0.0,8.76,Y,Y,N,N,N
HV0003,B03404,B03404,2024-08-31 23:56:46,2024-09-01 00:00:44,2024-09-01 00:00:44,2024-09-01 00:09:25,47,167,1.72,521,10.66,0.0,0.29,0.95,0.0,0.0,0.0,7.4,N,N,N,N,N
HV0003,B03404,B03404,2024-09-01 00:12:06,2024-09-01 00:16:53,2024-09-01 00:17:30,2024-09-01 00:28:04,159,74,2.34,634,17.92,0.0,0.49,1.59,0.0,0.0,0.0,9.71,N,N,N,N,N
HV0003,B03404,B03404,2024-09-01 00:28:07,2024-09-01 00:31:41,2024-09-01 00:33:42,2024-09-01 00:58:06,74,232,7.88,1464,23.16,0.0,0.64,2.08,2.75,0.0,0.0,24.94,N,N,N,N,N
HV0005,B03406,,2024-09-01 00:13:16,,2024-09-01 00:15:03,2024-09-01 00:21:43,49,49,1.184,400,9.72,0.0,0.27,0.86,0.0,0.0,0.0,5.51,N,N,N,N,N
HV0005,B03406,,2024-09-01 00:26:43,,2024-09-01 00:35:52,2024-09-01 00:48:15,255,37,2.195,743,15.83,0.0,0.44,1.41,0.0,0.0,0.0,13.24,N,N,N,N,N
HV0003,B03404,B03404,2024-09-01 00:01:26,2024-09-01 00:02:19,2024-09-01 00:04:20,2024-09-01 00:37:07,72,216,6.46,1967,30.64,0.0,0.84,2.71,0.0,0.0,0.0,30.87,N,N,N,N,N
HV0003,B03404,B03404,2024-09-01 00:31:49,2024-09-01 00:36:55,2024-09-01 00:38:13,2024-09-01 00:52:56,216,76,3.24,883,16.43,0.0,0.46,1.46,0.0,0.0,0.0,15.95,Y,N,N,N,N
HV0003,B03404,B03404,2024-09-01 00:52:51,2024-09-01 00:56:59,2024-09-01 00:57:05,2024-09-01 01:02:42,63,63,0.93,337,6.51,0.0,0.18,0.57,0.0,0.0,0.0,8.35,N,N,N,N,N
HV0005,B03406,,2024-08-31 23:59:02,,2024-09-01 00:03:04,2024-09-01 00:19:07,18,244,4.909,963,23.14,0.0,0.61,1.97,0.0,0.0,0.0,16.09,N,N,N,N,N
HV0003,B03404,B03404,2024-09-01 00:36:38,2024-09-01 00:41:18,2024-09-01 00:42:17,2024-09-01 01:28:05,68,61,7.74,2748,36.83,0.0,1.01,3.27,2.75,0.0,0.0,37.23,N,N,N,N,N
HV0003,B03404,B03404,2024-09-01 00:31:08,2024-09-01 00:34:45,2024-09-01 00:35:40,2024-09-01 00:51:30,189,37,2.83,950,19.16,0.0,0.52,1.7,0.0,0.0,0.0,15.33,N,N,N,N,N
HV0003,B03404,B03404,2024-09-01 00:47:25,2024-09-01 00:51:57,2024-09-01 00:52:51,2024-09-01 01:01:55,37,80,1.41,544,11.63,0.0,0.32,1.04,0.0,0.0,0.0,7.21,N,N,N,N,N
HV0003,B03404,B03404,2024-09-01 00:01:09,2024-09-01 00:03:24,2024-09-01 00:05:26,2024-09-01 00:12:29,241,127,1.66,423,10.1,0.0,0.29,0.95,0.0,0.0,0.0,6.38,N,N,N,N,N
HV0003,B03404,B03404,2024-09-01 00:10:26,2024-09-01 00:13:59,2024-09-01 00:14:01,2024-09-01 00:24:16,127,241,2.21,615,15.14,0.0,0.44,1.43,0.0,0.0,0.0,8.99,N,N,N,N,N
HV0003,B03404,B03404,2024-09-01 00:23:07,2024-09-01 00:25:15,2024-09-01 00:25:28,2024-09-01 00:42:15,220,260,12.48,1007,32.55,6.94,0.89,3.51,0.0,0.0,0.0,26.75,N,N,N,N,N
HV0003,B03404,B03404,2024-09-01 00:02:16,2024-09-01 00:03:02,2024-09-01 00:03:02,2024-09-01 00:17:48,68,79,2.4,886,28.45,0.0,0.78,2.51,2.75,0.0,0.0,19.46,N,N,N,N,N
HV0003,B03404,B03404,2024-09-01 00:23:18,2024-09-01 00:25:24,2024-09-01 00:25:38,2024-09-01 01:05:00,137,216,16.72,2362,46.98,0.0,1.38,4.43,0.75,0.0,0.0,45.69,Y,N,N,N,N
HV0003,B03404,B03404,2024-09-01 00:22:36,2024-09-01 00:23:28,2024-09-01 00:24:47,2024-09-01 00:46:08,92,34,11.06,1281,36.64,0.0,1.01,3.25,0.0,0.0,0.0,31.74,N,N,N,N,N
HV0003,B03404,B03404,2024-09-01 00:51:03,2024-09-01 00:57:12,2024-09-01 00:57:16,2024-09-01 01:32:19,49,95,12.31,2103,40.37,0.0,1.11,3.59,0.0,0.0,0.0,40.67,N,N,N,N,N
HV0005,B03406,,2024-09-01 00:17:23,,2024-09-01 00:21:19,2024-09-01 00:38:15,17,177,2.423,1016,19.01,0.0,0.47,1.5,0.0,0.0,0.0,13.21,N,N,N,N,N
HV0005,B03406,,2024-09-01 00:41:50,,2024-09-01 00:51:21,2024-09-01 00:59:49,37,80,1.262,508,8.64,0.0,0.24,0.77,0.0,0.0,1.93,6.67,N,N,N,N,N
HV0003,B03404,B03404,2024-09-01 00:02:53,2024-09-01 00:03:24,2024-09-01 00:04:03,2024-09-01 00:18:03,170,151,4.42,840,21.05,0.0,0.58,1.87,2.75,0.0,0.0,14.17,N,N,N,N,N
HV0003,B03404,B03404,2024-09-01 00:19:53,2024-09-01 00:21:11,2024-09-01 00:21:11,2024-09-01 00:29:39,238,244,3.91,508,15.35,0.0,0.45,1.45,2.75,0.0,0.0,10.26,N,N,N,N,N
HV0003,B03404,B03404,2024-09-01 00:30:10,2024-09-01 00:30:45,2024-09-01 00:30:56,2024-09-01 00:43:16,116,69,2.43,740,13.84,0.0,0.38,1.23,0.0,0.0,0.0,10.49,N,N,N,N,N
HV0003,B03404,B03404,2024-09-01 00:02:03,2024-09-01 00:09:23,2024-09-01 00:10:14,2024-09-01 00:32:46,36,112,3.78,1352,22.15,0.0,0.61,1.97,0.0,0.0,0.0,19.77,N,N,N,N,N
HV0003,B03404,B03404,2024-09-01 00:29:34,2024-09-01 00:33:59,2024-09-01 00:34:28,2024-09-01 00:48:59,112,141,4.02,871,26.11,0.0,0.72,2.32,2.75,0.0,0.0,14.94,N,N,N,N,N
HV0005,B03406,,2024-09-01 00:34:45,,2024-09-01 00:40:15,2024-09-01 00:49:47,146,7,1.741,572,10.6,0.0,0.29,0.94,0.0,0.0,0.0,7.96,N,N,N,N,N
HV0003,B03404,B03404,2024-08-31 23:58:15,2024-09-01 00:00:07,2024-09-01 00:00:19,2024-09-01 00:09:40,116,41,1.56,561,11.56,0.0,0.32,1.03,0.0,0.0,1.0,7.57,N,N,N,N,N
HV0003,B03404,B03404,2024-09-01 00:13:12,2024-09-01 00:16:43,2024-09-01 00:17:53,2024-09-01 00:34:17,189,37,3.22,984,30.36,0.0,0.84,2.7,0.0,0.0,0.0,13.94,N,N,N,N,N
HV0003,B03404,B03404,2024-09-01 00:31:29,2024-09-01 00:38:03,2024-09-01 00:38:56,2024-09-01 01:08:26,37,263,6.92,1770,37.31,0.0,1.03,3.32,2.75,0.0,0.0,28.61,N,N,N,N,N
HV0003,B03404,B03404,2024-09-01 00:04:10,2024-09-01 00:07:42,2024-09-01 00:08:15,2024-09-01 00:20:09,47,248,3.06,714,15.17,0.0,0.41,1.35,0.0,0.0,0.0,11.1,N,N,N,N,N
HV0003,B03404,B03404,2024-09-01 00:21:47,2024-09-01 00:24:50,2024-09-01 00:25:14,2024-09-01 00:35:51,212,3,3.74,637,16.04,0.0,0.45,1.42,0.0,0.0,0.0,11.28,N,N,N,N,N
HV0003,B03404,B03404,2024-09-01 00:37:02,2024-09-01 00:38:10,2024-09-01 00:40:10,2024-09-01 01:03:20,3,265,9.86,1390,37.42,0.0,1.03,3.32,0.0,0.0,0.0,30.67,N,N,N,N,N
HV0003,B03404,B03404,2024-09-01 00:21:47,2024-09-01 00:22:09,2024-09-01 00:24:09,2024-09-01 00:43:20,113,50,2.79,1151,24.25,0.0,0.7,2.29,2.75,0.0,0.0,14.98,N,N,N,N,N
HV0003,B03404,B03404,2024-09-01 00:44:50,2024-09-01 00:47:39,2024-09-01 00:47:57,2024-09-01 01:18:41,50,34,6.54,1844,32.77,0.0,0.92,2.96,2.75,0.0,0.0,26.81,N,N,N,N,N
HV0003,B03404,B03404,2024-09-01 00:16:43,2024-09-01 00:19:54,2024-09-01 00:24:55,2024-09-01 00:38:44,209,148,1.61,829,30.83,0.0,0.85,2.73,2.75,0.0,0.0,17.25,N,N,N,N,N
HV0003,B03404,B03404,2024-08-31 23:54:43,2024-09-01 00:00:28,2024-09-01 00:00:52,2024-09-01 00:14:09,37,177,1.84,797,15.14,0.0,0.41,1.34,0.0,0.0,0.0,10.24,N,N,N,N,N
HV0003,B03404,B03404,2024-09-01 00:40:51,2024-09-01 00:45:42,2024-09-01 00:45:42,2024-09-01 00:56:53,144,66,2.21,671,18.12,0.0,0.49,1.61,2.75,0.0,5.0,9.53,N,N,N,N,N
HV0003,B03404,B03404,2024-09-01 00:26:47,2024-09-01 00:31:30,2024-09-01 00:33:30,2024-09-01 00:41:45,211,249,1.3,495,14.05,0.0,0.38,1.25,2.75,0.0,0.0,7.42,N,N,N,N,N
HV0003,B03404,B03404,2024-09-01 00:39:48,2024-09-01 00:41:22,2024-09-01 00:42:43,2024-09-01 00:56:20,249,170,2.5,817,17.03,0.0,0.49,1.6,2.75,0.0,0.0,11.34,N,N,N,N,N
HV0003,B03404,B03404,2024-09-01 00:02:29,2024-09-01 00:03:28,2024-09-01 00:05:27,2024-09-01 00:13:01,31,254,1.62,454,10.0,0.0,0.27,0.89,0.0,0.0,0.0,6.62,N,N,N,N,N
HV0003,B03404,B03404,2024-09-01 00:12:30,2024-09-01 00:14:36,2024-09-01 00:16:06,2024-09-01 00:33:20,254,265,6.18,1034,19.25,0.0,0.56,1.81,0.0,0.0,0.0,19.11,N,N,N,N,N
HV0003,B03404,B03404,2024-09-01 00:40:45,2024-09-01 00:41:48,2024-09-01 00:42:03,2024-09-01 00:56:32,220,265,3.89,869,21.32,0.0,0.59,1.89,0.0,0.0,0.0,15.61,N,N,N,N,N
HV0003,B03404,B03404,2024-09-01 00:25:43,2024-09-01 00:29:18,2024-09-01 00:29:31,2024-09-01 00:39:13,114,87,2.0,582,15.0,0.0,0.41,1.33,2.75,0.0,0.0,8.52,N,N,N,N,N
HV0003,B03404,B03404,2024-09-01 00:41:18,2024-09-01 00:43:50,2024-09-01 00:45:03,2024-09-01 00:53:21,209,249,1.64,498,37.14,0.0,1.08,3.5,2.75,0.0,0.0,21.42,N,N,N,N,N
HV0003,B03404,B03404,2024-09-01 00:15:14,2024-09-01 00:17:58,2024-09-01 00:20:00,2024-09-01 00:56:18,49,205,15.43,2178,41.45,0.0,1.14,3.67,0.0,0.0,0.0,42.96,N,N,N,N,N
HV0005,B03406,,2024-08-31 23:59:31,,2024-09-01 00:04:30,2024-09-01 00:21:21,158,265,4.558,1011,25.81,20.32,1.2,0.0,0.0,0.0,0.0,17.23,N,N,N,N,N
HV0005,B03406,,2024-09-01 00:40:23,,2024-09-01 00:48:53,2024-09-01 01:05:51,114,265,3.899,1018,19.91,20.97,1.01,0.0,0.0,0.0,0.0,16.16,N,N,N,N,N
HV0003,B03404,B03404,2024-09-01 00:37:48,2024-09-01 00:39:51,2024-09-01 00:41:51,2024-09-01 00:48:38,164,161,1.16,407,10.06,0.0,0.27,0.9,2.75,0.0,0.0,5.53,N,N,N,N,N
HV0003,B03404,B03404,2024-09-01 00:46:43,2024-09-01 00:52:07,2024-09-01 00:52:26,2024-09-01 01:09:18,170,141,2.98,1012,12.41,0.0,0.34,1.1,0.75,0.0,0.0,10.68,Y,Y,N,N,N
HV0003,B03404,B03404,2024-09-01 00:53:48,2024-09-01 00:56:00,2024-09-01 00:57:31,2024-09-01 01:00:25,89,85,1.01,174,7.63,0.0,0.21,0.68,0.0,0.0,0.0,5.39,N,N,N,N,N
HV0003,B03404,B03404,2024-08-31 23:56:27,2024-09-01 00:00:14,2024-09-01 00:02:15,2024-09-01 00:22:24,138,256,7.39,1209,30.81,0.0,0.91,2.96,0.0,2.5,0.0,21.8,N,N,N,N,N
HV0003,B03404,B03404,2024-09-01 00:20:45,2024-09-01 00:24:30,2024-09-01 00:25:00,2024-09-01 00:36:26,80,112,1.93,686,13.88,0.0,0.39,1.25,0.0,0.0,0.0,10.28,N,N,N,N,N
HV0003,B03404,B03404,2024-09-01 00:32:56,2024-09-01 00:38:05,2024-09-01 00:38:27,2024-09-01 00:42:58,112,112,1.21,271,11.56,0.0,0.32,1.03,0.0,0.0,0.0,5.41,N,N,N,N,N
HV0003,B03404,B03404,2024-09-01 00:40:26,2024-09-01 00:42:56,2024-09-01 00:44:12,2024-09-01 00:57:37,112,157,2.32,805,24.11,0.0,0.66,2.13,0.0,0.0,0.0,10.98,N,N,N,N,N
HV0003,B03404,B03404,2024-09-01 00:09:18,2024-09-01 00:12:59,2024-09-01 00:13:23,2024-09-01 00:25:35,32,242,2.07,732,12.24,0.0,0.35,1.15,0.0,0.0,0.0,10.12,N,N,N,N,N
HV0003,B03404,B03404,2024-09-01 00:24:27,2024-09-01 00:31:28,2024-09-01 00:31:37,2024-09-01 00:44:15,250,32,2.76,758,15.63,0.0,0.42,1.38,0.0,0.0,0.0,11.11,N,N,N,N,N
HV0003,B03404,B03404,2024-08-31 23:56:38,2024-09-01 00:00:14,2024-09-01 00:02:15,2024-09-01 00:12:03,78,167,1.54,588,11.57,0.0,0.32,1.03,0.0,0.0,0.0,7.81,N,N,N,N,N
HV0003,B03404,B03404,2024-09-01 00:14:17,2024-09-01 00:14:42,2024-09-01 00:15:37,2024-09-01 00:25:54,60,169,1.48,617,9.24,0.0,0.25,0.82,0.0,0.0,0.0,8.0,N,N,N,N,N
HV0003,B03404,B03404,2024-09-01 00:27:11,2024-09-01 00:29:18,2024-09-01 00:30:09,2024-09-01 00:38:46,169,241,1.74,517,11.56,0.0,0.32,1.03,0.0,0.0,0.0,7.4,N,N,N,N,N
HV0003,B03404,B03404,2024-09-01 00:44:10,2024-09-01 00:47:26,2024-09-01 00:47:59,2024-09-01 01:05:03,136,168,6.72,1024,21.42,0.0,0.59,1.91,0.0,0.0,0.0,19.09,N,N,N,N,N
HV0003,B03404,B03404,2024-08-31 23:53:29,2024-09-01 00:01:25,2024-09-01 00:03:08,2024-09-01 00:26:55,35,130,8.47,1427,25.01,0.0,0.68,2.21,0.0,0.0,0.0,28.77,N,N,N,N,Y
HV0003,B03404,B03404,2024-09-01 00:25:31,2024-09-01 00:31:45,2024-09-01 00:32:13,2024-09-01 00:44:04,130,216,2.48,711,14.27,0.0,0.39,1.26,0.0,0.0,0.0,11.27,N,N,N,N,Y
HV0003,B03404,B03404,2024-09-01 00:37:07,2024-09-01 00:47:29,2024-09-01 00:47:53,2024-09-01 01:05:17,216,130,3.17,1044,17.86,0.0,0.49,1.59,0.0,0.0,0.0,15.72,Y,N,N,N,Y
HV0005,B03406,,2024-08-31 23:58:53,,2024-09-01 00:03:56,2024-09-01 00:22:34,229,231,5.252,1118,18.91,0.0,0.52,1.68,2.75,0.0,0.0,18.07,N,N,N,N,N
HV0005,B03406,,2024-09-01 00:23:45,,2024-09-01 00:29:14,2024-09-01 01:07:18,13,244,11.365,2284,37.18,0.0,0.96,3.1,2.75,0.0,0.0,37.78,N,N,N,N,N
HV0003,B03404,B03404,2024-09-01 00:10:51,2024-09-01 00:13:25,2024-09-01 00:13:34,2024-09-01 00:21:26,33,66,1.47,472,10.01,0.0,0.27,0.89,0.0,0.0,0.0,6.59,N,N,N,N,N
HV0003,B03404,B03404,2024-09-01 00:35:17,2024-09-01 00:40:35,2024-09-01 00:40:42,2024-09-01 01:00:19,231,255,5.35,1177,23.76,0.0,0.7,2.25,2.75,0.0,0.0,18.72,N,N,N,N,N
HV0003,B03404,B03404,2024-09-01 00:05:31,2024-09-01 00:17:25,2024-09-01 00:17:58,2024-09-01 00:31:53,76,91,6.89,835,20.86,0.0,0.57,1.85,0.0,0.0,0.0,17.49,N,N,N,N,N
HV0003,B03404,B03404,2024-09-01 00:40:09,2024-09-01 00:51:14,2024-09-01 00:53:15,2024-09-01 01:10:01,124,28,8.05,1006,27.2,0.0,0.75,2.41,0.0,0.0,0.0,20.74,N,N,N,N,N
HV0003,B03404,B03404,2024-09-01 00:04:52,2024-09-01 00:06:42,2024-09-01 00:07:32,2024-09-01 00:17:22,116,41,1.67,590,11.58,0.0,0.32,1.03,0.0,0.0,0.0,8.67,N,N,N,N,Y
HV0003,B03404,B03404,2024-09-01 00:09:52,2024-09-01 00:12:00,2024-09-01 00:12:23,2024-09-01 00:29:47,50,170,3.2,1044,23.05,0.0,0.63,2.05,2.75,0.0,0.0,14.49,N,N,N,N,N
HV0003,B03404,B03404,2024-09-01 00:34:02,2024-09-01 00:36:08,2024-09-01 00:36:50,2024-09-01 00:42:26,107,113,0.81,336,9.11,0.0,0.25,0.8,2.75,0.0,0.0,5.39,N,N,N,N,N
HV0003,B03404,B03404,2024-09-01 00:39:53,2024-09-01 00:45:32,2024-09-01 00:45:43,2024-09-01 00:50:49,113,144,0.69,306,7.23,0.0,0.2,0.64,2.75,0.0,0.0,5.4,N,N,N,N,N
HV0003,B03404,B03404,2024-09-01 00:50:32,2024-09-01 00:56:24,2024-09-01 00:57:21,2024-09-01 01:11:58,148,107,2.42,877,20.77,0.0,0.57,1.84,2.75,0.0,0.0,11.81,N,N,N,N,N
HV0003,B03404,B03404,2024-09-01 00:01:39,2024-09-01 00:06:30,2024-09-01 00:08:38,2024-09-01 00:22:43,201,155,6.25,845,23.1,0.0,0.63,2.03,0.0,0.0,0.0,16.71,N,N,N,N,N
HV0003,B03404,B03404,2024-09-01 00:22:26,2024-09-01 00:25:57,2024-09-01 00:27:21,2024-09-01 00:42:21,155,85,3.63,900,23.68,0.0,0.65,2.1,0.0,0.0,0.0,13.69,N,N,N,N,N
HV0003,B03404,B03404,2024-09-01 00:43:13,2024-09-01 00:45:13,2024-09-01 00:45:24,2024-09-01 00:53:18,85,72,1.44,474,9.59,0.0,0.28,0.91,0.0,0.0,0.0,6.57,N,N,N,N,N
HV0003,B03404,B03404,2024-09-01 00:55:27,2024-09-01 00:58:21,2024-09-01 00:58:47,2024-09-01 01:10:04,72,71,2.26,677,11.74,0.0,0.34,1.11,0.0,0.0,0.0,9.65,N,N,N,N,N
HV0003,B03404,B03404,2024-08-31 23:58:45,2024-09-01 00:03:18,2024-09-01 00:03:23,2024-09-01 00:19:36,56,112,6.51,973,41.18,0.0,1.13,3.65,0.0,0.0,0.0,22.56,N,N,N,N,N
HV0003,B03404,B03404,2024-09-01 00:08:28,2024-09-01 00:23:33,2024-09-01 00:23:36,2024-09-01 00:30:39,80,260,3.03,423,25.05,0.0,0.68,2.23,0.0,0.0,0.0,12.5,Y,N,N,N,N
HV0003,B03404,B03404,2024-09-01 00:30:47,2024-09-01 00:32:42,2024-09-01 00:34:08,2024-09-01 00:39:38,260,260,0.82,330,6.17,0.0,0.17,0.54,0.0,0.0,0.0,5.4,N,N,N,N,N
HV0003,B03404,B03404,2024-09-01 00:39:54,2024-09-01 00:41:17,2024-09-01 00:42:48,2024-09-01 00:51:28,83,129,1.94,520,11.05,0.0,0.32,1.04,0.0,0.0,0.0,7.69,N,N,N,N,N
HV0003,B03404,B03404,2024-09-01 00:53:50,2024-09-01 00:58:45,2024-09-01 00:59:12,2024-09-01 01:09:33,82,129,1.38,621,10.4,0.0,0.28,0.93,0.0,0.0,0.0,7.91,N,N,N,N,N
HV0003,B03404,B03404,2024-09-01 00:38:06,2024-09-01 00:44:05,2024-09-01 00:46:53,2024-09-01 01:13:13,76,71,5.54,1580,28.18,0.0,0.82,2.65,0.0,0.0,6.93,24.64,N,N,N,N,N
HV0003,B03404,B03404,2024-09-01 00:00:17,2024-09-01 00:04:07,2024-09-01 00:04:21,2024-09-01 00:32:16,79,167,11.18,1675,48.94,6.94,1.35,4.96,2.75,0.0,0.0,31.48,N,N,N,N,N
HV0003,B03404,B03404,2024-09-01 00:32:38,2024-09-01 00:38:21,2024-09-01 00:38:21,2024-09-01 00:59:07,167,254,8.38,1246,28.67,0.0,0.78,2.54,0.0,0.0,0.0,23.51,N,N,N,N,N
HV0005,B03406,,2024-09-01 00:04:47,,2024-09-01 00:08:50,2024-09-01 00:16:19,246,158,1.228,449,11.87,0.0,0.29,0.95,2.75,0.0,0.0,6.05,N,N,N,N,N
HV0003,B03404,B03404,2024-09-01 00:07:19,2024-09-01 00:10:11,2024-09-01 00:11:23,2024-09-01 00:35:17,37,76,4.35,1434,28.65,0.0,0.79,2.54,0.0,0.0,0.0,19.85,N,N,N,N,N
HV0003,B03404,B03404,2024-09-01 00:07:31,2024-09-01 00:15:43,2024-09-01 00:16:28,2024-09-01 00:48:30,256,189,3.37,1922,25.97,0.0,0.72,2.31,0.0,0.0,0.0,25.0,N,N,N,N,N
HV0003,B03404,B03404,2024-09-01 00:40:50,2024-09-01 00:53:35,2024-09-01 00:54:19,2024-09-01 01:28:49,181,91,5.6,2070,52.79,0.0,1.45,4.68,0.0,0.0,0.0,31.48,N,N,N,N,N
HV0005,B03406,,2024-09-01 00:18:09,,2024-09-01 00:25:13,2024-09-01 00:31:03,208,208,1.219,350,10.58,0.0,0.29,0.94,0.0,0.0,5.0,5.47,N,N,N,N,N
HV0005,B03406,,2024-09-01 00:32:00,,2024-09-01 00:33:33,2024-09-01 00:38:34,208,208,1.028,301,8.7,0.0,0.24,0.77,0.0,0.0,0.0,5.47,N,N,N,N,N
HV0005,B03406,,2024-09-01 00:03:10,,2024-09-01 00:12:18,2024-09-01 00:32:03,246,4,2.689,1185,20.04,0.0,0.55,1.78,2.75,0.0,0.0,15.22,N,N,N,N,N
HV0005,B03406,,2024-09-01 00:32:55,,2024-09-01 00:35:51,2024-09-01 00:41:25,79,45,0.869,334,9.9,0.0,0.27,0.88,2.75,0.0,1.0,5.47,N,N,N,N,N
HV0005,B03406,,2024-09-01 00:47:33,,2024-09-01 00:54:39,2024-09-01 01:02:22,148,33,2.07,463,12.52,0.0,0.34,1.11,2.75,0.0,0.0,7.34,N,N,N,N,N
HV0005,B03406,,2024-09-01 00:06:41,,2024-09-01 00:14:15,2024-09-01 00:32:44,230,75,4.078,1109,23.4,0.0,0.64,2.06,2.75,0.0,0.0,17.96,N,N,N,N,Y
HV0005,B03406,,2024-09-01 00:45:48,,2024-09-01 00:50:11,2024-09-01 01:00:56,263,41,2.83,645,17.09,0.0,0.47,1.52,2.75,0.0,4.37,11.25,N,N,N,N,Y
HV0003,B03404,B03404,2024-09-01 00:10:19,2024-09-01 00:11:43,2024-09-01 00:13:35,2024-09-01 00:21:16,144,79,1.12,461,8.23,0.0,0.22,0.73,2.75,0.0,0.0,6.0,N,N,N,N,N
HV0003,B03404,B03404,2024-09-01 00:22:17,2024-09-01 00:23:19,2024-09-01 00:23:51,2024-09-01 00:34:34,113,4,1.76,643,8.8,0.0,0.24,0.78,2.75,0.0,0.0,8.64,N,N,N,N,N
HV0003,B03404,B03404,2024-09-01 00:32:53,2024-09-01 00:38:23,2024-09-01 00:38:37,2024-09-01 00:50:14,4,90,1.98,697,16.12,0.0,0.47,1.52,2.75,0.0,0.0,9.46,N,N,N,N,N
HV0003,B03404,B03404,2024-09-01 00:50:22,2024-09-01 00:52:31,2024-09-01 00:52:36,2024-09-01 00:58:57,90,107,1.22,381,9.39,0.0,0.27,0.89,2.75,0.0,3.0,5.39,N,N,N,N,N
HV0003,B03404,B03404,2024-08-31 23:55:20,2024-09-01 00:06:17,2024-09-01 00:06:44,2024-09-01 00:44:34,215,42,15.13,2270,27.17,3.47,0.77,2.73,0.0,0.0,0.0,25.91,Y,Y,N,N,N
HV0003,B03404,B03404,2024-09-01 00:08:48,2024-09-01 00:17:13,2024-09-01 00:18:44,2024-09-01 00:55:33,130,244,15.56,2209,21.46,3.47,0.63,2.23,0.0,0.0,0.0,25.9,Y,Y,N,N,N
HV0003,B03404,B03404,2024-09-01 00:00:32,2024-09-01 00:03:23,2024-09-01 00:03:29,2024-09-01 00:40:48,48,130,13.5,2239,44.46,6.94,1.22,4.56,2.75,0.0,0.0,40.12,N,N,N,N,N
HV0005,B03406,,2024-09-01 00:22:02,,2024-09-01 00:26:43,2024-09-01 00:59:51,129,181,8.225,1988,34.79,0.15,0.96,3.1,0.0,0.0,0.0,30.61,N,N,N,N,N
HV0003,B03404,B03404,2024-09-01 00:04:35,2024-09-01 00:06:51,2024-09-01 00:08:27,2024-09-01 00:16:37,205,218,2.11,490,13.35,0.0,0.36,1.18,0.0,0.0,0.0,7.63,N,N,N,N,N
HV0003,B03404,B03404,2024-09-01 00:16:22,2024-09-01 00:18:55,2024-09-01 00:20:51,2024-09-01 00:56:06,218,254,20.29,2115,49.63,6.94,1.43,5.22,0.0,0.0,5.0,48.14,N,N,N,N,N
HV0003,B03404,B03404,2024-09-01 00:49:18,2024-09-01 00:53:19,2024-09-01 00:55:19,2024-09-01 01:01:33,241,200,3.32,374,13.52,0.0,0.38,1.2,0.0,0.0,0.0,8.16,N,N,N,N,N
HV0003,B03404,B03404,2024-08-31 23:54:00,2024-09-01 00:03:16,2024-09-01 00:03:26,2024-09-01 00:18:03,161,158,2.55,877,22.58,0.0,0.62,2.01,2.75,0.0,0.0,13.29,N,N,N,N,Y
HV0003,B03404,B03404,2024-09-01 00:21:08,2024-09-01 00:23:56,2024-09-01 00:25:18,2024-09-01 00:29:43,249,249,0.84,265,9.12,0.0,0.25,0.8,2.75,0.0,0.0,6.02,N,N,N,N,Y
HV0003,B03404,B03404,2024-09-01 00:30:46,2024-09-01 00:34:12,2024-09-01 00:35:42,2024-09-01 00:47:56,234,144,1.81,734,13.99,0.0,0.38,1.24,2.75,0.0,0.0,10.77,N,N,N,N,Y
HV0003,B03404,B03404,2024-09-01 00:47:58,2024-09-01 00:50:12,2024-09-01 00:51:12,2024-09-01 01:01:31,144,79,1.19,619,8.26,0.0,0.23,0.74,2.75,0.0,0.0,8.4,N,N,N,N,Y
HV0003,B03404,B03404,2024-09-01 00:09:27,2024-09-01 00:10:59,2024-09-01 00:12:06,2024-09-01 00:30:57,169,208,6.78,1131,14.62,0.0,0.4,1.3,0.0,0.0,0.0,20.21,N,N,N,N,N
HV0003,B03404,B03404,2024-09-01 00:48:35,2024-09-01 00:53:31,2024-09-01 00:55:20,2024-09-01 01:03:53,213,78,2.18,513,12.28,0.0,0.36,1.16,0.0,0.0,5.0,8.29,N,N,N,N,N
HV0003,B03404,B03404,2024-09-01 00:26:22,2024-09-01 00:28:33,2024-09-01 00:29:29,2024-09-01 01:00:01,137,235,10.0,1832,30.67,0.0,0.85,2.71,2.75,0.0,0.0,31.4,N,N,N,N,N
HV0003,B03404,B03404,2024-09-01 00:02:34,2024-09-01 00:07:07,2024-09-01 00:09:07,2024-09-01 00:21:29,226,146,2.23,742,14.44,0.0,0.39,1.28,0.0,0.0,0.0,10.24,N,N,N,N,N
HV0003,B03404,B03404,2024-09-01 00:24:52,2024-09-01 00:26:59,2024-09-01 00:27:21,2024-09-01 00:34:44,146,7,1.17,443,8.28,0.0,0.23,0.74,0.0,0.0,0.0,5.89,N,N,N,N,N
HV0003,B03404,B03404,2024-09-01 00:38:18,2024-09-01 00:41:35,2024-09-01 00:43:41,2024-09-01 00:55:29,7,56,6.25,708,21.45,0.0,0.59,1.9,0.0,0.0,0.0,15.38,N,N,N,N,N
HV0003,B03404,B03404,2024-09-01 00:53:49,2024-09-01 00:58:55,2024-09-01 00:59:24,2024-09-01 01:15:21,82,255,6.46,957,20.36,0.0,0.55,1.78,0.0,0.0,0.0,18.09,N,N,N,N,N
HV0003,B03404,B03404,2024-09-01 00:11:55,2024-09-01 00:12:40,2024-09-01 00:14:06,2024-09-01 00:47:42,79,77,17.1,2016,47.98,6.94,1.35,4.88,2.75,0.0,0.0,42.85,N,N,N,N,N
HV0003,B03404,B03404,2024-09-01 00:51:25,2024-09-01 00:54:55,2024-09-01 00:56:56,2024-09-01 01:10:48,77,225,2.44,832,14.71,0.0,0.43,1.39,0.0,0.0,0.0,11.4,N,N,N,N,N
HV0003,B03404,B03404,2024-09-01 00:27:21,2024-09-01 00:30:38,2024-09-01 00:30:47,2024-09-01 00:44:11,16,184,9.84,804,20.38,6.94,0.61,2.43,0.0,0.0,0.0,21.19,N,N,N,N,N
HV0003,B03404,B03404,2024-09-01 00:36:30,2024-09-01 00:46:22,2024-09-01 00:46:35,2024-09-01 00:55:52,183,213,2.95,557,14.81,0.0,0.4,1.31,0.0,0.0,0.0,9.42,Y,N,N,N,N
HV0005,B03406,,2024-09-01 00:07:46,,2024-09-01 00:11:40,2024-09-01 00:14:32,260,260,0.688,172,9.91,0.0,0.27,0.88,0.0,0.0,0.0,8.47,N,N,N,N,Y
HV0005,B03406,,2024-09-01 00:14:26,,2024-09-01 00:18:48,2024-09-01 00:31:48,83,129,2.24,780,13.41,0.0,0.37,1.19,0.0,0.0,0.0,13.66,N,N,N,N,Y
HV0005,B03406,,2024-09-01 00:32:10,,2024-09-01 00:35:41,2024-09-01 00:44:56,129,260,1.404,555,10.01,0.0,0.22,0.69,0.0,0.0,0.0,10.33,N,N,N,N,Y
HV0005,B03406,,2024-09-01 00:50:43,,2024-09-01 00:53:23,2024-09-01 01:13:53,260,171,9.686,1230,28.06,0.0,0.69,2.22,0.0,0.0,0.0,29.0,N,N,N,N,Y
HV0003,B03404,B03404,2024-09-01 00:01:21,2024-09-01 00:04:06,2024-09-01 00:05:35,2024-09-01 00:20:17,89,25,3.82,882,17.92,0.0,0.5,1.59,0.0,0.0,2.0,13.77,N,N,N,N,N
HV0003,B03404,B03404,2024-09-01 00:18:58,2024-09-01 00:20:22,2024-09-01 00:21:21,2024-09-01 00:30:39,25,65,1.08,558,24.03,0.0,0.69,2.26,0.0,0.0,0.0,12.81,N,N,N,N,N
HV0003,B03404,B03404,2024-09-01 00:32:25,2024-09-01 00:35:18,2024-09-01 00:37:18,2024-09-01 00:59:00,65,61,3.11,1302,22.86,0.0,0.62,2.03,0.0,0.0,0.0,17.25,N,N,N,N,N
HV0003,B03404,B03404,2024-09-01 00:04:47,2024-09-01 00:05:25,2024-09-01 00:05:38,2024-09-01 00:22:10,236,213,6.93,992,16.18,0.0,0.45,1.44,2.75,0.0,0.0,19.06,N,N,N,N,N
HV0003,B03404,B03404,2024-09-01 00:52:00,2024-09-01 00:53:05,2024-09-01 00:55:06,2024-09-01 01:30:48,163,13,8.92,2142,49.21,0.0,1.35,4.37,2.75,0.0,1.0,33.48,N,N,N,N,N
HV0003,B03404,B03404,2024-08-31 23:54:06,2024-09-01 00:07:56,2024-09-01 00:09:26,2024-09-01 00:23:46,48,90,1.95,860,24.05,0.0,0.66,2.13,2.75,0.0,0.0,12.99,N,N,N,N,Y
HV0003,B03404,B03404,2024-09-01 00:29:36,2024-09-01 00:30:12,2024-09-01 00:30:37,2024-09-01 00:44:15,186,125,2.16,818,16.2,0.0,0.47,1.53,2.75,0.0,0.0,12.65,N,N,N,N,Y
HV0003,B03404,B03404,2024-09-01 00:44:31,2024-09-01 00:49:20,2024-09-01 00:49:58,2024-09-01 01:00:46,114,162,2.5,648,17.24,0.0,0.47,1.53,2.75,0.0,0.0,11.6,N,N,N,N,Y
HV0005,B03406,,2024-09-01 00:22:41,,2024-09-01 00:26:30,2024-09-01 00:49:31,141,65,7.491,1381,28.57,0.19,0.79,2.55,2.75,0.0,0.0,23.68,N,N,N,N,N
HV0005,B03406,,2024-08-31 23:55:33,,2024-09-01 00:00:09,2024-09-01 00:18:35,112,198,4.327,1106,22.32,0.0,0.42,1.35,0.0,0.0,0.0,18.37,N,N,N,N,Y
HV0005,B03406,,2024-09-01 00:11:36,,2024-09-01 00:26:27,2024-09-01 01:05:25,80,180,7.179,2338,47.9,0.0,1.18,3.81,0.0,0.0,0.0,35.36,N,N,N,N,Y
HV0003,B03404,B03404,2024-09-01 00:04:31,2024-09-01 00:07:52,2024-09-01 00:08:15,2024-09-01 00:29:52,37,224,4.77,1297,29.7,0.0,0.82,2.63,2.75,0.0,0.0,19.09,N,N,N,N,N
HV0003,B03404,B03404,2024-09-01 00:33:30,2024-09-01 00:40:12,2024-09-01 00:41:18,2024-09-01 01:14:29,79,227,7.43,1991,44.98,0.0,1.23,3.99,2.75,0.0,7.94,29.44,N,N,N,N,N
HV0003,B03404,B03404,2024-09-01 00:01:07,2024-09-01 00:11:22,2024-09-01 00:12:28,2024-09-01 00:18:17,173,57,0.9,349,13.51,0.0,0.37,1.19,0.0,0.0,0.0,8.3,N,N,N,N,N
HV0003,B03404,B03404,2024-09-01 00:14:22,2024-09-01 00:21:02,2024-09-01 00:22:01,2024-09-01 00:50:09,173,113,11.65,1688,56.79,6.94,1.56,5.64,2.75,0.0,0.0,36.1,N,N,N,N,N
HV0003,B03404,B03404,2024-09-01 00:49:31,2024-09-01 00:51:34,2024-09-01 00:51:54,2024-09-01 01:07:01,113,231,2.65,907,22.02,0.0,0.64,2.07,2.75,0.0,0.0,12.41,N,N,N,N,N
HV0003,B03404,B03404,2024-08-31 23:53:50,2024-09-01 00:02:20,2024-09-01 00:02:44,2024-09-01 00:12:46,95,102,1.79,602,11.59,0.0,0.32,1.03,0.0,0.0,0.0,8.28,N,N,N,N,N
HV0003,B03404,B03404,2024-09-01 00:11:43,2024-09-01 00:16:28,2024-09-01 00:17:23,2024-09-01 00:41:49,102,197,4.59,1466,20.15,0.0,0.57,1.83,0.0,0.0,0.0,20.48,N,N,N,N,N
HV0003,B03404,B03404,2024-09-01 00:39:32,2024-09-01 00:44:48,2024-09-01 00:46:48,2024-09-01 01:17:37,197,116,15.24,1849,46.52,6.94,1.28,4.74,0.0,0.0,0.0,38.7,N,N,N,N,N
HV0003,B03404,B03404,2024-09-01 00:54:36,2024-09-01 00:55:53,2024-09-01 00:57:55,2024-09-01 01:09:11,235,248,3.36,676,14.62,0.0,0.41,1.3,0.0,0.0,0.0,11.14,N,N,N,N,N
HV0003,B03404,B03404,2024-09-01 00:07:48,2024-09-01 00:09:51,2024-09-01 00:10:52,2024-09-01 00:26:05,233,256,5.45,913,22.08,6.94,0.61,2.57,2.75,0.0,0.0,16.28,N,N,N,N,N
HV0003,B03404,B03404,2024-09-01 00:25:07,2024-09-01 00:32:59,2024-09-01 00:33:16,2024-09-01 00:46:35,255,36,1.9,799,16.78,0.0,0.49,1.58,0.0,0.0,0.0,12.35,N,N,N,N,N
HV0003,B03404,B03404,2024-09-01 00:42:57,2024-09-01 00:49:11,2024-09-01 00:49:46,2024-09-01 01:26:10,36,143,8.32,2184,44.5,6.94,1.22,4.56,2.75,0.0,0.0,33.54,N,N,N,N,N
HV0005,B03406,,2024-09-01 00:03:54,,2024-09-01 00:10:18,2024-09-01 00:53:48,225,234,6.058,2610,35.3,0.0,0.91,2.93,2.75,0.0,0.0,33.72,N,N,N,N,N
HV0005,B03406,,2024-09-01 00:54:26,,2024-09-01 00:58:32,2024-09-01 01:23:17,113,265,7.868,1485,30.4,20.0,1.39,0.0,0.0,0.0,0.0,26.82,N,N,N,N,N
HV0003,B03404,B03404,2024-09-01 00:03:55,2024-09-01 00:05:05,2024-09-01 00:05:55,2024-09-01 00:26:02,188,36,4.01,1207,22.21,0.0,0.62,1.98,0.0,0.0,0.0,17.18,N,N,N,N,N
HV0003,B03404,B03404,2024-09-01 00:23:11,2024-09-01 00:29:13,2024-09-01 00:29:30,2024-09-01 00:38:56,198,36,1.83,566,14.38,0.0,0.33,1.07,0.0,0.0,0.0,8.28,N,N,N,N,N
HV0003,B03404,B03404,2024-09-01 00:35:46,2024-09-01 00:40:25,2024-09-01 00:40:33,2024-09-01 00:49:31,37,198,1.49,538,13.39,0.0,0.37,1.19,0.0,0.0,1.0,8.51,N,N,N,N,N
HV0003,B03404,B03404,2024-09-01 00:51:25,2024-09-01 00:56:41,2024-09-01 00:57:25,2024-09-01 01:17:13,63,225,4.35,1188,14.36,0.0,0.4,1.27,0.0,0.0,0.0,17.46,N,N,N,N,N
HV0003,B03404,B03404,2024-09-01 00:18:11,2024-09-01 00:23:12,2024-09-01 00:23:49,2024-09-01 00:49:04,189,255,4.06,1515,24.18,0.0,0.67,2.14,0.0,0.0,0.0,20.24,N,N,N,N,N
HV0005,B03406,,2024-09-01 00:17:04,,2024-09-01 00:18:52,2024-09-01 00:29:59,152,50,4.45,667,16.26,0.0,0.45,1.44,2.75,0.0,0.0,12.58,N,N,N,N,N
HV0005,B03406,,2024-09-01 00:41:25,,2024-09-01 00:44:25,2024-09-01 01:04:33,158,229,3.728,1208,23.38,0.0,0.64,2.06,2.75,0.0,0.0,16.86,N,N,N,N,N
HV0003,B03404,B03404,2024-09-01 00:34:41,2024-09-01 00:42:41,2024-09-01 00:42:59,2024-09-01 00:59:58,166,265,7.78,1019,29.14,20.0,0.8,0.0,0.0,0.0,0.0,22.36,N,N,N,N,N
HV0003,B03404,B03404,2024-09-01 00:04:49,2024-09-01 00:08:31,2024-09-01 00:09:10,2024-09-01 00:50:21,45,80,8.27,2471,43.16,0.0,1.26,4.07,2.75,0.0,5.4,35.26,N,N,N,N,N
HV0003,B03404,B03404,2024-09-01 00:48:10,2024-09-01 00:54:03,2024-09-01 00:54:50,2024-09-01 01:09:42,256,83,4.53,892,18.49,0.0,0.54,1.74,0.0,0.0,0.0,14.83,N,N,N,N,N
HV0003,B03404,B03404,2024-08-31 23:58:44,2024-09-01 00:04:48,2024-09-01 00:05:42,2024-09-01 00:26:24,78,69,2.86,1242,19.12,0.0,0.55,1.81,0.0,0.0,0.0,16.41,N,N,N,N,N
HV0003,B03404,B03404,2024-09-01 00:26:52,2024-09-01 00:29:52,2024-09-01 00:30:35,2024-09-01 00:41:00,69,119,1.72,625,12.5,0.0,0.34,1.11,0.0,0.0,0.0,8.41,N,N,N,N,N
HV0003,B03404,B03404,2024-09-01 00:03:49,2024-09-01 00:13:37,2024-09-01 00:13:37,2024-09-01 00:51:04,80,25,5.22,2247,43.51,0.0,1.2,3.86,0.0,0.0,0.0,42.29,N,N,N,N,N
HV0003,B03404,B03404,2024-09-01 00:48:34,2024-09-01 00:53:08,2024-09-01 00:54:13,2024-09-01 01:22:40,25,22,8.48,1707,35.0,0.0,0.96,3.11,0.0,0.0,0.0,30.62,N,N,N,N,N
HV0005,B03406,,2024-09-01 00:04:50,,2024-09-01 00:12:51,2024-09-01 00:37:22,164,65,6.572,1471,26.8,0.0,0.57,1.82,2.75,0.0,0.0,23.31,N,N,N,N,N
HV0005,B03406,,2024-09-01 00:36:33,,2024-09-01 00:46:56,2024-09-01 01:08:20,97,37,3.964,1284,22.38,0.0,0.62,1.99,0.0,0.0,0.0,20.17,N,N,N,N,N
HV0005,B03406,,2024-08-31 23:57:59,,2024-09-01 00:02:13,2024-09-01 00:23:51,216,191,6.911,1298,31.48,0.0,0.88,2.83,0.0,0.0,0.0,22.09,N,N,N,N,N
HV0003,B03404,B03404,2024-09-01 00:12:52,2024-09-01 00:15:51,2024-09-01 00:17:52,2024-09-01 00:38:26,116,4,8.52,1234,22.18,0.0,0.61,1.97,2.75,0.0,0.0,23.59,N,N,N,N,N
HV0003,B03404,B03404,2024-09-01 00:38:57,2024-09-01 00:42:07,2024-09-01 00:42:31,2024-09-01 01:37:28,4,60,10.14,3297,38.73,0.0,1.07,3.42,2.75,0.0,0.0,45.83,N,N,N,N,N
HV0003,B03404,B03404,2024-09-01 00:39:51,2024-09-01 00:44:27,2024-09-01 00:44:46,2024-09-01 00:51:15,90,68,1.54,389,12.72,0.0,0.35,1.13,2.75,0.0,3.0,5.87,N,N,N,N,N
HV0005,B03406,,2024-09-01 00:19:32,,2024-09-01 00:23:35,2024-09-01 00:42:23,50,69,7.448,1128,27.05,0.0,0.74,2.4,2.75,0.0,0.0,24.07,N,N,N,N,Y
HV0005,B03406,,2024-09-01 00:43:41,,2024-09-01 00:51:08,2024-09-01 01:04:59,69,47,3.967,831,20.83,0.0,0.44,1.4,0.0,0.0,0.0,15.06,N,N,N,N,Y
HV0003,B03404,B03404,2024-09-01 00:06:11,2024-09-01 00:07:24,2024-09-01 00:08:58,2024-09-01 00:18:12,100,163,1.4,554,17.16,0.0,0.47,1.53,2.75,0.0,0.0,8.28,N,N,N,N,N
HV0003,B03404,B03404,2024-09-01 00:21:21,2024-09-01 00:22:52,2024-09-01 00:23:47,2024-09-01 01:00:04,48,49,9.28,2177,35.1,0.0,0.97,3.11,2.75,0.0,0.0,33.77,N,N,N,N,N
HV0003,B03404,B03404,2024-09-01 00:16:01,2024-09-01 00:18:15,2024-09-01 00:18:28,2024-09-01 00:48:55,164,248,10.29,1827,35.14,0.0,0.97,3.12,2.75,0.0,0.0,31.74,N,N,N,N,N
HV0003,B03404,B03404,2024-09-01 00:49:20,2024-09-01 00:52:39,2024-09-01 00:53:03,2024-09-01 01:02:28,182,185,1.71,565,10.66,0.0,0.29,0.95,0.0,0.0,0.0,7.82,N,N,N,N,N
HV0003,B03404,B03404,2024-09-01 00:47:10,2024-09-01 00:52:33,2024-09-01 00:54:21,2024-09-01 01:15:30,211,145,5.79,1269,49.43,0.0,1.36,4.39,2.75,0.0,0.0,30.49,N,N,N,N,N
HV0003,B03404,B03404,2024-09-01 00:22:31,2024-09-01 00:28:35,2024-09-01 00:30:16,2024-09-01 00:55:24,249,67,8.87,1508,34.62,6.94,0.95,3.69,2.75,0.0,0.0,26.71,N,N,N,N,N
HV0003,B03404,B03404,2024-09-01 00:03:19,2024-09-01 00:14:35,2024-09-01 00:15:54,2024-09-01 00:30:26,80,36,1.43,872,17.64,0.0,0.51,1.67,0.0,0.0,0.0,13.66,N,N,N,N,N
HV0003,B03404,B03404,2024-09-01 00:35:22,2024-09-01 00:38:43,2024-09-01 00:40:44,2024-09-01 00:44:14,36,37,0.48,210,11.56,0.0,0.32,1.02,0.0,0.0,0.0,7.3,N,N,N,N,N
HV0003,B03404,B03404,2024-09-01 00:44:21,2024-09-01 00:52:15,2024-09-01 00:52:46,2024-09-01 01:19:10,36,263,12.17,1584,35.36,6.94,0.97,3.75,2.75,0.0,0.0,33.19,N,N,N,N,N
HV0005,B03406,,2024-09-01 00:15:20,,2024-09-01 00:18:23,2024-09-01 00:35:44,164,151,4.588,1041,35.79,0.0,0.98,3.18,2.75,0.0,1.0,25.57,N,N,N,N,N
HV0003,B03404,B03404,2024-08-31 23:54:46,2024-09-01 00:00:37,2024-09-01 00:01:21,2024-09-01 00:06:49,35,72,0.76,328,8.86,0.0,0.24,0.78,0.0,0.0,0.0,6.48,N,N,N,N,N
HV0003,B03404,B03404,2024-09-01 00:07:23,2024-09-01 00:08:53,2024-09-01 00:10:38,2024-09-01 00:24:16,72,39,2.24,818,13.83,0.0,0.38,1.23,0.0,0.0,0.0,11.0,N,N,N,N,N
HV0003,B03404,B03404,2024-09-01 00:28:06,2024-09-01 00:32:45,2024-09-01 00:33:33,2024-09-01 00:55:44,76,61,4.69,1331,20.12,0.0,0.59,1.9,0.0,0.0,0.0,19.31,N,N,N,N,N
HV0003,B03404,B03404,2024-09-01 00:56:18,2024-09-01 00:59:13,2024-09-01 00:59:28,2024-09-01 01:15:41,61,177,2.23,973,13.86,0.0,0.39,1.26,0.0,0.0,0.0,12.73,N,N,N,N,N
HV0005,B03406,,2024-08-31 23:56:53,,2024-09-01 00:04:02,2024-09-01 00:26:17,255,229,5.303,1335,25.51,1.51,0.74,2.4,2.75,0.0,6.58,20.26,N,N,N,N,N
HV0005,B03406,,2024-08-31 23:50:39,,2024-09-01 00:01:04,2024-09-01 00:10:49,249,68,1.702,585,13.27,0.0,0.37,1.2,2.75,0.0,0.0,8.03,N,N,N,N,N
HV0005,B03406,,2024-09-01 00:11:38,,2024-09-01 00:15:12,2024-09-01 00:48:03,68,127,11.641,1971,31.41,0.0,0.86,2.79,2.75,0.0,0.0,35.11,N,N,N,N,N
HV0003,B03404,B03404,2024-09-01 00:18:05,2024-09-01 00:19:26,2024-09-01 00:19:52,2024-09-01 00:43:01,230,41,4.89,1389,33.31,0.0,0.92,2.96,2.75,0.0,0.0,20.15,N,N,N,N,N
HV0005,B03406,,2024-09-01 00:47:01,,2024-09-01 00:50:08,2024-09-01 00:59:47,74,140,3.246,579,16.97,0.0,0.47,1.51,2.75,0.0,0.0,10.08,N,N,N,N,N
HV0003,B03404,B03404,2024-09-01 00:11:49,2024-09-01 00:19:03,2024-09-01 00:21:03,2024-09-01 00:31:59,244,74,3.88,656,16.28,0.0,0.45,1.44,0.0,0.0,0.0,13.96,N,N,N,N,Y
HV0003,B03404,B03404,2024-09-01 00:31:33,2024-09-01 00:34:14,2024-09-01 00:34:52,2024-09-01 00:44:47,75,140,2.09,595,12.73,0.0,0.35,1.13,2.75,0.0,5.0,10.21,N,N,N,N,Y
HV0003,B03404,B03404,2024-08-31 23:51:25,2024-08-31 23:58:22,2024-09-01 00:00:12,2024-09-01 00:11:58,206,221,2.75,706,16.99,0.0,0.46,1.51,0.0,0.0,0.0,13.85,N,N,N,N,N
HV0003,B03404,B03404,2024-09-01 00:09:43,2024-09-01 00:14:54,2024-09-01 00:15:15,2024-09-01 00:22:55,115,214,2.04,460,9.84,0.0,0.27,0.87,0.0,0.0,0.0,7.24,N,N,N,N,N
HV0003,B03404,B03404,2024-09-01 00:26:15,2024-09-01 00:27:38,2024-09-01 00:27:49,2024-09-01 00:35:27,172,23,2.5,458,13.76,0.0,0.37,1.22,0.0,0.0,0.0,9.85,N,N,N,N,N
HV0003,B03404,B03404,2024-09-01 00:40:30,2024-09-01 00:43:26,2024-09-01 00:43:38,2024-09-01 00:49:21,251,206,1.56,343,9.84,0.0,0.27,0.88,0.0,0.0,0.0,5.45,N,N,N,N,N
HV0003,B03404,B03404,2024-09-01 00:50:49,2024-09-01 00:55:38,2024-09-01 00:56:53,2024-09-01 01:09:06,206,115,3.27,733,12.42,0.0,0.34,1.1,0.0,0.0,0.0,11.57,Y,N,N,N,N
HV0003,B03404,B03404,2024-09-01 00:12:50,2024-09-01 00:19:44,2024-09-01 00:19:56,2024-09-01 00:42:48,69,241,5.63,1372,27.84,0.0,0.77,2.46,0.0,0.0,0.0,20.99,N,N,N,N,N
HV0003,B03404,B03404,2024-08-31 23:54:54,2024-09-01 00:03:58,2024-09-01 00:05:15,2024-09-01 00:23:06,80,256,2.25,1071,29.56,0.0,0.83,2.67,0.0,0.0,0.0,16.42,N,N,N,N,N
HV0003,B03404,B03404,2024-09-01 00:20:14,2024-09-01 00:22:54,2024-09-01 00:23:46,2024-09-01 00:56:20,256,85,5.44,1954,32.22,0.0,0.89,2.86,0.0,0.0,0.0,28.84,N,N,N,N,N
HV0003,B03404,B03404,2024-09-01 00:16:15,2024-09-01 00:23:32,2024-09-01 00:25:33,2024-09-01 00:29:21,77,76,0.54,228,9.52,0.0,0.26,0.84,0.0,0.0,0.0,5.93,Y,N,N,N,N
HV0003,B03404,B03404,2024-09-01 00:29:37,2024-09-01 00:35:04,2024-09-01 00:35:26,2024-09-01 01:11:46,63,89,5.76,2180,29.57,0.0,0.81,2.61,0.0,0.0,0.0,29.01,N,N,N,N,N
HV0003,B03404,B03404,2024-09-01 00:47:28,2024-09-01 00:51:43,2024-09-01 00:51:55,2024-09-01 00:59:09,41,42,0.99,434,8.93,0.0,0.24,0.8,0.0,0.0,0.0,5.97,N,N,N,N,Y
HV0005,B03406,,2024-08-31 23:59:44,,2024-09-01 00:05:38,2024-09-01 00:44:54,231,41,11.054,2356,50.44,0.0,1.23,3.98,2.75,0.0,0.0,42.35,N,N,N,N,Y
HV0003,B03404,B03404,2024-08-31 23:59:01,2024-09-01 00:00:19,2024-09-01 00:02:19,2024-09-01 00:25:35,90,146,5.13,1396,33.96,0.0,0.94,3.02,2.75,0.0,0.0,20.55,N,N,N,N,N
HV0003,B03404,B03404,2024-09-01 00:36:01,2024-09-01 00:36:55,2024-09-01 00:36:57,2024-09-01 00:49:28,145,233,3.59,751,14.11,0.0,0.39,1.25,2.75,0.0,0.0,12.18,N,N,N,N,N
HV0003,B03404,B03404,2024-09-01 00:52:35,2024-09-01 00:56:03,2024-09-01 00:57:12,2024-09-01 01:19:12,79,265,5.93,1320,31.56,20.0,0.91,0.0,0.0,0.0,0.0,23.01,N,N,N,N,N
HV0003,B03404,B03404,2024-09-01 00:12:41,2024-09-01 00:15:21,2024-09-01 00:17:22,2024-09-01 01:27:33,100,265,44.49,4211,153.06,1.75,4.47,0.0,0.0,0.0,0.0,112.98,N,N,N,N,N
HV0005,B03406,,2024-09-01 00:16:00,,2024-09-01 00:24:14,2024-09-01 01:13:02,51,97,22.889,2928,70.06,5.39,2.07,6.7,0.0,0.0,0.0,59.79,N,N,N,N,N
HV0003,B03404,B03404,2024-09-01 00:32:32,2024-09-01 00:33:45,2024-09-01 00:34:34,2024-09-01 00:50:39,141,7,4.82,965,20.87,0.0,0.58,1.86,2.75,0.0,0.0,15.93,N,N,N,N,N
HV0005,B03406,,2024-09-01 00:09:28,,2024-09-01 00:13:23,2024-09-01 00:17:33,76,76,0.637,250,7.91,0.0,0.21,0.66,0.0,0.0,0.0,5.47,N,N,N,N,N
HV0005,B03406,,2024-09-01 00:19:43,,2024-09-01 00:26:08,2024-09-01 00:51:07,76,188,4.525,1499,24.94,0.0,0.69,2.21,0.0,0.0,0.0,20.8,N,N,N,N,N
HV0005,B03406,,2024-09-01 00:49:58,,2024-09-01 00:54:36,2024-09-01 01:09:14,188,91,2.037,878,16.91,0.0,0.41,1.34,0.0,0.0,0.0,11.34,N,N,N,N,N
HV0003,B03404,B03404,2024-09-01 00:28:55,2024-09-01 00:31:10,2024-09-01 00:32:14,2024-09-01 00:37:20,123,123,0.44,306,7.68,0.0,0.21,0.68,0.0,0.0,0.0,5.39,N,N,N,N,N
HV0003,B03404,B03404,2024-09-01 00:44:14,2024-09-01 00:48:09,2024-09-01 00:48:33,2024-09-01 01:19:49,133,50,10.55,1876,39.58,0.0,1.09,3.52,2.75,0.0,0.0,32.58,N,N,N,N,N
HV0005,B03406,,2024-08-31 23:57:49,,2024-09-01 00:03:34,2024-09-01 00:22:02,80,33,4.587,1108,34.03,0.0,0.94,3.02,0.0,0.0,5.7,17.06,N,N,N,N,N
HV0005,B03406,,2024-09-01 00:26:35,,2024-09-01 00:33:42,2024-09-01 00:45:32,65,34,1.747,710,12.54,0.0,0.34,1.11,0.0,0.0,3.0,9.31,N,N,N,N,N
HV0003,B03404,B03404,2024-09-01 00:02:32,2024-09-01 00:05:26,2024-09-01 00:05:27,2024-09-01 00:16:20,21,11,1.8,653,11.64,0.0,0.32,1.03,0.0,0.0,0.0,8.79,N,N,N,N,N
HV0003,B03404,B03404,2024-09-01 00:18:07,2024-09-01 00:22:06,2024-09-01 00:23:02,2024-09-01 00:38:02,11,228,7.66,900,19.67,0.0,0.54,1.74,0.0,0.0,0.0,19.17,N,N,N,N,N
HV0003,B03404,B03404,2024-09-01 00:38:34,2024-09-01 00:43:26,2024-09-01 00:44:32,2024-09-01 01:19:29,228,39,6.15,2097,33.04,0.0,0.91,2.92,0.0,0.0,0.0,28.74,N,N,N,N,N
HV0003,B03404,B03404,2024-08-31 23:50:08,2024-09-01 00:01:25,2024-09-01 00:01:25,2024-09-01 00:17:13,62,195,5.5,948,24.88,0.0,0.68,2.19,0.0,0.0,0.0,19.95,N,N,N,N,Y
HV0003,B03404,B03404,2024-09-01 00:23:28,2024-09-01 00:29:10,2024-09-01 00:30:19,2024-09-01 00:37:16,40,25,1.12,417,20.32,0.0,0.59,1.92,0.0,0.0,2.41,10.8,N,N,N,N,Y
HV0003,B03404,B03404,2024-09-01 00:34:39,2024-09-01 00:46:58,2024-09-01 00:47:56,2024-09-01 00:58:33,97,181,1.02,637,17.82,0.0,0.49,1.59,0.0,0.0,0.0,11.95,N,N,N,N,Y
HV0003,B03404,B03404,2024-09-01 00:06:54,2024-09-01 00:10:13,2024-09-01 00:12:11,2024-09-01 00:31:35,234,146,4.12,1164,24.39,0.0,0.67,2.16,2.75,0.0,5.99,16.91,N,N,N,N,N
HV0003,B03404,B03404,2024-09-01 00:44:05,2024-09-01 00:46:33,2024-09-01 00:46:44,2024-09-01 01:16:43,74,265,23.0,1799,56.8,23.68,1.56,0.0,0.0,0.0,0.0,52.51,N,N,N,N,N
HV0003,B03404,B03404,2024-09-01 00:11:53,2024-09-01 00:19:32,2024-09-01 00:21:11,2024-09-01 00:49:25,186,168,7.43,1694,32.24,0.0,0.89,2.86,2.75,0.0,0.0,26.56,N,N,N,N,N
HV0003,B03404,B03404,2024-09-01 00:49:03,2024-09-01 00:50:48,2024-09-01 00:51:05,2024-09-01 00:55:30,159,159,0.79,265,8.18,0.0,0.22,0.72,0.0,0.0,0.0,5.4,N,N,N,N,N
HV0003,B03404,B03404,2024-09-01 00:12:14,2024-09-01 00:13:15,2024-09-01 00:13:35,2024-09-01 00:21:35,79,107,1.72,480,10.02,0.0,0.27,0.89,2.75,0.0,0.0,7.0,N,N,N,N,N
HV0003,B03404,B03404,2024-09-01 00:24:54,2024-09-01 00:25:43,2024-09-01 00:27:43,2024-09-01 00:37:25,107,90,1.21,582,10.32,0.0,0.28,0.92,2.75,0.0,0.0,7.31,N,N,N,N,N
HV0003,B03404,B03404,2024-09-01 00:39:00,2024-09-01 00:45:03,2024-09-01 00:45:23,2024-09-01 00:58:41,90,162,2.29,798,17.22,0.0,0.47,1.53,2.75,0.0,0.0,10.86,N,N,N,N,N
HV0005,B03406,,2024-09-01 00:26:22,,2024-09-01 00:47:38,2024-09-01 00:51:21,250,182,0.767,223,8.65,0.0,0.24,0.77,0.0,0.0,0.0,8.47,N,N,N,N,N
HV0003,B03404,B03404,2024-09-01 00:05:40,2024-09-01 00:08:25,2024-09-01 00:09:52,2024-09-01 00:37:59,49,37,2.63,1687,21.63,0.0,0.59,1.92,0.0,0.0,0.0,21.44,N,N,N,N,N
HV0003,B03404,B03404,2024-09-01 00:35:52,2024-09-01 00:40:49,2024-09-01 00:41:37,2024-09-01 00:45:31,36,37,0.72,234,7.49,0.0,0.22,0.7,0.0,0.0,0.0,5.39,N,N,N,N,N
HV0003,B03404,B03404,2024-09-01 00:45:14,2024-09-01 00:45:31,2024-09-01 00:47:32,2024-09-01 01:10:00,37,36,2.07,1348,17.15,0.0,0.47,1.52,0.0,0.0,0.0,15.92,N,N,N,N,N
HV0005,B03406,,2024-09-01 00:12:17,,2024-09-01 00:13:59,2024-09-01 00:44:45,68,256,5.181,1846,28.7,0.0,0.79,2.55,2.75,0.0,0.0,25.07,N,N,N,N,N
HV0005,B03406,,2024-09-01 00:55:02,,2024-09-01 00:59:20,2024-09-01 01:15:50,256,137,3.839,990,24.41,0.18,0.68,2.18,2.75,0.0,7.55,17.89,N,N,N,N,N
HV0003,B03404,B03404,2024-09-01 00:02:09,2024-09-01 00:05:17,2024-09-01 00:07:19,2024-09-01 00:59:41,91,37,8.54,3142,13.68,0.0,0.38,1.22,0.0,0.0,0.0,27.21,Y,Y,N,N,N
HV0003,B03404,B03404,2024-09-01 00:06:22,2024-09-01 00:09:05,2024-09-01 00:09:39,2024-09-01 00:42:40,91,61,5.53,1981,13.95,0.0,0.38,1.24,0.0,0.0,0.0,11.84,Y,Y,N,N,N
HV0003,B03404,B03404,2024-09-01 00:11:38,2024-09-01 00:21:41,2024-09-01 00:21:59,2024-09-01 00:32:40,85,62,2.22,641,11.98,0.0,0.33,1.06,0.0,0.0,0.0,3.09,Y,Y,N,N,N
HV0003,B03404,B03404,2024-09-01 00:10:42,2024-09-01 00:12:27,2024-09-01 00:13:41,2024-09-01 00:25:21,257,228,2.5,700,15.22,0.0,0.41,1.35,0.0,0.0,0.0,10.2,N,N,N,N,N
HV0003,B03404,B03404,2024-09-01 00:26:49,2024-09-01 00:30:11,2024-09-01 00:30:11,2024-09-01 00:33:43,228,227,0.59,212,8.33,0.0,0.16,0.51,0.0,0.0,0.0,5.39,N,N,N,N,N
HV0003,B03404,B03404,2024-09-01 00:32:00,2024-09-01 00:37:15,2024-09-01 00:38:02,2024-09-01 01:18:12,228,265,24.05,2410,66.03,35.2,1.82,0.0,0.0,0.0,0.0,62.15,N,N,N,N,N
HV0003,B03404,B03404,2024-09-01 00:05:36,2024-09-01 00:07:06,2024-09-01 00:07:08,2024-09-01 00:21:48,70,130,7.02,880,33.08,0.0,0.91,2.94,0.0,0.0,0.0,18.1,N,N,N,N,N
HV0003,B03404,B03404,2024-09-01 00:17:28,2024-09-01 00:24:02,2024-09-01 00:26:04,2024-09-01 00:41:15,130,101,7.51,911,22.97,0.0,0.62,2.02,0.0,0.0,0.0,19.08,N,N,N,N,N
HV0003,B03404,B03404,2024-09-01 00:00:52,2024-09-01 00:04:58,2024-09-01 00:05:57,2024-09-01 00:30:56,61,198,4.48,1499,17.84,0.0,0.53,1.69,0.0,0.0,2.12,20.65,N,N,N,N,N
HV0003,B03404,B03404,2024-09-01 00:28:29,2024-09-01 00:33:26,2024-09-01 00:33:38,2024-09-01 00:50:28,198,260,3.63,1010,21.43,0.0,0.59,1.9,0.0,0.0,0.0,14.75,N,N,N,N,N
HV0003,B03404,B03404,2024-09-01 00:54:05,2024-09-01 00:55:55,2024-09-01 00:56:06,2024-09-01 01:08:48,260,95,2.96,762,16.08,0.0,0.44,1.43,0.0,0.0,0.0,11.43,N,N,N,N,N
HV0005,B03406,,2024-09-01 00:10:37,,2024-09-01 00:14:49,2024-09-01 00:33:53,197,132,5.33,1144,20.77,0.0,0.57,2.07,0.0,2.5,0.0,18.43,N,N,N,N,N
HV0005,B03406,,2024-09-01 00:36:57,,2024-09-01 00:49:40,2024-09-01 01:09:53,132,197,4.73,1213,29.26,0.0,0.8,2.82,0.0,2.5,0.0,19.31,N,N,N,N,N
HV0003,B03404,B03404,2024-09-01 00:06:32,2024-09-01 00:07:17,2024-09-01 00:07:48,2024-09-01 00:13:38,79,137,1.33,350,8.22,0.0,0.22,0.73,2.75,0.0,0.0,5.4,N,N,N,N,N
HV0003,B03404,B03404,2024-09-01 00:13:31,2024-09-01 00:16:33,2024-09-01 00:18:34,2024-09-01 00:27:45,224,79,1.42,551,8.7,0.0,0.25,0.82,2.75,0.0,0.0,7.28,N,N,N,N,N
HV0003,B03404,B03404,2024-09-01 00:28:23,2024-09-01 00:29:49,2024-09-01 00:29:57,2024-09-01 00:52:25,113,151,6.01,1348,32.42,0.0,0.89,2.88,2.75,0.0,0.0,21.27,N,N,N,N,N
HV0003,B03404,B03404,2024-09-01 00:54:00,2024-09-01 00:57:57,2024-09-01 00:58:30,2024-09-01 01:13:53,166,48,4.15,923,11.6,0.0,0.31,1.03,2.75,0.0,0.0,14.61,N,N,N,N,N
HV0003,B03404,B03404,2024-08-31 23:55:23,2024-08-31 23:58:03,2024-09-01 00:00:03,2024-09-01 00:23:33,95,116,12.75,1410,33.62,6.94,0.92,3.59,0.0,0.0,0.0,31.04,N,N,N,N,N
HV0003,B03404,B03404,2024-09-01 00:25:07,2024-09-01 00:26:51,2024-09-01 00:27:23,2024-09-01 00:45:17,152,212,6.19,1074,25.93,0.0,0.71,2.3,0.0,0.0,0.0,18.86,N,N,N,N,N
HV0003,B03404,B03404,2024-09-01 00:46:58,2024-09-01 00:47:59,2024-09-01 00:49:50,2024-09-01 00:59:00,126,159,2.13,550,12.53,0.0,0.34,1.11,0.0,0.0,0.0,8.25,N,N,N,N,N
HV0003,B03404,B03404,2024-09-01 00:07:05,2024-09-01 00:09:14,2024-09-01 00:09:36,2024-09-01 00:15:52,42,42,1.03,376,5.75,0.0,0.16,0.51,0.0,0.0,0.0,6.75,N,N,N,N,N
HV0003,B03404,B03404,2024-09-01 00:24:42,2024-09-01 00:26:18,2024-09-01 00:28:20,2024-09-01 01:10:03,42,193,8.14,2503,17.29,0.0,0.48,1.54,0.75,0.0,0.0,29.62,Y,Y,N,N,N
HV0003,B03404,B03404,2024-09-01 00:47:27,2024-09-01 00:54:42,2024-09-01 00:55:24,2024-09-01 01:40:01,263,17,9.39,2677,19.06,0.0,0.53,1.7,0.75,0.0,4.4,22.49,Y,Y,N,N,N
HV0003,B03404,B03404,2024-09-01 00:13:25,2024-09-01 00:19:32,2024-09-01 00:20:32,2024-09-01 00:29:16,158,114,1.41,524,16.26,0.0,0.44,1.45,2.75,0.0,0.0,7.23,N,N,N,N,N
HV0003,B03404,B03404,2024-09-01 00:25:26,2024-09-01 00:34:36,2024-09-01 00:35:08,2024-09-01 01:06:00,114,157,6.29,1852,45.95,0.0,1.26,4.07,2.75,0.0,4.0,27.55,N,N,N,N,N
HV0003,B03404,B03404,2024-09-01 00:25:43,2024-09-01 00:27:26,2024-09-01 00:27:44,2024-09-01 00:49:57,163,144,3.82,1333,29.73,0.0,0.82,2.64,2.75,0.0,0.0,18.15,N,N,N,N,N
HV0003,B03404,B03404,2024-09-01 00:48:27,2024-09-01 00:51:30,2024-09-01 00:52:44,2024-09-01 01:06:07,144,79,1.96,803,23.95,0.0,0.64,2.11,2.75,0.0,1.0,11.98,N,N,N,N,N
HV0003,B03404,B03404,2024-09-01 00:15:20,2024-09-01 00:19:06,2024-09-01 00:19:37,2024-09-01 00:29:32,232,256,2.37,595,19.92,0.0,0.54,1.77,2.75,0.0,0.0,9.0,N,N,N,N,N
HV0003,B03404,B03404,2024-09-01 00:26:29,2024-09-01 00:30:58,2024-09-01 00:32:03,2024-09-01 00:44:00,255,80,2.2,717,14.45,0.0,0.39,1.28,0.0,0.0,0.0,11.96,N,N,N,N,N
HV0003,B03404,B03404,2024-09-01 00:39:05,2024-09-01 00:49:54,2024-09-01 00:50:29,2024-09-01 00:53:43,80,37,0.8,194,18.72,0.0,0.51,1.66,0.0,0.0,0.0,9.38,N,N,N,N,N
HV0003,B03404,B03404,2024-09-01 00:27:45,2024-09-01 00:28:54,2024-09-01 00:29:13,2024-09-01 00:36:35,114,125,1.23,442,24.2,0.0,0.66,2.15,2.75,0.0,0.0,12.39,N,N,N,N,N
HV0003,B03404,B03404,2024-09-01 00:34:49,2024-09-01 00:36:15,2024-09-01 00:38:17,2024-09-01 01:15:09,25,63,5.35,2212,51.63,0.0,1.42,4.58,0.0,0.0,0.0,31.76,N,N,N,N,N
HV0003,B03404,B03404,2024-09-01 00:18:53,2024-09-01 00:25:15,2024-09-01 00:25:15,2024-09-01 00:40:39,119,265,10.5,924,46.56,0.0,1.28,4.14,0.0,0.0,0.0,27.01,N,N,N,N,N
HV0005,B03406,,2024-09-01 00:30:37,,2024-09-01 00:39:43,2024-09-01 00:50:50,64,16,3.004,667,16.79,0.0,0.46,1.49,0.0,0.0,0.0,10.6,N,N,N,N,N
HV0005,B03406,,2024-09-01 00:58:11,,2024-09-01 00:59:58,2024-09-01 01:14:57,16,28,6.652,899,22.2,0.0,0.61,1.97,0.0,0.0,5.0,17.85,N,N,N,N,N
HV0003,B03404,B03404,2024-09-01 00:28:16,2024-09-01 00:31:05,2024-09-01 00:31:05,2024-09-01 01:15:49,163,265,18.08,2684,71.05,20.0,2.03,0.0,0.0,0.0,9.0,52.55,N,N,N,N,N
HV0003,B03404,B03404,2024-09-01 00:32:34,2024-09-01 00:35:24,2024-09-01 00:35:24,2024-09-01 01:07:43,50,265,19.27,1939,74.26,0.0,2.17,7.01,2.75,0.0,0.0,45.83,N,N,N,N,N
HV0003,B03404,B03404,2024-09-01 00:05:03,2024-09-01 00:11:01,2024-09-01 00:12:45,2024-09-01 00:18:51,57,56,1.81,366,10.68,0.0,0.29,0.95,0.0,0.0,0.0,9.27,N,N,N,N,N
HV0003,B03404,B03404,2024-09-01 00:13:18,2024-09-01 00:17:00,2024-09-01 00:19:02,2024-09-01 00:30:11,145,179,2.12,669,12.61,0.0,0.37,1.19,0.0,0.0,5.0,9.39,N,N,N,N,N
HV0003,B03404,B03404,2024-09-01 00:28:45,2024-09-01 00:33:28,2024-09-01 00:33:51,2024-09-01 00:50:49,179,82,3.93,1018,19.06,0.0,0.53,1.71,0.0,0.0,0.0,15.23,N,N,N,N,N
HV0005,B03406,,2024-09-01 00:36:19,,2024-09-01 00:40:02,2024-09-01 01:07:39,48,80,6.687,1657,30.95,1.32,0.89,2.86,2.75,0.0,0.0,25.28,N,N,N,N,N
HV0003,B03404,B03404,2024-08-31 23:57:34,2024-08-31 23:59:47,2024-09-01 00:01:11,2024-09-01 00:19:13,232,140,4.74,1082,20.74,0.0,0.57,1.84,2.75,0.0,0.0,16.96,N,N,N,N,N
HV0003,B03404,B03404,2024-09-01 00:19:28,2024-09-01 00:21:42,2024-09-01 00:21:42,2024-09-01 00:36:53,140,226,3.88,911,18.12,0.0,0.5,1.61,2.75,0.0,4.59,14.13,N,N,N,N,N
HV0003,B03404,B03404,2024-09-01 00:18:54,2024-09-01 00:21:06,2024-09-01 00:22:21,2024-09-01 00:34:57,170,239,3.4,756,13.33,0.0,0.36,1.18,2.75,0.0,0.0,11.97,N,N,N,N,N
HV0003,B03404,B03404,2024-09-01 00:34:53,2024-09-01 00:35:46,2024-09-01 00:37:46,2024-09-01 00:53:16,239,41,4.42,930,16.43,0.0,0.43,1.38,2.75,0.0,0.0,15.05,N,N,N,N,N
HV0003,B03404,B03404,2024-09-01 00:34:05,2024-09-01 00:35:36,2024-09-01 00:35:36,2024-09-01 00:40:33,35,77,1.09,297,8.89,0.0,0.24,0.79,0.0,0.0,0.0,5.39,N,N,N,N,N
HV0003,B03404,B03404,2024-09-01 00:43:08,2024-09-01 00:45:36,2024-09-01 00:46:56,2024-09-01 00:56:23,77,222,1.96,567,11.12,0.0,0.3,0.99,0.0,0.0,0.0,8.18,N,N,N,N,N
HV0003,B03404,B03404,2024-09-01 00:56:27,2024-09-01 00:56:48,2024-09-01 00:58:48,2024-09-01 01:06:09,222,39,1.27,441,9.3,0.0,0.25,0.83,0.0,0.0,0.0,6.01,N,N,N,N,N
HV0003,B03404,B03404,2024-09-01 00:11:56,2024-09-01 00:16:54,2024-09-01 00:18:45,2024-09-01 00:26:49,61,225,1.1,484,9.81,0.0,0.27,0.87,0.0,0.0,0.0,6.2,N,N,N,N,N
HV0003,B03404,B03404,2024-09-01 00:28:43,2024-09-01 00:31:58,2024-09-01 00:32:33,2024-09-01 00:42:04,225,97,2.32,571,11.4,0.0,0.31,1.01,0.0,0.0,0.0,8.71,N,N,N,N,N
HV0003,B03404,B03404,2024-08-31 23:56:31,2024-09-01 00:00:37,2024-09-01 00:01:12,2024-09-01 00:09:22,112,112,1.5,490,11.13,0.0,0.3,0.99,0.0,0.0,0.0,7.8,N,N,N,N,N
HV0003,B03404,B03404,2024-09-01 00:11:15,2024-09-01 00:13:01,2024-09-01 00:13:55,2024-09-01 00:35:25,112,79,4.74,1290,22.05,0.0,0.65,2.08,2.75,0.0,0.0,18.98,N,N,N,N,N
HV0003,B03404,B03404,2024-09-01 00:34:42,2024-09-01 00:37:37,2024-09-01 00:37:49,2024-09-01 00:48:03,79,249,1.28,614,12.68,0.0,0.35,1.13,2.75,0.0,3.0,7.7,N,N,N,N,N
HV0003,B03404,B03404,2024-09-01 00:45:23,2024-09-01 00:49:25,2024-09-01 00:50:03,2024-09-01 01:12:02,249,141,4.48,1319,27.96,0.0,0.77,2.48,2.75,0.0,0.0,18.9,N,N,N,N,N
HV0003,B03404,B03404,2024-09-01 00:02:20,2024-09-01 00:03:29,2024-09-01 00:05:25,2024-09-01 00:13:47,170,163,1.09,502,15.44,0.0,0.42,1.37,2.75,0.0,0.0,6.36,N,N,N,N,N
HV0003,B03404,B03404,2024-09-01 00:14:15,2024-09-01 00:17:33,2024-09-01 00:18:02,2024-09-01 00:40:12,230,148,3.87,1330,24.6,0.0,0.72,2.32,2.75,0.0,0.0,18.19,N,N,N,N,N
HV0003,B03404,B03404,2024-09-01 00:38:46,2024-09-01 00:43:53,2024-09-01 00:45:05,2024-09-01 01:11:19,79,181,9.58,1574,36.04,6.94,1.06,4.02,2.75,0.0,0.0,28.32,N,N,N,N,N
HV0003,B03404,B03404,2024-09-01 00:19:32,2024-09-01 00:28:15,2024-09-01 00:28:28,2024-09-01 00:39:33,226,82,1.88,665,16.65,0.0,0.45,1.48,0.0,0.0,0.0,9.32,N,N,N,N,N
HV0003,B03404,B03404,2024-09-01 00:36:52,2024-09-01 00:43:19,2024-09-01 00:43:48,2024-09-01 01:09:45,129,225,6.7,1557,31.28,0.0,0.86,2.78,0.0,0.0,3.49,25.31,N,N,N,N,N
HV0003,B03404,B03404,2024-09-01 00:07:50,2024-09-01 00:09:26,2024-09-01 00:10:05,2024-09-01 00:24:06,79,87,1.91,841,17.98,0.0,0.49,1.6,2.75,0.0,4.58,12.6,N,N,N,N,Y
HV0003,B03404,B03404,2024-09-01 00:26:26,2024-09-01 00:28:46,2024-09-01 00:28:49,2024-09-01 00:44:22,87,100,3.6,933,27.95,0.0,0.77,2.48,2.75,0.0,0.0,16.49,N,N,N,N,Y
HV0005,B03406,,2024-09-01 00:43:04,,2024-09-01 00:51:25,2024-09-01 01:06:55,164,145,3.708,930,18.88,0.83,0.54,1.75,2.75,0.0,0.0,15.57,N,N,N,N,Y
HV0003,B03404,B03404,2024-08-31 23:57:24,2024-08-31 23:59:40,2024-09-01 00:00:24,2024-09-01 00:25:51,229,74,4.78,1527,12.52,0.0,0.29,0.96,0.75,0.0,0.0,11.07,Y,Y,N,N,N
HV0003,B03404,B03404,2024-09-01 00:04:45,2024-09-01 00:05:47,2024-09-01 00:06:14,2024-09-01 00:40:10,141,69,6.81,2036,22.7,0.0,0.62,2.02,0.75,0.0,0.0,13.01,Y,Y,N,N,N
HV0003,B03404,B03404,2024-09-01 00:07:18,2024-09-01 00:14:55,2024-09-01 00:14:55,2024-09-01 00:50:42,75,250,9.44,2147,21.34,0.0,0.59,1.89,0.0,0.0,0.0,21.27,Y,Y,N,N,N
HV0003,B03404,B03404,2024-09-01 00:52:39,2024-09-01 00:54:40,2024-09-01 00:55:31,2024-09-01 01:05:21,212,213,1.95,590,10.53,0.0,0.29,0.93,0.0,0.0,0.0,8.38,N,N,N,N,N
HV0003,B03404,B03404,2024-09-01 00:09:08,2024-09-01 00:12:59,2024-09-01 00:14:16,2024-09-01 00:24:15,247,159,1.62,599,11.64,0.0,0.32,1.03,0.0,0.0,0.0,8.02,N,N,N,N,N
HV0003,B03404,B03404,2024-09-01 00:24:06,2024-09-01 00:28:43,2024-09-01 00:29:16,2024-09-01 00:32:25,159,159,0.52,189,7.97,0.0,0.2,0.65,0.0,0.0,0.0,5.4,N,N,N,N,N
HV0003,B03404,B03404,2024-09-01 00:05:59,2024-09-01 00:09:09,2024-09-01 00:09:37,2024-09-01 00:25:30,158,148,2.14,953,17.26,0.0,0.46,1.5,2.75,0.0,0.0,12.51,N,N,N,N,N
HV0005,B03406,,2024-09-01 00:07:02,,2024-09-01 00:12:44,2024-09-01 00:32:36,106,228,5.067,1192,25.59,0.0,0.57,1.83,0.0,0.0,0.0,18.54,N,N,N,N,N
HV0005,B03406,,2024-09-01 00:28:05,,2024-09-01 00:36:59,2024-09-01 01:59:30,228,208,21.082,4951,54.92,6.16,1.68,5.42,2.75,0.0,0.0,77.05,N,N,N,N,N
HV0005,B03406,,2024-08-31 23:59:54,,2024-09-01 00:02:16,2024-09-01 00:21:37,65,224,4.05,1161,24.2,0.0,0.67,2.15,2.75,0.0,4.77,16.84,N,N,N,N,N
HV0005,B03406,,2024-09-01 00:22:29,,2024-09-01 00:26:58,2024-09-01 00:31:01,4,4,0.575,243,7.61,0.67,0.23,0.73,2.75,0.0,0.0,5.47,N,N,N,N,N
HV0005,B03406,,2024-09-01 00:33:26,,2024-09-01 00:42:30,2024-09-01 01:02:17,4,7,6.358,1187,25.55,0.65,0.72,2.32,2.75,0.0,0.0,20.25,N,N,N,N,N
HV0003,B03404,B03404,2024-08-31 23:51:51,2024-08-31 23:59:02,2024-09-01 00:00:38,2024-09-01 00:07:05,255,256,1.1,387,13.35,0.0,0.37,1.19,0.0,0.0,0.0,7.03,N,N,N,N,N
HV0003,B03404,B03404,2024-09-01 00:05:48,2024-09-01 00:14:02,2024-09-01 00:14:38,2024-09-01 00:21:08,256,34,1.16,390,17.35,0.0,0.48,1.54,0.0,0.0,1.0,10.4,N,N,N,N,N
HV0003,B03404,B03404,2024-09-01 00:22:35,2024-09-01 00:27:26,2024-09-01 00:28:12,2024-09-01 00:30:06,256,256,0.3,114,15.22,0.0,0.42,1.35,0.0,0.0,0.0,8.28,N,N,N,N,N
HV0003,B03404,B03404,2024-09-01 00:25:12,2024-09-01 00:32:58,2024-09-01 00:33:11,2024-09-01 01:02:09,255,186,5.3,1738,33.52,0.0,0.96,3.09,2.75,0.0,0.0,27.48,N,N,N,N,N
HV0005,B03406,,2024-09-01 00:08:22,,2024-09-01 00:19:05,2024-09-01 00:59:18,80,48,8.256,2413,69.31,0.51,1.92,6.2,2.75,0.0,0.0,37.55,N,N,N,N,N
HV0003,B03404,B03404,2024-09-01 00:08:24,2024-09-01 00:08:32,2024-09-01 00:09:55,2024-09-01 00:25:05,137,263,3.47,910,18.6,0.0,0.55,1.76,2.75,0.0,0.0,16.0,N,N,N,N,Y
HV0003,B03404,B03404,2024-09-01 00:25:50,2024-09-01 00:27:35,2024-09-01 00:27:52,2024-09-01 00:43:20,262,87,7.48,928,19.26,0.0,0.53,1.71,2.75,0.0,0.0,23.23,N,N,N,N,Y
HV0003,B03404,B03404,2024-09-01 00:54:06,2024-09-01 00:54:51,2024-09-01 00:55:30,2024-09-01 01:17:53,231,142,5.05,1343,31.5,0.0,0.87,2.8,2.75,0.0,0.0,22.99,N,N,N,N,Y
HV0003,B03404,B03404,2024-09-01 00:44:18,2024-09-01 00:45:07,2024-09-01 00:47:08,2024-09-01 01:04:46,69,127,4.42,1058,19.54,0.0,0.54,1.73,0.0,0.0,0.0,16.3,N,N,N,N,N
HV0005,B03406,,2024-09-01 00:24:34,,2024-09-01 00:27:22,2024-09-01 00:39:28,162,164,1.215,726,10.88,0.0,0.3,0.97,2.75,0.0,0.0,8.74,N,N,N,N,N
HV0005,B03406,,2024-09-01 00:36:43,,2024-09-01 00:40:12,2024-09-01 00:54:11,164,211,2.503,839,17.2,0.0,0.47,1.53,2.75,0.0,4.83,11.6,N,N,N,N,N
HV0005,B03406,,2024-09-01 00:29:22,,2024-09-01 00:32:46,2024-09-01 01:00:43,114,37,4.78,1677,31.68,0.0,0.84,2.72,2.75,0.0,7.6,22.87,N,N,N,N,N
HV0003,B03404,B03404,2024-09-01 00:00:42,2024-09-01 00:04:36,2024-09-01 00:05:00,2024-09-01 00:17:10,234,229,2.32,730,12.7,0.0,0.35,1.12,2.75,0.0,0.0,10.26,N,N,N,N,N
HV0003,B03404,B03404,2024-09-01 00:19:21,2024-09-01 00:19:33,2024-09-01 00:21:31,2024-09-01 00:30:53,229,141,1.77,562,10.06,0.0,0.27,0.89,2.75,0.0,0.0,7.87,N,N,N,N,N
HV0003,B03404,B03404,2024-09-01 00:33:59,2024-09-01 00:34:49,2024-09-01 00:36:50,2024-09-01 00:48:53,140,79,4.0,723,17.85,0.0,0.48,1.53,2.75,0.0,0.0,12.47,N,N,N,N,N
HV0003,B03404,B03404,2024-09-01 00:45:35,2024-09-01 00:49:37,2024-09-01 00:49:37,2024-09-01 00:58:37,79,107,1.39,540,12.77,0.0,0.37,1.21,2.75,0.0,0.0,7.14,N,N,N,N,N
HV0003,B03404,B03404,2024-08-31 23:58:50,2024-09-01 00:01:47,2024-09-01 00:03:48,2024-09-01 00:27:21,188,232,5.68,1413,27.11,0.0,0.77,2.48,2.75,0.0,0.0,21.46,N,N,N,N,N
HV0003,B03404,B03404,2024-09-01 00:23:42,2024-09-01 00:31:07,2024-09-01 00:32:01,2024-09-01 00:41:20,232,79,1.16,559,8.57,0.0,0.25,0.81,2.75,0.0,0.0,7.01,N,N,N,N,N
HV0003,B03404,B03404,2024-09-01 00:40:01,2024-09-01 00:44:35,2024-09-01 00:44:56,2024-09-01 00:55:18,79,233,2.34,622,11.6,0.0,0.32,1.03,2.75,0.0,5.0,9.38,N,N,N,N,N
HV0005,B03406,,2024-09-01 00:24:42,,2024-09-01 00:28:40,2024-09-01 00:57:48,93,68,11.086,1748,64.97,5.72,1.77,5.72,2.75,0.0,5.0,36.17,N,N,N,N,N
HV0003,B03404,B03404,2024-09-01 00:10:09,2024-09-01 00:12:35,2024-09-01 00:14:37,2024-09-01 00:36:57,205,63,7.24,1340,35.08,0.0,0.96,3.12,0.0,0.0,0.0,22.88,N,N,N,N,N
HV0003,B03404,B03404,2024-09-01 00:35:48,2024-09-01 00:38:36,2024-09-01 00:38:41,2024-09-01 00:56:41,63,39,3.85,1080,21.47,0.0,0.59,1.91,0.0,0.0,0.0,15.73,N,N,N,N,N
HV0003,B03404,B03404,2024-09-01 00:05:48,2024-09-01 00:06:41,2024-09-01 00:06:41,2024-09-01 00:12:27,229,170,1.41,346,9.15,0.0,0.25,0.81,2.75,0.0,0.0,5.39,N,N,N,N,N
HV0003,B03404,B03404,2024-09-01 00:04:19,2024-09-01 00:05:28,2024-09-01 00:07:48,2024-09-01 00:36:00,234,157,6.43,1692,49.81,6.94,1.37,5.03,2.75,0.0,0.0,26.21,N,N,N,N,N
HV0003,B03404,B03404,2024-09-01 00:37:56,2024-09-01 00:42:40,2024-09-01 00:43:32,2024-09-01 01:06:58,80,234,7.61,1406,33.92,6.94,0.99,3.82,2.75,0.0,0.0,27.72,N,N,N,N,N
HV0003,B03404,B03404,2024-09-01 00:03:44,2024-09-01 00:06:46,2024-09-01 00:08:41,2024-09-01 00:25:34,23,206,5.64,1013,17.74,0.0,0.52,1.68,0.0,0.0,0.0,17.51,N,N,N,N,N
HV0003,B03404,B03404,2024-09-01 00:45:14,2024-09-01 00:48:42,2024-09-01 00:48:54,2024-09-01 01:04:01,115,176,4.88,907,26.81,0.0,0.74,2.38,0.0,0.0,0.0,15.45,N,N,N,N,N
HV0003,B03404,B03404,2024-09-01 00:13:27,2024-09-01 00:17:45,2024-09-01 00:17:55,2024-09-01 00:29:42,129,179,3.62,707,16.14,0.0,0.45,1.43,0.0,0.0,0.0,11.79,N,N,N,N,N
HV0005,B03406,,2024-09-01 00:18:13,,2024-09-01 00:21:55,2024-09-01 00:39:51,107,148,1.975,1076,20.43,0.0,0.56,1.81,2.75,0.0,0.0,13.94,N,N,N,N,Y
HV0005,B03406,,2024-09-01 00:35:54,,2024-09-01 00:51:51,2024-09-01 01:16:40,148,181,3.722,1489,22.88,0.0,0.63,2.03,2.75,0.0,0.0,21.02,N,N,N,N,Y
HV0003,B03404,B03404,2024-09-01 00:14:50,2024-09-01 00:16:12,2024-09-01 00:17:35,2024-09-01 00:34:18,41,159,3.18,1003,18.79,0.0,0.52,1.67,0.0,0.0,0.0,14.07,N,N,N,N,N
HV0005,B03406,,2024-09-01 00:04:20,,2024-09-01 00:07:01,2024-09-01 00:13:03,247,159,1.134,362,7.92,0.0,0.22,0.7,0.0,0.0,0.0,5.47,N,N,N,N,N
HV0005,B03406,,2024-09-01 00:13:17,,2024-09-01 00:16:03,2024-09-01 00:26:31,167,126,1.822,628,13.43,0.0,0.37,1.19,0.0,0.0,0.0,8.61,N,N,N,N,N
HV0003,B03404,B03404,2024-09-01 00:39:49,2024-09-01 00:41:55,2024-09-01 00:42:06,2024-09-01 00:50:34,137,90,1.28,508,10.88,0.0,0.3,0.97,2.75,0.0,0.0,6.68,N,N,N,N,N
HV0003,B03404,B03404,2024-09-01 00:50:50,2024-09-01 00:51:39,2024-09-01 00:52:32,2024-09-01 01:07:31,90,114,2.25,899,15.87,0.0,0.43,1.41,2.75,0.0,0.0,11.79,N,N,N,N,N
HV0005,B03406,,2024-09-01 00:04:22,,2024-09-01 00:12:22,2024-09-01 00:29:14,148,141,3.514,1012,18.77,0.0,0.52,1.67,2.75,0.0,0.0,14.67,N,N,N,N,N
HV0005,B03406,,2024-08-31 23:57:32,,2024-09-01 00:02:33,2024-09-01 00:19:30,42,126,5.717,1017,22.44,0.84,0.64,2.07,0.0,0.0,0.0,17.72,N,N,N,N,N
HV0003,B03404,B03404,2024-09-01 00:08:54,2024-09-01 00:11:23,2024-09-01 00:11:42,2024-09-01 00:31:21,114,262,4.34,1179,18.14,0.0,0.5,1.61,2.75,0.0,0.0,17.36,N,N,N,N,N
HV0003,B03404,B03404,2024-09-01 00:30:11,2024-09-01 00:30:35,2024-09-01 00:32:35,2024-09-01 00:55:40,263,158,5.87,1385,36.27,0.0,1.06,3.42,2.75,0.0,0.0,22.38,N,N,N,N,N
HV0003,B03404,B03404,2024-09-01 00:53:50,2024-09-01 00:55:40,2024-09-01 00:57:40,2024-09-01 01:24:37,158,221,14.01,1617,45.33,20.82,1.24,5.87,2.75,0.0,0.0,34.77,N,N,N,N,N
HV0003,B03404,B03404,2024-09-01 00:07:45,2024-09-01 00:08:52,2024-09-01 00:09:58,2024-09-01 00:27:19,68,144,3.31,1041,25.3,0.0,0.7,2.25,2.75,0.0,3.1,14.62,N,N,N,N,N
HV0003,B03404,B03404,2024-09-01 00:24:31,2024-09-01 00:28:16,2024-09-01 00:28:35,2024-09-01 00:37:18,144,97,2.54,523,16.54,0.0,0.36,1.17,2.75,0.0,0.0,8.53,N,N,N,N,N
HV0003,B03404,B03404,2024-09-01 00:42:11,2024-09-01 00:47:40,2024-09-01 00:48:37,2024-09-01 01:15:18,211,24,6.97,1601,33.05,0.0,0.91,2.94,2.75,0.0,0.0,25.03,N,N,N,N,N
HV0003,B03404,B03404,2024-08-31 23:56:01,2024-09-01 00:18:59,2024-09-01 00:18:59,2024-09-01 00:38:38,76,72,3.48,1179,20.56,0.0,0.57,1.83,0.0,0.0,0.0,16.19,N,N,N,N,N
HV0003,B03404,B03404,2024-09-01 00:28:54,2024-09-01 00:30:43,2024-09-01 00:31:50,2024-09-01 00:46:17,69,42,2.47,867,13.46,0.0,0.37,1.19,0.0,0.0,0.0,11.78,N,N,N,N,N
HV0003,B03404,B03404,2024-09-01 00:47:28,2024-09-01 00:50:03,2024-09-01 00:50:19,2024-09-01 01:00:49,42,235,3.3,630,15.22,0.0,0.42,1.35,0.0,0.0,3.0,10.61,N,N,N,N,N
HV0005,B03406,,2024-09-01 00:00:22,,2024-09-01 00:03:11,2024-09-01 00:12:01,72,72,1.116,530,7.13,0.0,0.2,0.63,0.0,0.0,0.0,6.69,N,N,N,N,N
HV0005,B03406,,2024-09-01 00:11:57,,2024-09-01 00:16:17,2024-09-01 00:24:19,72,71,1.606,482,12.56,0.0,0.35,1.11,0.0,0.0,4.0,7.84,N,N,N,N,N
HV0005,B03406,,2024-09-01 00:22:20,,2024-09-01 00:30:06,2024-09-01 00:59:10,71,10,10.9,1744,33.83,0.0,0.93,3.0,0.0,0.0,0.0,31.88,N,N,N,N,N
HV0003,B03404,B03404,2024-09-01 00:31:23,2024-09-01 00:31:55,2024-09-01 00:33:55,2024-09-01 00:48:22,50,113,2.91,867,19.67,0.0,0.54,1.75,2.75,0.0,0.0,12.39,N,N,N,N,N
HV0003,B03404,B03404,2024-09-01 00:46:27,2024-09-01 00:48:03,2024-09-01 00:48:33,2024-09-01 00:58:05,113,148,1.22,572,10.95,0.0,0.3,0.98,2.75,0.0,0.0,7.22,N,N,N,N,N
HV0003,B03404,B03404,2024-09-01 00:53:56,2024-09-01 00:59:01,2024-09-01 00:59:01,2024-09-01 01:12:43,148,164,3.0,822,25.34,0.0,0.7,2.29,2.75,0.0,4.72,12.07,N,N,N,N,N
HV0003,B03404,B03404,2024-08-31 23:46:21,2024-09-01 00:09:55,2024-09-01 00:12:07,2024-09-01 00:26:01,186,161,1.25,834,8.52,0.0,0.23,0.76,2.75,0.0,0.0,9.8,N,N,N,N,N
HV0003,B03404,B03404,2024-09-01 00:29:49,2024-09-01 00:31:55,2024-09-01 00:32:29,2024-09-01 00:53:05,170,25,7.09,1236,21.79,0.0,0.6,1.94,2.75,0.0,0.0,21.65,N,N,N,N,N
HV0003,B03404,B03404,2024-09-01 00:47:01,2024-09-01 00:56:11,2024-09-01 00:57:11,2024-09-01 01:16:36,25,112,5.22,1165,37.57,0.0,1.03,3.34,0.0,0.0,0.0,21.42,N,N,N,N,N
HV0003,B03404,B03404,2024-09-01 00:45:10,2024-09-01 00:49:22,2024-09-01 00:49:44,2024-09-01 00:59:33,100,162,1.34,589,18.51,0.0,0.54,1.75,2.75,0.0,4.94,9.85,N,N,N,N,N
HV0005,B03406,,2024-08-31 23:58:15,,2024-09-01 00:04:48,2024-09-01 00:10:01,168,159,0.721,313,8.17,0.0,0.18,0.57,0.0,0.0,0.0,5.47,N,N,N,N,N
HV0005,B03406,,2024-09-01 00:19:06,,2024-09-01 00:21:52,2024-09-01 00:32:55,69,235,1.434,663,12.46,0.0,0.34,1.1,0.0,0.0,0.0,8.42,N,N,N,N,N
HV0003,B03404,B03404,2024-08-31 23:54:48,2024-09-01 00:00:20,2024-09-01 00:00:57,2024-09-01 00:10:53,145,140,2.77,596,14.87,0.0,0.4,1.32,2.75,0.0,0.0,9.71,N,N,N,N,N
HV0003,B03404,B03404,2024-09-01 00:10:25,2024-09-01 00:11:20,2024-09-01 00:12:04,2024-09-01 00:16:40,140,237,0.84,276,9.17,0.0,0.25,0.81,2.75,0.0,3.0,5.39,N,N,N,N,N
HV0003,B03404,B03404,2024-09-01 00:23:30,2024-09-01 00:26:28,2024-09-01 00:27:12,2024-09-01 00:43:45,75,169,5.71,993,23.27,0.0,0.64,2.07,0.0,0.0,0.0,17.42,N,N,N,N,N
HV0003,B03404,B03404,2024-09-01 00:43:26,2024-09-01 00:45:04,2024-09-01 00:48:32,2024-09-01 00:53:36,169,78,1.1,304,8.36,0.0,0.24,0.79,0.0,0.0,0.0,5.41,N,N,N,N,N
HV0003,B03404,B03404,2024-09-01 00:14:19,2024-09-01 00:17:37,2024-09-01 00:17:44,2024-09-01 00:41:00,256,164,4.48,1396,31.54,0.0,0.87,2.8,2.75,0.0,0.0,20.91,N,N,N,N,N
HV0003,B03404,B03404,2024-09-01 00:44:05,2024-09-01 00:45:13,2024-09-01 00:45:54,2024-09-01 00:59:15,90,48,1.95,801,15.11,0.0,0.32,1.03,2.75,0.0,0.0,10.43,N,N,N,N,N
HV0003,B03404,B03404,2024-09-01 00:00:15,2024-09-01 00:04:15,2024-09-01 00:04:22,2024-09-01 00:33:01,238,112,7.11,1719,32.45,0.0,0.89,2.88,2.75,0.0,0.0,26.37,N,N,N,N,N
HV0003,B03404,B03404,2024-09-01 00:27:58,2024-09-01 00:36:07,2024-09-01 00:36:09,2024-09-01 00:54:58,112,36,2.89,1129,24.37,0.0,0.71,2.31,0.0,0.0,0.0,16.4,N,N,N,N,N
HV0003,B03404,B03404,2024-09-01 00:54:10,2024-09-01 00:58:31,2024-09-01 00:58:52,2024-09-01 01:26:56,36,231,6.46,1684,29.57,0.0,0.81,2.61,2.75,0.0,0.0,25.15,N,N,N,N,N
HV0003,B03404,B03404,2024-09-01 00:13:40,2024-09-01 00:15:58,2024-09-01 00:17:22,2024-09-01 00:22:57,75,74,0.96,335,8.95,0.0,0.24,0.8,0.0,0.0,0.0,5.39,N,N,N,N,N
HV0003,B03404,B03404,2024-09-01 00:23:56,2024-09-01 00:25:38,2024-09-01 00:26:06,2024-09-01 00:32:14,74,168,1.52,368,8.53,0.0,0.23,0.76,0.0,0.0,0.0,5.64,N,N,N,N,N
HV0003,B03404,B03404,2024-09-01 00:37:18,2024-09-01 00:39:54,2024-09-01 00:40:36,2024-09-01 00:48:55,74,69,1.64,499,8.99,0.0,0.24,0.8,0.0,0.0,5.0,7.08,N,N,N,N,N
HV0003,B03404,B03404,2024-09-01 00:50:08,2024-09-01 00:52:07,2024-09-01 00:54:07,2024-09-01 01:11:13,69,31,6.89,1026,21.85,0.0,0.6,1.94,0.0,0.0,0.0,19.34,N,N,N,N,N
HV0003,B03404,B03404,2024-08-31 23:57:36,2024-09-01 00:04:23,2024-09-01 00:04:32,2024-09-01 00:16:50,145,229,3.06,738,16.67,6.94,0.45,2.1,2.75,0.0,0.0,11.33,N,N,N,N,N
HV0003,B03404,B03404,2024-09-01 00:37:41,2024-09-01 00:39:37,2024-09-01 00:40:13,2024-09-01 00:46:39,107,224,0.65,386,9.16,0.0,0.25,0.81,2.75,0.0,3.0,5.39,N,N,N,N,N
HV0003,B03404,B03404,2024-09-01 00:48:08,2024-09-01 00:51:09,2024-09-01 00:52:17,2024-09-01 01:06:23,4,162,2.97,846,20.16,0.0,0.54,1.76,2.75,0.0,0.0,12.47,N,N,N,N,N
HV0003,B03404,B03404,2024-08-31 23:59:13,2024-09-01 00:02:07,2024-09-01 00:04:08,2024-09-01 00:16:14,247,167,1.74,726,12.44,0.0,0.34,1.11,0.0,0.0,0.0,10.42,N,N,N,N,N
HV0003,B03404,B03404,2024-09-01 00:14:51,2024-09-01 00:18:19,2024-09-01 00:19:03,2024-09-01 00:22:58,60,60,0.58,235,7.52,0.0,0.22,0.71,0.0,0.0,0.0,5.41,N,N,N,N,N
HV0003,B03404,B03404,2024-09-01 00:41:15,2024-09-01 00:43:10,2024-09-01 00:45:11,2024-09-01 00:59:51,243,147,5.98,880,19.75,0.0,0.54,1.75,0.0,0.0,4.0,16.68,N,N,N,N,N
HV0003,B03404,B03404,2024-09-01 00:13:35,2024-09-01 00:15:45,2024-09-01 00:16:51,2024-09-01 00:33:34,20,168,4.36,1003,18.66,0.0,0.52,1.65,0.0,0.0,0.0,15.68,N,N,N,N,N
HV0003,B03404,B03404,2024-09-01 00:35:05,2024-09-01 00:37:22,2024-09-01 00:37:40,2024-09-01 00:50:19,168,167,1.97,759,11.71,0.0,0.32,1.04,0.0,0.0,0.0,10.05,N,N,N,N,N
HV0003,B03404,B03404,2024-09-01 00:06:11,2024-09-01 00:10:21,2024-09-01 00:10:29,2024-09-01 00:22:10,122,9,4.37,701,17.83,0.0,0.49,1.58,0.0,0.0,0.0,13.83,N,N,N,N,N
HV0003,B03404,B03404,2024-09-01 00:20:19,2024-09-01 00:23:13,2024-09-01 00:23:39,2024-09-01 00:34:33,9,98,2.44,654,11.65,0.0,0.32,1.03,0.0,0.0,0.0,10.75,N,N,N,N,N
HV0003,B03404,B03404,2024-09-01 00:44:02,2024-09-01 00:52:37,2024-09-01 00:53:57,2024-09-01 01:05:17,95,28,2.38,680,14.32,0.0,0.39,1.27,0.0,0.0,3.0,10.93,N,N,N,N,N
HV0005,B03406,,2024-09-01 00:42:04,,2024-09-01 00:45:50,2024-09-01 01:05:07,170,265,4.604,1157,25.43,20.14,1.25,0.0,0.0,0.0,7.02,18.79,N,N,N,N,N
HV0005,B03406,,2024-09-01 00:19:37,,2024-09-01 00:24:13,2024-09-01 00:41:50,234,100,1.589,1057,13.47,0.0,0.37,1.2,2.75,0.0,0.0,12.47,N,N,N,N,N
HV0005,B03406,,2024-09-01 00:40:37,,2024-09-01 00:44:43,2024-09-01 01:10:43,100,265,5.632,1560,31.57,20.0,1.42,0.0,0.0,0.0,0.0,24.53,N,N,N,N,N
HV0003,B03404,B03404,2024-09-01 00:44:23,2024-09-01 00:52:21,2024-09-01 00:52:22,2024-09-01 01:05:07,148,256,2.5,765,17.1,0.0,0.47,1.52,2.75,0.0,0.0,11.04,N,N,N,N,N
HV0003,B03404,B03404,2024-09-01 00:00:34,2024-09-01 00:07:17,2024-09-01 00:07:55,2024-09-01 00:36:35,255,197,10.82,1720,53.49,0.0,1.47,4.75,0.0,0.0,0.0,33.15,N,N,N,N,N
HV0003,B03404,B03404,2024-09-01 00:29:53,2024-09-01 00:35:33,2024-09-01 00:37:44,2024-09-01 01:10:55,197,265,20.92,1991,68.5,0.0,2.0,6.47,0.0,0.0,0.0,53.21,N,N,N,N,N
HV0003,B03404,B03404,2024-09-01 00:07:13,2024-09-01 00:08:54,2024-09-01 00:09:21,2024-09-01 00:24:50,42,32,7.93,929,24.16,0.0,0.66,2.14,0.0,0.0,0.0,19.8,N,N,N,N,N
HV0003,B03404,B03404,2024-09-01 00:26:38,2024-09-01 00:28:58,2024-09-01 00:29:10,2024-09-01 00:37:05,254,18,1.7,475,9.83,0.0,0.27,0.87,0.0,0.0,0.0,6.93,N,N,N,N,N
HV0003,B03404,B03404,2024-09-01 00:40:32,2024-09-01 00:41:54,2024-09-01 00:43:17,2024-09-01 00:55:29,18,213,4.54,732,12.31,0.0,0.34,1.09,0.0,0.0,0.0,13.28,N,N,N,N,N
HV0003,B03404,B03404,2024-09-01 00:51:18,2024-09-01 00:56:38,2024-09-01 00:57:04,2024-09-01 01:43:56,213,133,20.55,2812,46.86,13.88,1.28,5.39,0.75,0.0,0.0,55.28,Y,N,N,N,N
HV0003,B03404,B03404,2024-09-01 00:10:49,2024-09-01 00:12:00,2024-09-01 00:14:01,2024-09-01 01:03:51,188,215,10.9,2990,46.69,0.0,1.37,4.4,0.0,0.0,0.0,43.87,N,N,N,N,N
HV0005,B03406,,2024-09-01 00:05:47,,2024-09-01 00:07:59,2024-09-01 00:16:14,231,45,0.884,495,9.05,0.0,0.25,0.8,2.75,0.0,3.0,6.04,N,N,N,N,N
HV0005,B03406,,2024-09-01 00:18:31,,2024-09-01 00:22:00,2024-09-01 00:35:52,144,256,4.703,832,19.0,0.0,0.46,1.49,2.75,0.0,0.0,14.53,N,N,N,N,N
HV0005,B03406,,2024-09-01 00:32:57,,2024-09-01 00:43:37,2024-09-01 01:05:12,80,164,6.525,1295,40.95,2.43,1.13,3.65,2.75,0.0,0.0,24.54,N,N,N,N,N
HV0003,B03404,B03404,2024-08-31 23:58:48,2024-09-01 00:00:05,2024-09-01 00:02:04,2024-09-01 00:18:54,233,68,2.65,1010,22.88,0.0,0.62,2.03,2.75,0.0,0.0,13.41,N,N,N,N,N
HV0003,B03404,B03404,2024-09-01 00:18:23,2024-09-01 00:19:13,2024-09-01 00:19:44,2024-09-01 00:35:12,68,261,2.94,928,23.44,0.0,0.64,2.08,2.75,0.0,0.0,13.02,N,N,N,N,N
HV0003,B03404,B03404,2024-09-01 00:35:47,2024-09-01 00:38:01,2024-09-01 00:38:20,2024-09-01 00:57:57,261,265,4.6,1177,29.22,20.0,0.86,0.0,0.0,0.0,0.0,19.58,N,N,N,N,N
HV0003,B03404,B03404,2024-09-01 00:17:07,2024-09-01 00:23:43,2024-09-01 00:23:47,2024-09-01 00:44:00,83,255,5.5,1213,18.78,0.0,0.52,1.67,0.0,0.0,3.14,20.27,N,N,N,N,N
HV0003,B03404,B03404,2024-09-01 00:42:35,2024-09-01 00:47:11,2024-09-01 00:47:17,2024-09-01 01:05:54,255,114,5.51,1117,29.9,0.0,0.82,2.65,2.75,0.0,0.0,20.85,N,N,N,N,N
HV0003,B03404,B03404,2024-09-01 00:01:08,2024-09-01 00:07:11,2024-09-01 00:07:44,2024-09-01 00:34:13,216,55,13.76,1589,40.29,0.0,1.11,3.57,0.0,0.0,0.0,34.15,N,N,N,N,N
HV0003,B03404,B03404,2024-09-01 00:23:36,2024-09-01 00:38:19,2024-09-01 00:40:19,2024-09-01 01:10:33,55,97,13.69,1814,43.03,0.0,1.19,3.82,0.0,0.0,0.0,38.43,N,N,N,N,N
HV0005,B03406,,2024-09-01 00:16:47,,2024-09-01 00:20:06,2024-09-01 00:40:36,157,263,8.711,1230,29.34,3.25,0.86,2.79,2.75,0.0,0.0,23.88,N,N,N,N,N
HV0003,B03404,B03404,2024-09-01 00:35:55,2024-09-01 00:45:52,2024-09-01 00:46:16,2024-09-01 01:06:05,187,227,11.6,1189,42.19,0.0,1.16,3.74,0.0,0.0,0.0,29.18,N,N,N,N,N
HV0003,B03404,B03404,2024-08-31 23:57:17,2024-09-01 00:00:35,2024-09-01 00:00:53,2024-09-01 00:13:43,17,61,2.38,770,13.44,0.0,0.39,1.27,0.0,0.0,0.0,10.72,N,N,N,N,N
HV0003,B03404,B03404,2024-09-01 00:15:41,2024-09-01 00:19:27,2024-09-01 00:19:57,2024-09-01 00:31:15,61,85,1.86,678,9.5,0.0,0.23,0.74,0.0,0.0,0.0,9.12,N,N,N,N,N
HV0005,B03406,,2024-08-31 23:56:05,,2024-09-01 00:01:33,2024-09-01 00:18:02,73,57,4.629,989,27.77,0.0,0.76,2.46,0.0,0.0,0.0,18.46,N,N,N,N,N
HV0005,B03406,,2024-09-01 00:27:07,,2024-09-01 00:29:13,2024-09-01 00:34:07,28,130,0.723,294,9.92,0.0,0.27,0.88,0.0,0.0,0.0,7.97,N,N,N,N,N
HV0005,B03406,,2024-09-01 00:34:12,,2024-09-01 00:36:13,2024-09-01 00:46:15,130,197,1.642,602,10.52,0.0,0.29,0.93,0.0,0.0,0.0,8.11,N,N,N,N,N
HV0005,B03406,,2024-09-01 00:51:29,,2024-09-01 00:59:01,2024-09-01 01:13:39,258,10,4.836,878,21.2,0.0,0.58,1.88,0.0,0.0,4.73,15.16,N,N,N,N,N
HV0003,B03404,B03404,2024-09-01 00:05:46,2024-09-01 00:09:27,2024-09-01 00:09:27,2024-09-01 00:12:45,93,82,1.99,198,33.32,0.0,0.91,2.96,0.0,0.0,0.0,0.0,N,N,N,N,N
HV0003,B03404,B03404,2024-09-01 00:21:41,2024-09-01 00:27:08,2024-09-01 00:28:00,2024-09-01 00:38:37,144,186,2.23,637,16.3,0.0,0.44,1.45,2.75,0.0,0.0,9.22,N,N,N,N,N
HV0003,B03404,B03404,2024-09-01 00:37:08,2024-09-01 00:38:32,2024-09-01 00:39:03,2024-09-01 00:56:48,186,43,4.0,1065,22.58,0.0,0.62,2.0,2.75,0.0,0.0,15.79,N,N,N,N,N
HV0003,B03404,B03404,2024-09-01 00:15:19,2024-09-01 00:24:02,2024-09-01 00:25:05,2024-09-01 00:42:18,75,127,7.55,1033,21.82,0.0,0.6,1.94,0.0,0.0,0.0,20.31,Y,N,N,N,N
HV0003,B03404,B03404,2024-09-01 00:13:50,2024-09-01 00:14:30,2024-09-01 00:14:48,2024-09-01 00:23:04,231,148,1.39,496,11.08,0.0,0.32,1.05,2.75,0.0,0.0,6.71,N,N,N,N,N
HV0003,B03404,B03404,2024-09-01 00:35:00,2024-09-01 00:35:38,2024-09-01 00:37:39,2024-09-01 00:52:42,148,226,5.71,903,32.33,0.0,0.89,2.86,2.75,0.0,0.0,16.83,N,N,N,N,N
HV0003,B03404,B03404,2024-09-01 00:54:36,2024-09-01 00:56:34,2024-09-01 00:56:37,2024-09-01 01:07:37,226,157,2.69,660,16.8,0.0,0.46,1.49,0.0,0.0,0.0,10.07,N,N,N,N,N
HV0005,B03406,,2024-09-01 00:10:56,,2024-09-01 00:15:08,2024-09-01 00:25:15,50,246,1.76,607,11.82,0.0,0.33,1.05,2.75,0.0,0.0,8.32,N,N,N,N,N
HV0005,B03406,,2024-09-01 00:25:35,,2024-09-01 00:29:36,2024-09-01 00:47:12,68,145,3.783,1056,23.81,2.77,0.73,2.36,2.75,0.0,0.0,17.59,N,N,N,N,N
HV0005,B03406,,2024-09-01 00:45:45,,2024-09-01 00:48:30,2024-09-01 01:09:30,145,230,4.592,1260,26.32,2.18,0.78,2.53,2.75,0.0,6.91,21.11,N,N,N,N,N
HV0003,B03404,B03404,2024-09-01 00:23:42,2024-09-01 00:33:01,2024-09-01 00:33:11,2024-09-01 00:59:39,48,79,4.69,1588,23.28,0.0,0.65,2.08,2.75,0.0,0.0,24.25,N,N,N,N,Y
HV0003,B03404,B03404,2024-09-01 00:21:56,2024-09-01 00:29:36,2024-09-01 00:30:10,2024-09-01 00:47:20,112,80,2.28,1030,10.97,0.0,0.32,1.03,0.0,0.0,0.0,13.11,N,N,N,N,N
HV0005,B03406,,2024-09-01 00:05:56,,2024-09-01 00:10:49,2024-09-01 00:18:38,76,76,1.189,469,8.71,0.0,0.24,0.77,0.0,0.0,0.0,6.19,N,N,N,N,N
HV0003,B03404,B03404,2024-08-31 23:55:04,2024-09-01 00:08:09,2024-09-01 00:09:05,2024-09-01 00:25:49,90,148,2.66,1004,28.99,0.0,0.8,2.59,2.75,0.0,0.0,13.79,N,N,N,N,N
HV0003,B03404,B03404,2024-09-01 00:24:35,2024-09-01 00:29:25,2024-09-01 00:29:56,2024-09-01 00:38:28,45,79,1.16,512,12.6,0.0,0.34,1.12,2.75,0.0,0.0,6.78,N,N,N,N,N
HV0003,B03404,B03404,2024-09-01 00:36:34,2024-09-01 00:42:13,2024-09-01 00:43:21,2024-09-01 00:52:40,114,249,1.06,559,11.65,0.0,0.29,0.94,2.75,0.0,0.0,7.01,N,N,N,N,N
HV0003,B03404,B03404,2024-09-01 00:08:53,2024-09-01 00:09:54,2024-09-01 00:11:54,2024-09-01 00:22:22,65,34,0.93,628,11.59,0.0,0.32,1.02,0.0,0.0,0.0,7.63,N,N,N,N,N
HV0003,B03404,B03404,2024-09-01 00:33:09,2024-09-01 00:50:45,2024-09-01 00:50:45,2024-09-01 01:09:23,148,186,3.02,1118,19.03,0.0,0.52,1.69,2.75,0.0,0.0,14.97,N,N,N,N,N
HV0005,B03406,,2024-08-31 23:59:10,,2024-09-01 00:00:50,2024-09-01 00:12:26,211,107,1.542,696,11.69,0.0,0.35,1.13,2.75,0.0,0.0,8.89,N,N,N,N,N
HV0005,B03406,,2024-09-01 00:10:47,,2024-09-01 00:13:49,2024-09-01 00:25:05,107,162,2.169,676,11.66,0.0,0.32,1.04,2.75,0.0,0.0,9.55,N,N,N,N,N
HV0005,B03406,,2024-09-01 00:25:07,,2024-09-01 00:29:46,2024-09-01 00:50:50,237,148,4.589,1264,30.37,0.0,0.84,2.7,2.75,0.0,0.0,19.58,N,N,N,N,N
HV0005,B03406,,2024-09-01 00:07:55,,2024-09-01 00:12:50,2024-09-01 00:21:02,160,198,1.986,492,13.43,0.0,0.37,1.19,0.0,0.0,0.0,7.51,N,N,N,N,N
HV0005,B03406,,2024-09-01 00:17:32,,2024-09-01 00:25:39,2024-09-01 00:34:07,198,37,1.248,508,13.97,0.0,0.38,1.24,0.0,0.0,0.0,6.65,N,N,N,N,N
HV0005,B03406,,2024-09-01 00:31:26,,2024-09-01 00:38:18,2024-09-01 00:56:17,37,256,2.884,1079,19.93,0.0,0.49,1.57,0.0,0.0,3.3,14.46,N,N,N,N,N
HV0005,B03406,,2024-09-01 00:50:48,,2024-09-01 00:57:16,2024-09-01 01:05:41,256,112,1.324,505,18.02,0.0,0.44,1.42,0.0,0.0,0.0,6.73,N,N,N,N,N
HV0003,B03404,B03404,2024-09-01 00:00:49,2024-09-01 00:04:01,2024-09-01 00:04:17,2024-09-01 00:23:04,82,208,9.79,1127,26.28,6.94,0.73,2.94,0.0,0.0,7.38,24.26,N,N,N,N,N
HV0005,B03406,,2024-09-01 00:28:13,,2024-09-01 00:35:59,2024-09-01 00:58:32,242,83,11.474,1353,32.46,6.95,1.08,3.5,0.0,0.0,0.0,28.85,N,N,N,N,N
HV0003,B03404,B03404,2024-09-01 00:40:04,2024-09-01 00:42:16,2024-09-01 00:44:17,2024-09-01 00:49:04,67,67,1.24,287,8.49,0.0,0.23,0.76,0.0,0.0,0.0,5.4,N,N,N,N,N
HV0003,B03404,B03404,2024-09-01 00:55:58,2024-09-01 00:58:52,2024-09-01 00:59:55,2024-09-01 01:08:42,67,11,1.92,527,12.47,0.0,0.34,1.11,0.0,0.0,0.0,7.73,N,N,N,N,N
HV0003,B03404,B03404,2024-09-01 00:02:53,2024-09-01 00:06:23,2024-09-01 00:08:24,2024-09-01 00:15:46,35,76,1.28,442,7.57,0.0,0.21,0.68,0.0,0.0,0.0,6.03,N,N,N,N,N
HV0003,B03404,B03404,2024-09-01 00:23:28,2024-09-01 00:24:55,2024-09-01 00:26:58,2024-09-01 00:55:26,35,130,8.77,1708,30.06,0.0,0.82,2.67,0.0,0.0,0.0,28.54,N,N,N,N,N
HV0003,B03404,B03404,2024-09-01 00:57:12,2024-09-01 00:58:23,2024-09-01 00:58:46,2024-09-01 01:17:19,130,38,5.28,1113,20.65,0.0,0.57,1.83,0.0,0.0,0.0,17.99,N,N,N,N,N
HV0003,B03404,B03404,2024-09-01 00:08:07,2024-09-01 00:10:43,2024-09-01 00:12:44,2024-09-01 00:33:03,158,237,3.75,1219,27.44,0.0,0.81,2.59,2.75,0.0,0.0,16.95,N,N,N,N,N
HV0003,B03404,B03404,2024-09-01 00:36:51,2024-09-01 00:39:03,2024-09-01 00:39:21,2024-09-01 01:01:02,229,256,6.47,1301,22.98,0.0,0.63,2.03,2.75,0.0,0.0,21.44,N,N,N,N,N
HV0003,B03404,B03404,2024-09-01 00:22:18,2024-09-01 00:28:44,2024-09-01 00:29:07,2024-09-01 00:40:27,79,162,2.81,680,14.5,0.0,0.39,1.29,2.75,0.0,0.0,10.43,N,N,N,N,N
HV0003,B03404,B03404,2024-09-01 00:45:31,2024-09-01 00:47:00,2024-09-01 00:47:19,2024-09-01 01:11:10,107,49,6.66,1431,28.83,0.0,0.79,2.56,2.75,0.0,0.0,22.96,N,N,N,N,N
HV0003,B03404,B03404,2024-08-31 23:54:24,2024-09-01 00:02:28,2024-09-01 00:02:56,2024-09-01 00:35:16,70,127,12.9,1940,85.64,6.94,2.35,8.22,0.0,0.0,0.0,76.53,N,N,N,N,N
HV0003,B03404,B03404,2024-09-01 00:43:45,2024-09-01 00:50:44,2024-09-01 00:52:44,2024-09-01 01:15:35,44,109,7.13,1371,23.26,0.0,0.64,2.05,0.0,0.0,0.0,23.21,N,N,N,N,N
HV0003,B03404,B03404,2024-08-31 23:59:48,2024-09-01 00:08:20,2024-09-01 00:08:43,2024-09-01 00:31:45,138,151,9.54,1382,42.56,6.94,1.24,4.6,0.0,2.5,0.0,26.74,N,N,N,N,N
HV0005,B03406,,2024-09-01 00:43:44,,2024-09-01 00:45:31,2024-09-01 00:52:12,48,246,1.488,401,9.18,0.0,0.25,0.81,2.75,0.0,3.0,5.94,N,N,N,N,N
HV0005,B03406,,2024-09-01 00:34:51,,2024-09-01 00:40:14,2024-09-01 01:07:05,157,228,13.017,1611,29.56,0.0,0.81,2.62,0.0,0.0,0.0,33.47,N,N,N,N,N
HV0003,B03404,B03404,2024-09-01 00:01:19,2024-09-01 00:02:36,2024-09-01 00:02:51,2024-09-01 00:16:07,71,181,2.75,796,12.72,0.0,0.35,1.13,0.0,0.0,0.0,11.48,N,N,N,N,N
HV0003,B03404,B03404,2024-09-01 00:17:06,2024-09-01 00:20:08,2024-09-01 00:21:05,2024-09-01 00:42:06,181,17,2.71,1261,25.07,0.0,0.69,2.21,0.0,0.0,0.0,17.44,N,N,N,N,N
HV0003,B03404,B03404,2024-08-31 23:56:23,2024-09-01 00:05:39,2024-09-01 00:06:36,2024-09-01 00:17:15,177,77,2.47,639,7.96,0.0,0.22,0.71,0.0,0.0,0.0,9.57,Y,N,N,N,N
HV0003,B03404,B03404,2024-09-01 00:17:27,2024-09-01 00:19:43,2024-09-01 00:21:45,2024-09-01 00:36:59,77,180,3.51,914,20.45,0.0,0.6,1.93,0.0,0.0,0.0,13.66,N,N,N,N,N
HV0003,B03404,B03404,2024-09-01 00:33:39,2024-09-01 00:41:23,2024-09-01 00:42:52,2024-09-01 00:56:20,180,28,4.1,808,24.65,0.0,0.69,2.22,0.0,0.0,0.0,13.43,N,N,N,N,N
HV0003,B03404,B03404,2024-09-01 00:02:20,2024-09-01 00:05:56,2024-09-01 00:07:57,2024-09-01 00:32:04,239,174,12.79,1447,33.7,3.18,0.93,3.27,0.75,0.0,6.27,33.15,Y,N,N,N,N
HV0003,B03404,B03404,2024-09-01 00:37:34,2024-09-01 00:40:16,2024-09-01 00:40:58,2024-09-01 00:52:32,31,182,2.73,694,18.69,0.0,0.51,1.65,0.0,0.0,0.0,12.16,N,N,N,N,N
HV0003,B03404,B03404,2024-09-01 00:53:09,2024-09-01 00:56:24,2024-09-01 00:56:40,2024-09-01 01:04:39,182,242,1.55,479,11.61,0.0,0.32,1.03,0.0,0.0,0.0,8.46,N,N,N,N,N
HV0003,B03404,B03404,2024-08-31 23:59:48,2024-09-01 00:05:06,2024-09-01 00:05:24,2024-09-01 00:20:39,188,91,2.8,915,17.53,0.0,0.46,1.51,0.0,0.0,0.0,12.7,N,N,N,N,N
HV0003,B03404,B03404,2024-09-01 00:36:59,2024-09-01 00:39:18,2024-09-01 00:39:40,2024-09-01 00:47:01,91,165,1.34,441,8.04,0.0,0.22,0.71,0.0,0.0,0.0,6.11,N,N,N,N,N
HV0003,B03404,B03404,2024-09-01 00:48:11,2024-09-01 00:53:54,2024-09-01 00:54:51,2024-09-01 01:06:01,91,123,2.24,670,12.64,0.0,0.37,1.19,0.0,0.0,0.0,9.56,N,N,N,N,N
HV0005,B03406,,2024-09-01 00:21:53,,2024-09-01 00:26:13,2024-09-01 00:36:13,91,91,1.468,600,10.96,0.0,0.27,0.87,0.0,0.0,0.0,7.85,N,N,N,N,N
HV0003,B03404,B03404,2024-09-01 00:50:56,2024-09-01 00:52:43,2024-09-01 00:53:26,2024-09-01 00:59:30,246,48,1.35,364,9.99,0.0,0.27,0.89,2.75,0.0,0.0,5.4,N,N,N,N,N
HV0003,B03404,B03404,2024-09-01 00:07:00,2024-09-01 00:10:54,2024-09-01 00:11:34,2024-09-01 00:32:12,168,78,3.44,1238,16.96,0.0,0.47,1.51,0.0,0.0,0.0,16.71,N,N,N,N,N
HV0003,B03404,B03404,2024-09-01 00:44:09,2024-09-01 00:46:58,2024-09-01 00:47:18,2024-09-01 01:04:31,78,51,7.54,1033,34.9,0.0,0.96,3.1,0.0,0.0,0.0,20.29,N,N,N,N,N
HV0003,B03404,B03404,2024-09-01 00:08:36,2024-09-01 00:11:43,2024-09-01 00:13:44,2024-09-01 00:38:40,76,91,4.24,1496,21.57,0.0,0.6,1.91,0.0,0.0,4.81,20.31,N,N,N,N,N
HV0003,B03404,B03404,2024-09-01 00:41:25,2024-09-01 00:46:03,2024-09-01 00:46:35,2024-09-01 01:10:27,91,77,4.77,1432,20.21,0.0,0.59,1.91,0.0,0.0,0.0,20.41,N,N,N,N,N
HV0003,B03404,B03404,2024-09-01 00:34:05,2024-09-01 00:37:23,2024-09-01 00:37:40,2024-09-01 00:46:41,125,209,1.55,541,12.71,0.0,0.35,1.13,2.75,0.0,3.0,7.37,N,N,N,N,N
HV0003,B03404,B03404,2024-09-01 00:47:15,2024-09-01 00:49:03,2024-09-01 00:49:22,2024-09-01 01:08:54,261,162,5.24,1172,23.5,0.0,0.65,2.09,2.75,0.0,0.0,18.52,N,N,N,N,N
HV0003,B03404,B03404,2024-09-01 00:20:10,2024-09-01 00:23:59,2024-09-01 00:24:10,2024-09-01 00:45:06,89,225,4.34,1256,24.33,0.0,0.71,2.29,0.0,0.0,0.0,18.1,N,N,N,N,N
HV0003,B03404,B03404,2024-09-01 00:46:19,2024-09-01 00:48:15,2024-09-01 00:48:41,2024-09-01 01:06:59,225,71,3.43,1098,20.57,0.0,0.57,1.83,0.0,0.0,0.0,15.33,N,N,N,N,N
HV0003,B03404,B03404,2024-09-01 00:19:43,2024-09-01 00:23:22,2024-09-01 00:24:02,2024-09-01 01:06:30,226,265,11.22,2548,47.58,20.0,1.31,0.0,0.0,0.0,0.0,41.9,N,N,N,N,N
HV0003,B03404,B03404,2024-09-01 00:00:16,2024-09-01 00:02:55,2024-09-01 00:03:44,2024-09-01 00:13:16,257,33,4.12,572,17.9,0.0,0.5,1.59,0.0,0.0,0.0,11.16,N,N,N,N,N
HV0003,B03404,B03404,2024-09-01 00:09:56,2024-09-01 00:17:07,2024-09-01 00:18:02,2024-09-01 00:34:22,25,148,2.76,980,13.41,0.0,0.37,1.19,0.75,0.0,0.0,8.96,Y,Y,N,N,N
HV0003,B03404,B03404,2024-09-01 00:09:31,2024-09-01 00:20:39,2024-09-01 00:22:41,2024-09-01 00:32:30,25,148,2.39,589,8.59,0.0,0.21,0.69,0.75,0.0,0.0,4.67,Y,Y,N,N,N
HV0003,B03404,B03404,2024-09-01 00:20:29,2024-09-01 00:24:31,2024-09-01 00:26:31,2024-09-01 00:31:28,256,255,0.89,297,10.17,0.0,0.3,0.96,0.0,0.0,0.0,7.68,N,N,N,N,N
HV0003,B03404,B03404,2024-09-01 00:23:58,2024-09-01 00:34:26,2024-09-01 00:34:26,2024-09-01 01:01:20,255,14,9.62,1614,38.33,0.0,1.06,3.4,0.0,0.0,0.0,32.26,N,N,N,N,N
HV0003,B03404,B03404,2024-09-01 00:07:46,2024-09-01 00:11:32,2024-09-01 00:12:25,2024-09-01 00:26:47,78,168,4.36,862,17.86,0.0,0.49,1.58,0.0,0.0,0.0,14.31,N,N,N,N,N
HV0003,B03404,B03404,2024-09-01 00:26:29,2024-09-01 00:29:52,2024-09-01 00:30:26,2024-09-01 01:02:14,159,50,7.74,1908,19.92,0.0,0.55,1.76,0.75,0.0,0.0,19.09,Y,Y,N,N,N
HV0003,B03404,B03404,2024-09-01 00:34:59,2024-09-01 00:41:04,2024-09-01 00:42:12,2024-09-01 01:02:13,42,50,6.07,1201,19.77,0.0,0.54,1.76,0.75,0.0,0.0,9.97,Y,Y,N,N,N
HV0003,B03404,B03404,2024-09-01 00:07:15,2024-09-01 00:08:41,2024-09-01 00:09:38,2024-09-01 00:30:07,223,130,8.98,1229,28.66,0.0,0.78,2.55,0.0,0.0,6.39,26.84,N,N,N,N,N
HV0003,B03404,B03404,2024-09-01 00:29:35,2024-09-01 00:34:33,2024-09-01 00:35:07,2024-09-01 00:43:19,130,135,2.35,492,11.79,0.0,0.32,1.04,0.0,0.0,0.0,10.67,N,N,N,N,N
HV0003,B03404,B03404,2024-09-01 00:08:34,2024-09-01 00:09:06,2024-09-01 00:11:08,2024-09-01 00:47:14,48,148,8.99,2166,37.77,0.0,1.04,3.35,2.75,0.0,0.0,33.29,N,N,N,N,N
HV0003,B03404,B03404,2024-09-01 00:43:56,2024-09-01 00:51:18,2024-09-01 00:52:10,2024-09-01 01:37:38,79,259,20.49,2728,61.61,0.0,1.69,5.47,2.75,0.0,14.3,57.28,N,N,N,N,N
HV0003,B03404,B03404,2024-09-01 00:18:28,2024-09-01 00:21:44,2024-09-01 00:22:00,2024-09-01 00:52:19,61,22,12.84,1819,52.83,0.0,1.45,4.69,0.0,0.0,0.0,35.14,N,N,N,N,N
HV0003,B03404,B03404,2024-09-01 00:15:01,2024-09-01 00:20:34,2024-09-01 00:21:18,2024-09-01 00:51:38,92,159,11.5,1820,58.53,6.94,1.62,5.81,0.0,0.0,0.0,37.32,N,N,N,N,N
HV0003,B03404,B03404,2024-09-01 00:31:38,2024-09-01 00:36:24,2024-09-01 00:58:15,2024-09-01 01:22:39,223,151,6.44,1464,67.76,6.94,1.86,6.62,0.0,0.0,12.47,50.53,N,N,N,N,N
HV0003,B03404,B03404,2024-09-01 00:40:10,2024-09-01 00:45:00,2024-09-01 00:46:10,2024-09-01 00:57:56,181,89,2.4,706,23.59,0.0,0.65,2.09,0.0,0.0,0.0,11.87,N,N,N,N,N
HV0003,B03404,B03404,2024-08-31 23:58:58,2024-09-01 00:29:13,2024-09-01 00:30:55,2024-09-01 00:40:55,93,92,3.94,600,49.95,0.0,1.38,4.43,0.0,0.0,11.13,32.73,N,N,N,N,N
HV0003,B03404,B03404,2024-08-31 23:59:41,2024-09-01 00:05:27,2024-09-01 00:05:40,2024-09-01 00:08:20,83,83,0.59,160,7.28,0.0,0.19,0.62,0.0,0.0,0.0,5.4,N,N,N,N,N
HV0003,B03404,B03404,2024-09-01 00:06:40,2024-09-01 00:11:59,2024-09-01 00:13:13,2024-09-01 00:34:20,260,36,3.74,1267,23.2,0.0,0.64,2.06,0.0,0.0,2.59,17.4,N,N,N,N,N
HV0003,B03404,B03404,2024-09-01 00:26:08,2024-09-01 00:35:47,2024-09-01 00:36:51,2024-09-01 00:47:28,36,255,2.38,637,20.21,0.0,0.59,1.91,0.0,0.0,0.0,11.43,N,N,N,N,N
HV0003,B03404,B03404,2024-09-01 00:46:34,2024-09-01 00:49:47,2024-09-01 00:50:21,2024-09-01 01:12:15,255,97,3.61,1314,21.4,0.0,0.59,1.9,0.0,0.0,0.0,17.68,N,N,N,N,N
HV0003,B03404,B03404,2024-09-01 00:36:43,2024-09-01 00:43:03,2024-09-01 00:43:04,2024-09-01 00:58:33,255,232,2.22,929,19.13,0.0,0.53,1.71,2.75,0.0,0.0,13.53,N,N,N,N,N
HV0003,B03404,B03404,2024-09-01 00:28:18,2024-09-01 00:30:30,2024-09-01 00:30:50,2024-09-01 00:49:41,37,130,7.49,1131,25.91,0.0,0.71,2.3,0.0,0.0,0.0,21.18,N,N,N,N,N
HV0005,B03406,,2024-09-01 00:01:39,,2024-09-01 00:10:32,2024-09-01 00:21:19,37,157,1.811,647,13.9,0.0,0.26,0.83,0.0,0.0,0.0,8.78,N,N,N,N,N
HV0005,B03406,,2024-09-01 00:15:24,,2024-09-01 00:27:19,2024-09-01 00:49:26,80,34,5.236,1327,21.32,0.0,0.59,1.89,0.0,0.0,0.0,24.08,N,N,N,N,N
HV0005,B03406,,2024-09-01 00:53:15,,2024-09-01 00:59:05,2024-09-01 01:21:26,97,177,3.58,1341,32.58,0.0,0.8,2.57,0.0,0.0,0.0,23.46,N,N,N,N,N
HV0005,B03406,,2024-08-31 23:57:09,,2024-09-01 00:01:18,2024-09-01 00:09:19,42,152,1.118,481,9.02,0.65,0.27,0.86,0.0,0.0,0.0,6.22,N,N,N,N,N
HV0005,B03406,,2024-09-01 00:11:51,,2024-09-01 00:14:59,2024-09-01 00:25:06,41,74,1.138,607,9.33,0.0,0.13,0.43,0.0,0.0,0.0,7.47,N,N,N,N,N
HV0005,B03406,,2024-09-01 00:28:26,,2024-09-01 00:31:46,2024-09-01 00:45:42,75,234,3.831,836,23.33,0.0,0.64,2.06,2.75,0.0,0.0,13.38,N,N,N,N,N
HV0003,B03404,B03404,2024-09-01 00:11:39,2024-09-01 00:16:54,2024-09-01 00:17:18,2024-09-01 00:35:19,23,206,6.45,1081,27.76,0.0,0.76,2.46,0.0,0.0,0.0,19.28,N,N,N,N,N
HV0003,B03404,B03404,2024-09-01 00:32:52,2024-09-01 00:39:14,2024-09-01 00:39:23,2024-09-01 00:53:44,206,251,3.74,861,18.55,0.0,0.51,1.65,0.0,0.0,0.0,13.46,Y,N,N,N,N
HV0003,B03404,B03404,2024-09-01 00:54:56,2024-09-01 00:57:34,2024-09-01 00:57:54,2024-09-01 01:05:32,156,156,1.99,458,10.06,0.0,0.29,0.95,0.0,0.0,0.0,7.16,N,N,N,N,N
HV0005,B03406,,2024-09-01 00:05:51,,2024-09-01 00:06:38,2024-09-01 00:21:38,65,37,2.617,900,15.91,0.0,0.44,1.41,0.0,0.0,0.0,12.34,N,N,N,N,N
HV0005,B03406,,2024-09-01 00:16:22,,2024-09-01 00:33:47,2024-09-01 01:08:28,80,232,4.328,2081,28.96,0.0,0.73,2.37,2.75,0.0,0.0,28.45,N,N,N,N,N
HV0003,B03404,B03404,2024-09-01 00:00:18,2024-09-01 00:07:26,2024-09-01 00:07:41,2024-09-01 00:23:41,255,260,4.34,960,25.07,0.0,0.69,2.22,0.0,0.0,0.0,16.23,N,N,N,N,N
HV0003,B03404,B03404,2024-09-01 00:18:55,2024-09-01 00:23:42,2024-09-01 00:25:21,2024-09-01 00:33:26,260,223,2.54,485,11.38,0.0,0.29,0.96,0.0,0.0,0.0,8.16,Y,N,N,N,N
HV0003,B03404,B03404,2024-09-01 00:33:28,2024-09-01 00:34:14,2024-09-01 00:34:41,2024-09-01 00:44:37,223,260,2.3,596,14.28,0.0,0.41,1.35,0.0,0.0,0.0,8.92,N,N,N,N,N
HV0005,B03406,,2024-09-01 00:16:29,,2024-09-01 00:21:52,2024-09-01 00:43:37,248,28,12.097,1305,33.26,7.04,1.11,3.58,0.0,0.0,0.0,29.24,N,N,N,N,N
HV0005,B03406,,2024-09-01 00:46:07,,2024-09-01 00:53:48,2024-09-01 01:07:19,130,216,3.16,811,17.01,0.0,0.47,1.51,0.0,0.0,0.0,12.22,N,N,N,N,N
HV0003,B03404,B03404,2024-08-31 23:58:48,2024-09-01 00:02:30,2024-09-01 00:02:55,2024-09-01 00:28:41,68,83,8.01,1546,27.4,6.94,0.75,3.05,2.75,0.0,0.0,25.91,N,N,N,N,N
HV0003,B03404,B03404,2024-09-01 00:31:57,2024-09-01 00:34:54,2024-09-01 00:35:20,2024-09-01 00:54:35,260,258,11.57,1155,36.63,0.0,1.01,3.25,0.0,0.0,0.0,26.96,N,N,N,N,N
HV0005,B03406,,2024-08-31 23:52:46,,2024-09-01 00:00:32,2024-09-01 00:10:41,205,215,2.13,609,10.35,0.0,0.29,0.93,0.0,0.0,0.0,8.85,N,N,N,N,N
HV0005,B03406,,2024-09-01 00:53:24,,2024-09-01 00:58:50,2024-09-01 01:04:42,57,56,1.146,352,8.65,0.0,0.24,0.77,0.0,0.0,0.0,5.47,N,N,N,N,N
HV0003,B03404,B03404,2024-09-01 00:27:12,2024-09-01 00:32:09,2024-09-01 00:32:56,2024-09-01 01:11:29,225,91,6.04,2313,27.56,0.0,0.73,2.36,0.0,0.0,0.0,15.33,Y,Y,N,N,N
HV0003,B03404,B03404,2024-09-01 00:34:36,2024-09-01 00:39:37,2024-09-01 00:40:44,2024-09-01 01:05:06,17,71,3.55,1462,14.43,0.0,0.39,1.28,0.0,0.0,0.0,6.33,Y,Y,N,N,N
HV0003,B03404,B03404,2024-09-01 00:33:18,2024-09-01 00:39:37,2024-09-01 00:40:44,2024-09-01 01:19:38,17,89,5.95,2334,14.55,0.0,0.4,1.3,0.0,0.0,0.0,15.43,Y,Y,N,N,N
HV0003,B03404,B03404,2024-09-01 00:02:23,2024-09-01 00:02:46,2024-09-01 00:04:47,2024-09-01 00:13:53,48,68,1.4,546,13.8,0.0,0.38,1.23,2.75,0.0,3.0,8.47,N,N,N,N,N
HV0003,B03404,B03404,2024-09-01 00:15:12,2024-09-01 00:16:41,2024-09-01 00:17:11,2024-09-01 00:31:23,90,231,2.73,852,20.8,0.0,0.57,1.84,2.75,0.0,5.19,12.18,N,N,N,N,N
HV0003,B03404,B03404,2024-09-01 00:27:03,2024-09-01 00:36:21,2024-09-01 00:38:22,2024-09-01 00:51:56,209,68,2.8,814,26.28,0.0,0.72,2.34,2.75,0.0,0.0,12.36,N,N,N,N,N
HV0003,B03404,B03404,2024-09-01 00:51:40,2024-09-01 00:54:25,2024-09-01 00:55:07,2024-09-01 01:06:16,158,48,2.19,669,10.93,0.0,0.3,0.97,2.75,0.0,0.0,9.67,N,N,N,N,N
HV0003,B03404,B03404,2024-09-01 00:11:31,2024-09-01 00:15:36,2024-09-01 00:15:46,2024-09-01 00:22:46,142,239,1.26,420,7.33,0.0,0.2,0.65,0.75,0.0,3.0,5.79,Y,N,N,N,N
HV0003,B03404,B03404,2024-09-01 00:24:36,2024-09-01 00:25:12,2024-09-01 00:27:12,2024-09-01 00:32:32,239,142,1.1,320,7.13,0.0,0.19,0.63,2.75,0.0,0.0,6.43,N,N,N,N,N
HV0003,B03404,B03404,2024-09-01 00:36:38,2024-09-01 00:38:28,2024-09-01 00:39:10,2024-09-01 01:06:53,230,241,12.44,1663,35.52,0.0,0.98,3.14,2.75,0.0,0.0,33.08,N,N,N,N,N
HV0003,B03404,B03404,2024-09-01 00:03:41,2024-09-01 00:09:51,2024-09-01 00:09:52,2024-09-01 00:24:12,112,141,4.36,860,27.09,0.0,0.75,2.4,2.75,0.0,0.0,14.28,N,N,N,N,N
HV0005,B03406,,2024-09-01 00:43:24,,2024-09-01 00:46:04,2024-09-01 00:59:23,229,7,3.799,799,18.83,0.0,0.52,1.67,2.75,0.0,0.0,12.97,N,N,N,N,N
HV0003,B03404,B03404,2024-09-01 00:23:54,2024-09-01 00:26:15,2024-09-01 00:26:29,2024-09-01 00:40:09,125,79,1.64,820,25.32,0.0,0.69,2.25,2.75,0.0,6.2,17.2,N,N,N,N,N
HV0005,B03406,,2024-09-01 00:50:16,,2024-09-01 00:55:04,2024-09-01 01:28:48,114,265,18.036,2024,60.51,20.0,2.21,0.0,0.0,0.0,0.0,48.96,N,N,N,N,N
HV0005,B03406,,2024-09-01 00:01:54,,2024-09-01 00:15:19,2024-09-01 00:59:17,80,265,20.011,2638,81.92,25.13,2.94,0.0,0.0,0.0,27.5,55.39,N,N,N,N,N
HV0003,B03404,B03404,2024-09-01 00:37:17,2024-09-01 00:37:33,2024-09-01 00:39:35,2024-09-01 01:09:13,142,36,8.82,1778,38.24,6.94,1.05,4.01,2.75,0.0,0.0,29.29,N,N,N,N,N
HV0005,B03406,,2024-09-01 00:05:00,,2024-09-01 00:07:39,2024-09-01 00:19:59,48,151,3.317,740,18.85,0.0,0.52,1.67,2.75,0.0,3.57,11.74,N,N,N,N,N
HV0003,B03404,B03404,2024-09-01 00:14:21,2024-09-01 00:15:52,2024-09-01 00:16:11,2024-09-01 00:26:10,231,90,2.06,599,18.68,0.0,0.54,1.76,2.75,0.0,0.0,8.62,N,N,N,N,N
HV0003,B03404,B03404,2024-09-01 00:31:56,2024-09-01 00:36:56,2024-09-01 00:37:38,2024-09-01 00:57:32,90,7,5.55,1194,27.95,0.0,0.77,2.48,2.75,0.0,0.0,19.15,N,N,N,N,N
HV0003,B03404,B03404,2024-09-01 00:07:06,2024-09-01 00:10:34,2024-09-01 00:10:38,2024-09-01 00:18:27,239,163,1.91,469,24.37,0.0,0.67,2.15,2.75,0.0,4.49,14.08,N,N,N,N,N
HV0003,B03404,B03404,2024-09-01 00:35:12,2024-09-01 00:40:34,2024-09-01 00:41:04,2024-09-01 01:18:40,234,265,15.81,2256,65.22,20.0,1.8,0.0,0.0,0.0,17.4,62.55,N,N,N,N,N
HV0005,B03406,,2024-08-31 23:47:33,,2024-09-01 00:00:08,2024-09-01 00:43:09,145,265,31.04,2581,75.99,0.0,2.09,6.74,0.0,0.0,16.96,72.57,N,N,N,N,N
HV0003,B03404,B03404,2024-09-01 00:12:33,2024-09-01 00:16:00,2024-09-01 00:16:17,2024-09-01 00:28:46,239,246,4.22,749,24.42,0.0,0.67,2.16,2.75,0.0,0.0,21.75,N,N,N,N,N
HV0005,B03406,,2024-09-01 00:10:34,,2024-09-01 00:16:43,2024-09-01 00:22:41,76,39,1.175,358,7.15,0.0,0.2,0.64,0.0,0.0,0.0,5.47,N,N,N,N,N
HV0005,B03406,,2024-09-01 00:22:56,,2024-09-01 00:25:00,2024-09-01 00:57:44,39,80,6.905,1964,32.86,0.0,0.9,2.92,0.0,0.0,0.0,28.57,N,N,N,N,N
HV0003,B03404,B03404,2024-09-01 00:29:46,2024-09-01 00:31:05,2024-09-01 00:31:24,2024-09-01 00:49:39,263,83,7.47,1095,26.55,6.94,0.73,2.97,2.75,0.0,0.0,20.8,N,N,N,N,N
HV0003,B03404,B03404,2024-09-01 00:47:14,2024-09-01 00:50:33,2024-09-01 00:50:33,2024-09-01 00:59:13,107,229,1.86,520,14.9,0.0,0.43,1.41,2.75,0.0,0.0,7.88,N,N,N,N,N
HV0003,B03404,B03404,2024-09-01 00:20:24,2024-09-01 00:20:55,2024-09-01 00:22:56,2024-09-01 00:35:35,143,246,2.41,759,15.7,0.0,0.45,1.47,2.75,0.0,0.0,10.66,N,N,N,N,N
HV0003,B03404,B03404,2024-09-01 00:35:04,2024-09-01 00:37:49,2024-09-01 00:37:49,2024-09-01 01:18:16,246,36,8.12,2427,43.95,0.0,1.21,3.9,2.75,0.0,0.0,34.62,N,N,N,N,N
HV0005,B03406,,2024-09-01 00:05:41,,2024-09-01 00:14:23,2024-09-01 00:24:26,148,112,3.492,603,21.4,0.0,0.59,1.9,2.75,0.0,0.0,12.01,N,N,N,N,Y
HV0005,B03406,,2024-09-01 00:20:29,,2024-09-01 00:28:11,2024-09-01 01:01:57,112,188,6.219,2026,47.24,0.0,1.3,4.19,0.0,0.0,0.0,31.49,N,N,N,N,Y
HV0003,B03404,B03404,2024-08-31 23:56:23,2024-09-01 00:02:06,2024-09-01 00:02:57,2024-09-01 00:31:37,91,28,13.24,1720,40.28,0.0,1.11,3.57,0.0,0.0,0.0,40.88,N,N,N,N,Y
HV0003,B03404,B03404,2024-09-01 00:29:56,2024-09-01 00:34:18,2024-09-01 00:34:32,2024-09-01 00:44:34,28,258,2.95,602,13.73,0.0,0.37,1.22,0.0,0.0,0.0,11.9,Y,N,N,N,Y
HV0003,B03404,B03404,2024-09-01 00:45:57,2024-09-01 00:53:26,2024-09-01 00:53:57,2024-09-01 01:02:30,180,216,1.84,513,11.63,0.0,0.32,1.03,0.0,0.0,0.0,9.08,N,N,N,N,Y
HV0005,B03406,,2024-09-01 00:04:21,,2024-09-01 00:10:34,2024-09-01 00:23:56,225,37,1.555,802,10.74,0.0,0.3,0.95,0.0,0.0,0.0,9.94,N,N,N,N,N
HV0005,B03406,,2024-09-01 00:23:24,,2024-09-01 00:30:50,2024-09-01 00:39:51,36,37,1.077,541,11.25,0.0,0.28,0.89,0.0,0.0,2.0,10.07,N,N,N,N,N
HV0005,B03406,,2024-09-01 00:34:40,,2024-09-01 00:44:12,2024-09-01 01:00:53,37,112,2.178,1001,18.47,0.0,0.51,1.64,0.0,0.0,0.0,15.71,N,N,N,N,N
HV0003,B03404,B03404,2024-09-01 00:28:18,2024-09-01 00:41:03,2024-09-01 00:42:07,2024-09-01 01:08:17,93,254,12.77,1570,132.7,6.94,3.65,12.39,0.0,0.0,0.0,82.37,N,N,N,N,N
HV0003,B03404,B03404,2024-09-01 00:23:07,2024-09-01 00:25:25,2024-09-01 00:26:33,2024-09-01 01:02:24,93,61,10.97,2151,105.52,0.0,2.9,9.37,0.0,0.0,0.0,60.35,N,N,N,N,N
HV0005,B03406,,2024-09-01 00:41:57,,2024-09-01 00:43:08,2024-09-01 00:52:39,170,50,1.506,571,14.34,0.0,0.39,1.27,2.75,0.0,0.0,7.62,N,N,N,N,N
HV0003,B03404,B03404,2024-09-01 00:02:46,2024-09-01 00:09:46,2024-09-01 00:09:46,2024-09-01 00:45:00,162,259,14.68,2114,40.47,0.0,1.11,3.59,2.75,0.0,0.0,40.5,N,N,N,N,N
HV0003,B03404,B03404,2024-09-01 00:51:12,2024-09-01 00:55:37,2024-09-01 00:56:46,2024-09-01 01:07:29,259,136,4.65,643,16.11,0.0,0.45,1.42,0.0,0.0,0.0,12.57,N,N,N,N,N
HV0005,B03406,,2024-09-01 00:04:39,,2024-09-01 00:06:04,2024-09-01 00:35:27,181,23,13.857,1763,42.16,13.66,1.54,4.95,0.0,0.0,0.0,36.1,N,N,N,N,N
HV0005,B03406,,2024-09-01 00:42:26,,2024-09-01 00:45:58,2024-09-01 00:49:25,251,187,0.925,207,8.31,0.0,0.15,0.5,0.0,0.0,0.0,5.47,N,N,N,N,N
HV0003,B03404,B03404,2024-08-31 23:50:45,2024-08-31 23:59:51,2024-09-01 00:01:45,2024-09-01 00:17:09,256,225,2.68,924,16.79,0.0,0.49,1.58,0.0,0.0,0.0,14.12,N,N,N,N,N
HV0003,B03404,B03404,2024-09-01 00:18:16,2024-09-01 00:20:43,2024-09-01 00:21:01,2024-09-01 00:42:45,17,45,4.16,1304,16.74,0.0,0.45,1.45,2.75,0.0,0.0,18.33,N,N,N,N,N
HV0003,B03404,B03404,2024-09-01 00:45:02,2024-09-01 00:51:39,2024-09-01 00:53:41,2024-09-01 01:02:28,144,148,0.64,527,16.95,0.0,0.47,1.5,2.75,0.0,0.0,9.1,N,N,N,N,N
HV0003,B03404,B03404,2024-09-01 00:35:11,2024-09-01 00:38:15,2024-09-01 00:38:31,2024-09-01 00:54:56,4,68,3.25,985,27.91,0.0,0.77,2.48,2.75,0.0,5.08,15.24,N,N,N,N,N
HV0003,B03404,B03404,2024-08-31 23:56:56,2024-09-01 00:00:07,2024-09-01 00:00:44,2024-09-01 00:25:47,35,89,4.81,1503,23.9,0.0,0.66,2.12,0.0,0.0,0.0,21.14,N,N,N,N,N
HV0003,B03404,B03404,2024-09-01 00:39:32,2024-09-01 00:42:35,2024-09-01 00:43:30,2024-09-01 01:05:55,254,116,10.44,1345,28.66,0.0,0.79,2.55,0.0,0.0,0.0,27.27,N,N,N,N,N
HV0005,B03406,,2024-08-31 23:54:49,,2024-09-01 00:05:15,2024-09-01 00:17:45,132,216,4.269,750,24.85,0.0,0.59,1.91,0.0,0.0,0.0,13.14,N,N,N,N,N
HV0005,B03406,,2024-09-01 00:05:28,,2024-09-01 00:08:14,2024-09-01 00:16:28,163,141,1.451,494,12.46,0.0,0.34,1.1,2.75,0.0,6.0,6.79,N,N,N,N,N
HV0005,B03406,,2024-09-01 00:31:07,,2024-09-01 00:38:03,2024-09-01 00:46:46,79,234,1.336,523,8.28,0.0,0.23,0.73,2.75,0.0,3.0,6.92,N,N,N,N,N
HV0003,B03404,B03404,2024-09-01 00:26:34,2024-09-01 00:33:14,2024-09-01 00:34:24,2024-09-01 00:38:45,231,231,0.54,261,13.6,0.0,0.4,1.28,2.75,0.0,0.0,6.8,N,N,N,N,N
HV0003,B03404,B03404,2024-09-01 00:46:35,2024-09-01 00:49:58,2024-09-01 00:51:42,2024-09-01 01:17:41,42,34,12.03,1559,31.8,6.94,0.89,3.44,0.0,0.0,0.0,31.51,N,N,N,N,N
HV0005,B03406,,2024-09-01 00:41:36,,2024-09-01 00:45:30,2024-09-01 01:31:50,140,177,9.861,2780,40.62,1.93,1.11,3.58,2.75,0.0,3.0,40.57,N,N,N,N,N
HV0003,B03404,B03404,2024-09-01 00:44:37,2024-09-01 00:46:04,2024-09-01 00:46:36,2024-09-01 00:58:32,234,261,2.59,716,18.96,0.0,0.52,1.68,2.75,0.0,0.0,10.75,N,N,N,N,N
HV0005,B03406,,2024-09-01 00:02:28,,2024-09-01 00:09:06,2024-09-01 00:25:55,249,233,2.699,1009,17.24,0.0,0.47,1.53,2.75,0.0,4.4,13.52,N,N,N,N,N
HV0005,B03406,,2024-09-01 00:41:44,,2024-09-01 00:52:52,2024-09-01 01:00:50,148,79,1.012,478,27.39,0.0,0.75,2.43,2.75,0.0,0.0,20.11,N,N,N,N,N
HV0003,B03404,B03404,2024-09-01 00:40:16,2024-09-01 00:43:05,2024-09-01 00:43:27,2024-09-01 00:47:15,70,129,0.56,228,5.42,0.0,0.15,0.48,0.0,0.0,0.0,5.4,N,N,N,N,N
HV0003,B03404,B03404,2024-09-01 00:46:03,2024-09-01 00:53:37,2024-09-01 00:53:37,2024-09-01 01:01:42,129,260,1.61,485,17.07,0.0,0.47,1.52,0.0,0.0,0.0,7.16,N,N,N,N,N
HV0003,B03404,B03404,2024-09-01 00:07:35,2024-09-01 00:20:31,2024-09-01 00:20:37,2024-09-01 00:46:37,181,75,10.5,1560,34.18,0.0,0.94,3.04,2.75,0.0,0.0,29.44,N,N,N,N,N
HV0003,B03404,B03404,2024-08-31 23:58:25,2024-09-01 00:00:29,2024-09-01 00:02:29,2024-09-01 00:52:36,144,265,23.7,3007,128.84,1.75,3.54,11.59,2.75,0.0,0.0,64.23,N,N,N,N,N
HV0003,B03404,B03404,2024-09-01 00:17:57,2024-09-01 00:19:00,2024-09-01 00:19:09,2024-09-01 00:33:49,166,127,5.27,880,16.76,0.0,0.49,1.58,0.0,0.0,0.0,15.72,N,N,N,N,N
HV0003,B03404,B03404,2024-09-01 00:32:42,2024-09-01 00:35:00,2024-09-01 00:36:19,2024-09-01 01:19:19,243,265,33.79,2580,122.3,0.0,3.37,0.0,0.0,0.0,0.0,80.42,N,N,N,N,N
HV0003,B03404,B03404,2024-09-01 00:31:55,2024-09-01 00:37:21,2024-09-01 00:37:58,2024-09-01 01:17:45,239,87,9.82,2387,70.69,0.0,1.95,6.27,2.75,0.0,0.0,53.19,N,N,N,N,N
HV0003,B03404,B03404,2024-09-01 00:05:35,2024-09-01 00:13:34,2024-09-01 00:14:11,2024-09-01 00:31:42,123,55,1.6,1051,21.4,0.0,0.59,1.9,0.0,0.0,2.38,12.39,N,N,N,N,N
HV0003,B03404,B03404,2024-09-01 00:31:11,2024-09-01 00:36:30,2024-09-01 00:37:04,2024-09-01 01:12:43,55,160,16.21,2139,46.54,0.0,1.28,4.13,0.0,0.0,0.0,42.83,N,N,N,N,N
HV0003,B03404,B03404,2024-09-01 00:02:39,2024-09-01 00:05:01,2024-09-01 00:07:01,2024-09-01 00:20:18,127,42,4.07,797,15.97,0.0,0.44,1.42,0.0,0.0,0.0,13.29,N,N,N,N,N
HV0003,B03404,B03404,2024-09-01 00:19:23,2024-09-01 00:24:13,2024-09-01 00:25:37,2024-09-01 00:50:59,42,125,10.28,1522,36.9,0.0,1.02,3.28,2.75,0.0,0.0,28.77,N,N,N,N,N
HV0003,B03404,B03404,2024-09-01 00:50:04,2024-09-01 00:58:21,2024-09-01 00:58:42,2024-09-01 01:35:34,114,32,14.66,2212,50.39,0.0,1.38,4.47,2.75,0.0,0.0,42.44,N,N,N,N,N
HV0005,B03406,,2024-08-31 23:54:31,,2024-09-01 00:00:26,2024-09-01 00:36:55,116,76,20.451,2189,55.89,6.82,1.72,5.56,0.0,0.0,0.0,57.27,N,N,N,N,Y
HV0005,B03406,,2024-09-01 00:48:08,,2024-09-01 00:55:59,2024-09-01 02:12:09,132,265,43.846,4570,166.89,32.75,5.49,0.0,0.0,2.5,30.0,128.4,N,N,N,N,Y
HV0005,B03406,,2024-09-01 00:34:17,,2024-09-01 00:39:19,2024-09-01 01:00:06,119,135,14.022,1247,40.23,6.86,1.16,3.74,0.0,0.0,0.0,31.3,N,N,N,N,N
HV0003,B03404,B03404,2024-09-01 00:17:31,2024-09-01 00:23:48,2024-09-01 00:24:08,2024-09-01 01:00:46,51,36,16.2,2198,42.45,6.94,1.17,4.39,0.0,0.0,0.0,43.39,N,N,N,N,N
HV0003,B03404,B03404,2024-09-01 00:24:22,2024-09-01 00:29:19,2024-09-01 00:30:00,2024-09-01 00:46:53,80,223,7.02,1013,23.22,0.0,0.64,2.06,0.0,0.0,0.0,19.39,N,N,N,N,N
HV0003,B03404,B03404,2024-09-01 00:46:23,2024-09-01 00:49:31,2024-09-01 00:50:51,2024-09-01 00:59:39,223,7,1.6,528,13.27,0.0,0.39,1.25,0.0,0.0,0.0,7.56,N,N,N,N,N
HV0003,B03404,B03404,2024-09-01 00:16:58,2024-09-01 00:20:04,2024-09-01 00:22:04,2024-09-01 00:29:08,107,79,0.76,424,8.6,0.0,0.25,0.81,2.75,0.0,0.0,6.21,N,N,N,N,Y
HV0003,B03404,B03404,2024-09-01 00:29:47,2024-09-01 00:32:44,2024-09-01 00:33:21,2024-09-01 00:47:03,113,141,3.75,822,18.15,0.0,0.5,1.61,2.75,0.0,0.0,15.11,N,N,N,N,Y
HV0003,B03404,B03404,2024-09-01 00:47:50,2024-09-01 00:48:44,2024-09-01 00:49:42,2024-09-01 01:14:35,140,45,6.78,1493,22.58,0.0,0.62,2.01,2.75,0.0,2.79,26.96,N,N,N,N,Y
HV0005,B03406,,2024-09-01 00:51:02,,2024-09-01 00:56:53,2024-09-01 01:33:14,114,265,6.26,2181,34.07,20.76,1.51,0.0,0.0,0.0,0.0,32.97,N,N,N,N,N
HV0003,B03404,B03404,2024-09-01 00:06:26,2024-09-01 00:12:00,2024-09-01 00:12:09,2024-09-01 00:24:28,228,165,3.38,739,18.79,0.0,0.52,1.67,0.0,0.0,0.0,11.78,N,N,N,N,N
HV0003,B03404,B03404,2024-09-01 00:35:32,2024-09-01 00:42:00,2024-09-01 00:42:11,2024-09-01 00:51:42,165,91,1.8,571,10.98,0.0,0.32,1.03,0.0,0.0,0.0,8.0,N,N,N,N,N
HV0003,B03404,B03404,2024-09-01 00:49:25,2024-09-01 00:56:12,2024-09-01 00:56:36,2024-09-01 01:06:25,91,72,1.85,589,11.62,0.0,0.32,1.03,0.0,0.0,0.0,8.25,N,N,N,N,N
HV0003,B03404,B03404,2024-08-31 23:44:19,2024-09-01 00:23:28,2024-09-01 00:24:11,2024-09-01 00:50:07,93,66,11.24,1556,67.89,0.0,1.87,6.02,0.0,0.0,15.15,49.67,N,N,N,N,N
HV0005,B03406,,2024-09-01 00:14:17,,2024-09-01 00:39:18,2024-09-01 00:50:34,56,70,1.175,676,12.5,0.0,0.34,1.11,0.0,0.0,0.0,12.45,N,N,N,N,N
HV0003,B03404,B03404,2024-08-31 23:58:31,2024-08-31 23:59:37,2024-09-01 00:01:10,2024-09-01 00:22:33,148,25,3.34,1283,35.87,0.0,0.99,3.19,2.75,0.0,0.0,17.53,N,N,N,N,N
HV0003,B03404,B03404,2024-09-01 00:19:45,2024-09-01 00:21:41,2024-09-01 00:22:56,2024-09-01 00:41:25,25,17,3.08,1109,43.8,0.0,1.2,3.89,0.0,0.0,0.0,21.92,N,N,N,N,N
HV0003,B03404,B03404,2024-09-01 00:42:38,2024-09-01 00:47:59,2024-09-01 00:48:39,2024-09-01 01:07:25,17,137,8.15,1126,26.66,6.94,0.78,3.13,2.75,0.0,0.0,22.02,N,N,N,N,N
HV0003,B03404,B03404,2024-09-01 00:19:57,2024-09-01 00:29:23,2024-09-01 00:29:57,2024-09-01 00:48:31,226,148,5.77,1114,23.04,0.0,0.63,2.05,0.75,0.0,0.0,18.68,Y,N,N,N,N
HV0003,B03404,B03404,2024-09-01 00:55:37,2024-09-01 00:59:31,2024-09-01 00:59:47,2024-09-01 02:04:26,148,208,14.25,3879,72.34,0.0,2.11,6.83,2.75,0.0,0.0,57.07,N,N,N,N,N
HV0003,B03404,B03404,2024-09-01 00:38:09,2024-09-01 00:40:40,2024-09-01 00:41:01,2024-09-01 00:44:31,90,68,0.68,210,8.54,0.0,0.22,0.72,2.75,0.0,0.0,6.88,N,N,N,N,N
HV0003,B03404,B03404,2024-09-01 00:47:07,2024-09-01 00:49:16,2024-09-01 00:50:42,2024-09-01 01:06:30,158,87,2.72,948,21.67,0.0,0.59,1.92,2.75,0.0,0.0,12.91,N,N,N,N,N
HV0005,B03406,,2024-09-01 00:05:23,,2024-09-01 00:11:12,2024-09-01 00:19:51,209,79,2.857,519,14.55,0.0,0.4,1.29,2.75,0.0,0.0,8.96,N,N,N,N,N
HV0005,B03406,,2024-09-01 00:19:13,,2024-09-01 00:24:30,2024-09-01 00:33:50,79,113,1.409,560,10.07,0.0,0.28,0.89,2.75,0.0,0.0,7.38,N,N,N,N,N
HV0005,B03406,,2024-08-31 23:47:17,,2024-09-01 00:03:10,2024-09-01 00:27:42,261,228,6.815,1472,24.66,4.94,0.81,2.63,2.75,0.0,7.16,23.65,N,N,N,N,N
HV0003,B03404,B03404,2024-09-01 00:16:00,2024-09-01 00:18:27,2024-09-01 00:18:55,2024-09-01 00:28:15,32,242,1.67,560,11.81,0.0,0.32,1.05,0.0,0.0,0.0,7.71,N,N,N,N,N
HV0003,B03404,B03404,2024-09-01 00:31:06,2024-09-01 00:32:35,2024-09-01 00:34:35,2024-09-01 00:51:30,242,136,3.38,1015,22.44,0.0,0.62,1.99,0.0,0.0,0.0,14.46,N,N,N,N,N
HV0003,B03404,B03404,2024-09-01 00:15:13,2024-09-01 00:22:22,2024-09-01 00:23:01,2024-09-01 00:33:43,37,17,1.65,642,16.07,0.0,0.44,1.43,0.0,0.0,0.0,9.48,N,N,N,N,N
HV0005,B03406,,2024-09-01 00:34:00,,2024-09-01 00:37:48,2024-09-01 00:51:34,37,157,1.985,826,13.31,0.0,0.33,1.05,0.0,0.0,0.0,13.26,N,N,N,N,N
HV0005,B03406,,2024-09-01 00:53:45,,2024-09-01 00:59:28,2024-09-01 01:11:54,80,112,2.939,746,17.91,0.0,0.49,1.59,0.0,0.0,0.0,11.29,N,N,N,N,N
HV0005,B03406,,2024-09-01 00:42:14,,2024-09-01 00:43:37,2024-09-01 00:58:21,48,113,3.019,884,20.17,0.0,0.55,1.79,2.75,0.0,0.0,12.73,N,N,N,N,N
HV0003,B03404,B03404,2024-09-01 00:06:44,2024-09-01 00:09:40,2024-09-01 00:09:47,2024-09-01 00:18:18,174,182,4.14,511,14.32,0.0,0.4,1.27,0.0,0.0,0.0,10.6,N,N,N,N,N
HV0003,B03404,B03404,2024-09-01 00:44:46,2024-09-01 00:48:38,2024-09-01 00:50:33,2024-09-01 01:12:01,159,83,8.18,1288,25.68,6.94,0.72,2.93,0.0,0.0,0.0,23.64,N,N,N,N,N
HV0005,B03406,,2024-09-01 00:01:34,,2024-09-01 00:10:00,2024-09-01 00:23:16,161,48,1.288,796,13.35,0.0,0.21,0.68,2.75,0.0,0.0,9.52,N,N,N,N,N
HV0005,B03406,,2024-09-01 00:24:56,,2024-09-01 00:32:31,2024-09-01 00:42:40,48,234,1.831,609,13.36,0.0,0.37,1.19,2.75,0.0,0.0,8.44,N,N,N,N,N
HV0005,B03406,,2024-09-01 00:37:03,,2024-09-01 00:43:35,2024-09-01 01:00:14,234,239,3.317,999,21.71,0.0,0.6,1.93,2.75,0.0,4.05,14.27,N,N,N,N,N
HV0005,B03406,,2024-09-01 00:36:44,,2024-09-01 00:42:07,2024-09-01 01:04:11,76,62,4.092,1324,22.35,0.0,0.61,1.98,0.0,0.0,0.0,20.07,N,N,N,N,Y
HV0003,B03404,B03404,2024-08-31 23:46:17,2024-09-01 00:05:12,2024-09-01 00:06:34,2024-09-01 00:43:33,132,256,16.28,2219,43.08,0.0,1.33,4.29,0.0,2.5,0.0,50.46,N,N,N,N,N
HV0003,B03404,B03404,2024-09-01 00:50:23,2024-09-01 00:52:13,2024-09-01 00:52:25,2024-09-01 01:18:05,256,181,4.09,1540,32.25,0.0,0.89,2.86,0.0,0.0,0.0,22.66,N,N,N,N,N
HV0003,B03404,B03404,2024-09-01 00:15:37,2024-09-01 00:21:20,2024-09-01 00:21:44,2024-09-01 00:38:44,40,229,8.31,1020,52.05,0.0,1.43,4.62,2.75,0.0,0.0,36.32,N,N,N,N,N
HV0003,B03404,B03404,2024-09-01 00:11:16,2024-09-01 00:12:44,2024-09-01 00:12:56,2024-09-01 00:44:04,144,89,8.52,1868,23.17,0.0,0.64,2.06,0.75,0.0,4.2,14.87,Y,Y,N,N,N
HV0003,B03404,B03404,2024-09-01 00:04:12,2024-09-01 00:09:58,2024-09-01 00:11:23,2024-09-01 00:14:05,79,79,0.4,162,9.15,0.0,0.25,0.81,2.75,0.0,0.0,5.38,N,N,N,N,N
HV0003,B03404,B03404,2024-09-01 00:13:39,2024-09-01 00:15:42,2024-09-01 00:16:10,2024-09-01 00:31:16,79,87,2.14,906,21.2,0.0,0.62,2.0,2.75,0.0,0.0,11.71,N,N,N,N,N
HV0003,B03404,B03404,2024-09-01 00:28:42,2024-09-01 00:34:34,2024-09-01 00:36:35,2024-09-01 01:03:51,209,225,5.75,1636,31.75,0.0,0.87,2.82,2.75,0.0,0.0,23.72,N,N,N,N,N
HV0003,B03404,B03404,2024-08-31 23:57:27,2024-09-01 00:01:31,2024-09-01 00:02:03,2024-09-01 00:27:31,164,265,6.88,1528,40.8,20.0,1.12,0.0,0.0,0.0,0.0,26.09,N,N,N,N,N
HV0003,B03404,B03404,2024-09-01 00:41:00,2024-09-01 00:43:47,2024-09-01 00:44:30,2024-09-01 01:05:15,231,265,5.08,1245,26.5,20.0,0.78,0.0,0.0,0.0,0.0,20.89,N,N,N,N,N
HV0003,B03404,B03404,2024-09-01 00:18:32,2024-09-01 00:20:03,2024-09-01 00:20:17,2024-09-01 00:29:14,7,223,1.98,537,13.4,0.0,0.37,1.19,0.0,0.0,0.0,9.16,N,N,N,N,N
HV0003,B03404,B03404,2024-09-01 00:28:43,2024-09-01 00:29:59,2024-09-01 00:30:02,2024-09-01 00:37:57,223,223,1.59,475,10.03,0.0,0.29,0.95,0.0,0.0,0.0,6.78,N,N,N,N,N
HV0003,B03404,B03404,2024-09-01 00:52:21,2024-09-01 00:54:19,2024-09-01 00:54:54,2024-09-01 01:00:45,223,7,1.01,351,9.42,0.0,0.26,0.84,0.0,0.0,0.0,5.39,N,N,N,N,N
HV0003,B03404,B03404,2024-09-01 00:17:03,2024-09-01 00:18:13,2024-09-01 00:20:14,2024-09-01 00:40:51,94,244,4.02,1237,18.39,0.0,0.51,1.64,0.0,0.0,0.0,17.49,N,N,N,N,N
HV0003,B03404,B03404,2024-09-01 00:44:19,2024-09-01 00:46:45,2024-09-01 00:47:25,2024-09-01 00:55:25,116,69,1.2,480,9.26,0.0,0.27,0.88,0.0,0.0,0.0,6.29,N,N,N,N,N
HV0003,B03404,B03404,2024-08-31 23:56:00,2024-08-31 23:59:43,2024-09-01 00:00:15,2024-09-01 00:37:55,114,177,7.18,2260,32.22,0.0,0.94,3.04,2.75,0.0,0.0,31.72,N,N,N,N,N
HV0003,B03404,B03404,2024-08-31 23:58:49,2024-09-01 00:00:47,2024-09-01 00:02:08,2024-09-01 00:14:21,72,39,2.08,733,10.65,0.0,0.29,0.95,0.0,0.0,0.0,11.15,N,N,N,N,Y
HV0003,B03404,B03404,2024-09-01 00:12:11,2024-09-01 00:16:39,2024-09-01 00:17:00,2024-09-01 00:41:47,39,218,9.88,1487,33.97,0.0,0.94,3.01,0.0,0.0,0.0,32.21,N,N,N,N,Y
HV0003,B03404,B03404,2024-09-01 00:49:24,2024-09-01 00:54:03,2024-09-01 00:54:19,2024-09-01 01:06:13,10,38,2.63,714,11.63,0.0,0.32,1.03,0.0,0.0,0.0,11.94,N,N,N,N,Y
HV0003,B03404,B03404,2024-09-01 00:39:44,2024-09-01 00:41:26,2024-09-01 00:42:01,2024-09-01 00:50:26,49,61,1.54,505,15.14,0.0,0.41,1.35,0.0,0.0,0.0,7.0,N,N,N,N,N
HV0003,B03404,B03404,2024-09-01 00:45:52,2024-09-01 00:58:31,2024-09-01 00:58:31,2024-09-01 01:09:54,181,89,1.92,683,12.87,0.0,0.37,1.21,0.0,0.0,0.0,11.49,N,N,N,N,N
HV0003,B03404,B03404,2024-09-01 00:15:16,2024-09-01 00:17:17,2024-09-01 00:17:43,2024-09-01 00:28:30,137,146,3.23,647,18.13,0.0,0.5,1.61,2.75,0.0,0.0,10.67,N,N,N,N,N
HV0003,B03404,B03404,2024-09-01 00:30:38,2024-09-01 00:32:33,2024-09-01 00:34:33,2024-09-01 01:03:50,145,186,5.88,1757,21.88,0.0,0.6,1.94,2.75,0.0,0.0,25.07,N,N,N,N,N
HV0005,B03406,,2024-08-31 23:58:30,,2024-09-01 00:00:23,2024-09-01 00:22:05,25,85,3.488,1302,21.17,0.0,0.52,1.69,0.0,0.0,0.0,17.46,N,N,N,N,N
HV0005,B03406,,2024-09-01 00:30:17,,2024-09-01 00:34:32,2024-09-01 00:39:53,62,61,1.0,321,8.65,0.0,0.24,0.77,0.0,0.0,0.0,5.47,N,N,N,N,N
HV0005,B03406,,2024-09-01 00:39:42,,2024-09-01 00:46:37,2024-09-01 01:08:37,61,157,4.478,1320,27.12,0.0,0.66,2.14,0.0,0.0,0.0,21.98,N,N,N,N,N
HV0003,B03404,B03404,2024-08-31 23:57:12,2024-09-01 00:04:48,2024-09-01 00:04:48,2024-09-01 00:23:31,148,170,3.69,1123,19.14,0.0,0.54,1.72,2.75,0.0,0.0,18.58,N,N,N,N,Y
HV0003,B03404,B03404,2024-09-01 00:26:11,2024-09-01 00:29:19,2024-09-01 00:30:43,2024-09-01 00:36:28,164,230,1.32,345,10.05,0.0,0.27,0.89,2.75,0.0,0.0,7.1,N,N,N,N,Y
HV0003,B03404,B03404,2024-09-01 00:39:16,2024-09-01 00:40:03,2024-09-01 00:42:05,2024-09-01 00:54:30,161,246,2.18,745,20.79,0.0,0.57,1.84,2.75,0.0,0.0,12.26,N,N,N,N,Y
HV0003,B03404,B03404,2024-09-01 00:52:57,2024-09-01 00:54:23,2024-09-01 00:55:06,2024-09-01 01:07:41,246,261,3.44,755,21.68,0.0,0.6,1.93,2.75,0.0,0.0,14.56,N,N,N,N,Y
HV0005,B03406,,2024-09-01 00:20:53,,2024-09-01 00:25:11,2024-09-01 00:52:46,246,66,4.988,1655,29.78,0.0,0.82,2.64,2.75,0.0,0.0,24.87,N,N,N,N,Y
HV0005,B03406,,2024-09-01 00:54:48,,2024-09-01 00:58:23,2024-09-01 01:15:44,66,181,4.095,1041,21.91,0.0,0.47,1.52,0.0,0.0,5.98,18.23,N,N,N,N,Y
HV0003,B03404,B03404,2024-09-01 00:23:29,2024-09-01 00:27:52,2024-09-01 00:28:03,2024-09-01 00:36:11,114,231,1.36,488,11.86,0.0,0.32,1.06,2.75,0.0,0.0,6.59,N,N,N,N,N
HV0003,B03404,B03404,2024-09-01 00:45:14,2024-09-01 00:47:52,2024-09-01 00:48:13,2024-09-01 00:57:13,66,65,1.09,540,10.71,0.0,0.29,0.95,0.0,0.0,0.0,6.73,N,N,N,N,N
HV0003,B03404,B03404,2024-09-01 00:55:33,2024-09-01 00:58:28,2024-09-01 00:59:31,2024-09-01 01:08:26,65,54,2.4,535,13.73,0.0,0.37,1.22,0.0,0.0,0.0,8.46,N,N,N,N,N
HV0003,B03404,B03404,2024-09-01 00:01:32,2024-09-01 00:07:48,2024-09-01 00:09:38,2024-09-01 00:19:34,86,265,2.36,596,14.18,0.0,0.39,1.26,0.0,0.0,0.0,9.78,N,N,N,N,N
HV0003,B03404,B03404,2024-09-01 00:28:59,2024-09-01 00:32:44,2024-09-01 00:34:46,2024-09-01 00:41:47,86,265,1.97,421,16.42,0.0,0.45,1.46,0.0,0.0,0.0,7.8,N,N,N,N,N
HV0003,B03404,B03404,2024-09-01 00:45:41,2024-09-01 00:54:04,2024-09-01 00:54:40,2024-09-01 01:11:23,148,80,4.63,1003,34.4,0.0,0.99,3.18,2.75,0.0,0.0,17.89,N,N,N,N,N
HV0005,B03406,,2024-09-01 00:16:06,,2024-09-01 00:21:02,2024-09-01 00:27:04,61,61,1.385,362,10.82,0.0,0.23,0.75,0.0,0.0,0.0,5.47,N,N,N,N,N
HV0005,B03406,,2024-09-01 00:25:35,,2024-09-01 00:37:42,2024-09-01 00:44:51,36,157,1.232,429,9.93,0.0,0.2,0.64,0.0,0.0,0.0,5.86,N,N,N,N,N
HV0005,B03406,,2024-09-01 00:26:58,,2024-09-01 00:49:25,2024-09-01 01:09:37,36,188,4.204,1212,35.54,0.0,0.98,3.16,0.0,0.0,0.0,17.56,N,N,N,N,N
HV0005,B03406,,2024-09-01 00:06:58,,2024-09-01 00:10:25,2024-09-01 00:28:47,206,251,4.026,1102,19.44,0.0,0.53,1.72,0.0,0.0,0.0,16.24,N,N,N,N,N
HV0005,B03406,,2024-09-01 00:39:57,,2024-09-01 00:46:46,2024-09-01 00:56:32,251,221,3.024,586,17.82,0.0,0.24,0.78,0.0,0.0,2.83,11.19,N,N,N,N,N
HV0003,B03404,B03404,2024-09-01 00:27:34,2024-09-01 00:30:47,2024-09-01 00:30:54,2024-09-01 00:41:23,168,179,3.68,629,13.13,6.94,0.38,1.78,0.0,0.0,0.0,14.23,N,N,N,N,N
HV0003,B03404,B03404,2024-09-01 00:40:59,2024-09-01 00:43:03,2024-09-01 00:44:21,2024-09-01 01:00:25,7,83,3.99,964,23.18,0.0,0.64,2.06,0.0,0.0,0.0,17.76,N,N,N,N,N
HV0003,B03404,B03404,2024-09-01 00:08:32,2024-09-01 00:13:18,2024-09-01 00:15:19,2024-09-01 00:21:23,127,136,0.9,364,11.12,0.0,0.31,1.0,0.0,0.0,0.0,5.42,N,N,N,N,N
HV0003,B03404,B03404,2024-09-01 00:22:35,2024-09-01 00:25:10,2024-09-01 00:25:31,2024-09-01 00:39:56,18,259,4.2,865,20.15,0.0,0.59,1.9,0.0,0.0,0.0,14.12,N,N,N,N,N
HV0003,B03404,B03404,2024-09-01 00:40:39,2024-09-01 00:42:30,2024-09-01 00:44:30,2024-09-01 00:59:44,259,241,3.98,914,15.3,0.0,0.42,1.36,0.0,0.0,0.0,14.3,N,N,N,N,N
HV0005,B03406,,2024-08-31 23:58:10,,2024-09-01 00:01:24,2024-09-01 00:19:57,89,61,3.588,1113,23.78,0.0,0.65,2.11,0.0,0.0,0.0,15.75,N,N,N,N,N
HV0005,B03406,,2024-09-01 00:14:23,,2024-09-01 00:22:25,2024-09-01 00:39:52,61,37,2.727,1047,22.28,0.0,0.61,1.98,0.0,0.0,0.0,14.52,N,N,N,N,N
HV0005,B03406,,2024-09-01 00:36:01,,2024-09-01 00:45:16,2024-09-01 00:57:59,37,256,2.356,763,14.3,0.0,0.4,1.29,0.0,0.0,0.0,13.16,N,N,N,N,N
HV0003,B03404,B03404,2024-09-01 00:24:37,2024-09-01 00:28:31,2024-09-01 00:30:54,2024-09-01 01:11:59,232,197,11.52,2465,30.75,0.0,0.84,2.73,2.75,0.0,0.0,39.63,N,N,N,N,N
HV0003,B03404,B03404,2024-08-31 23:54:57,2024-09-01 00:01:32,2024-09-01 00:02:01,2024-09-01 00:38:31,36,181,4.35,2190,28.31,0.0,0.78,2.52,0.0,0.0,0.0,28.45,N,N,N,N,N
HV0003,B03404,B03404,2024-09-01 00:33:10,2024-09-01 00:39:47,2024-09-01 00:41:47,2024-09-01 01:16:30,181,72,5.49,2083,48.13,0.0,1.41,4.54,0.0,0.0,0.0,31.35,N,N,N,N,N
HV0005,B03406,,2024-08-31 23:58:23,,2024-09-01 00:01:41,2024-09-01 00:20:36,135,139,9.183,1135,43.89,0.0,1.21,3.89,0.0,0.0,7.35,26.6,N,N,N,N,N
HV0005,B03406,,2024-09-01 00:18:15,,2024-09-01 00:23:49,2024-09-01 00:41:22,139,130,7.267,1053,26.6,0.0,0.73,2.36,0.0,0.0,0.0,20.19,N,N,N,N,N
HV0005,B03406,,2024-09-01 00:41:43,,2024-09-01 00:45:01,2024-09-01 00:48:47,28,28,1.239,226,8.05,0.0,0.22,0.72,0.0,0.0,0.0,5.47,N,N,N,N,N
HV0005,B03406,,2024-09-01 00:47:58,,2024-09-01 00:54:11,2024-09-01 01:10:57,134,131,3.362,1006,19.52,0.0,0.54,1.73,0.0,0.0,0.0,14.4,N,N,N,N,N
HV0003,B03404,B03404,2024-09-01 00:51:49,2024-09-01 00:55:25,2024-09-01 00:55:50,2024-09-01 01:23:12,63,7,12.9,1642,45.43,0.0,1.25,4.03,0.0,0.0,0.0,33.5,N,N,N,N,N
HV0003,B03404,B03404,2024-09-01 00:11:14,2024-09-01 00:38:39,2024-09-01 00:39:22,2024-09-01 01:15:36,93,68,17.55,2174,157.52,6.94,4.33,14.59,2.75,0.0,0.0,78.61,N,N,N,N,N
HV0003,B03404,B03404,2024-08-31 23:59:05,2024-09-01 00:02:07,2024-09-01 00:04:07,2024-09-01 00:15:21,245,115,1.98,674,16.66,0.0,0.45,1.48,0.0,0.0,0.0,9.4,N,N,N,N,N
HV0003,B03404,B03404,2024-09-01 00:15:00,2024-09-01 00:20:23,2024-09-01 00:20:28,2024-09-01 00:38:42,115,22,6.98,1094,24.22,0.0,0.66,2.15,0.0,0.0,0.0,22.37,N,N,N,N,N
HV0003,B03404,B03404,2024-09-01 00:41:47,2024-09-01 00:42:55,2024-09-01 00:44:55,2024-09-01 01:23:36,22,265,25.33,2321,70.05,0.0,1.92,6.21,0.0,0.0,0.0,58.28,N,N,N,N,N
HV0005,B03406,,2024-09-01 00:05:02,,2024-09-01 00:12:43,2024-09-01 00:20:33,247,119,1.498,470,10.99,0.0,0.24,0.76,0.0,0.0,0.0,6.63,N,N,N,N,N
HV0005,B03406,,2024-09-01 00:21:36,,2024-09-01 00:25:42,2024-09-01 00:36:15,235,244,1.69,633,13.64,0.0,0.3,0.97,0.0,0.0,0.0,8.47,N,N,N,N,N
HV0005,B03406,,2024-09-01 00:35:23,,2024-09-01 00:38:26,2024-09-01 00:54:40,244,265,5.257,974,21.57,20.27,1.15,0.0,0.0,0.0,0.0,18.25,N,N,N,N,N
HV0003,B03404,B03404,2024-09-01 00:12:18,2024-09-01 00:13:47,2024-09-01 00:14:06,2024-09-01 01:04:31,238,62,13.76,3025,44.78,0.0,1.31,4.22,2.75,0.0,0.0,48.1,N,N,N,N,N
HV0003,B03404,B03404,2024-09-01 00:16:13,2024-09-01 00:19:07,2024-09-01 00:19:19,2024-09-01 00:35:35,69,127,4.82,976,21.43,0.0,0.59,1.91,0.0,0.0,0.0,16.05,N,N,N,N,N
HV0003,B03404,B03404,2024-09-01 00:38:49,2024-09-01 00:41:11,2024-09-01 00:41:12,2024-09-01 00:52:44,127,220,2.24,692,14.29,0.0,0.39,1.27,0.0,0.0,0.0,9.77,N,N,N,N,N
HV0003,B03404,B03404,2024-09-01 00:04:40,2024-09-01 00:16:24,2024-09-01 00:16:24,2024-09-01 00:24:15,41,42,1.36,471,8.33,0.0,0.23,0.74,0.0,0.0,0.0,6.43,Y,N,N,N,N
HV0003,B03404,B03404,2024-08-31 23:59:30,2024-09-01 00:01:37,2024-09-01 00:03:38,2024-09-01 00:14:33,188,89,2.08,655,15.14,0.0,0.44,1.43,0.0,0.0,0.0,9.2,N,N,N,N,N
HV0003,B03404,B03404,2024-08-31 23:51:41,2024-09-01 00:00:53,2024-09-01 00:00:53,2024-09-01 00:12:07,148,87,1.76,674,15.79,0.0,0.43,1.38,2.75,0.0,0.0,8.94,N,N,N,N,N
HV0003,B03404,B03404,2024-08-31 23:57:19,2024-09-01 00:00:14,2024-09-01 00:01:24,2024-09-01 00:08:33,28,197,1.45,429,9.4,0.0,0.26,0.84,0.0,0.0,0.0,15.64,Y,N,N,N,N
HV0003,B03404,B03404,2024-09-01 00:13:04,2024-09-01 00:14:40,2024-09-01 00:15:29,2024-09-01 00:35:52,166,48,4.99,1223,33.31,0.0,0.92,2.96,2.75,0.0,0.0,18.67,N,N,N,N,N
HV0003,B03404,B03404,2024-09-01 00:48:04,2024-09-01 00:53:52,2024-09-01 00:55:53,2024-09-01 01:10:09,164,265,3.72,856,28.43,20.0,0.79,0.0,0.0,0.0,0.0,15.68,N,N,N,N,N
HV0003,B03404,B03404,2024-09-01 00:19:38,2024-09-01 00:22:50,2024-09-01 00:23:24,2024-09-01 00:42:58,164,224,2.9,1174,13.67,0.0,0.4,1.3,2.75,0.0,0.0,15.35,N,N,N,N,N
HV0003,B03404,B03404,2024-09-01 00:43:55,2024-09-01 00:46:50,2024-09-01 00:47:38,2024-09-01 01:04:57,4,246,2.77,1039,22.55,0.0,0.62,2.01,2.75,0.0,0.0,13.87,N,N,N,N,N
HV0003,B03404,B03404,2024-09-01 00:49:50,2024-09-01 00:54:12,2024-09-01 00:55:03,2024-09-01 01:02:37,74,179,3.37,454,12.13,6.94,0.36,1.76,0.0,0.0,0.0,8.99,N,N,N,N,N
HV0003,B03404,B03404,2024-09-01 00:09:01,2024-09-01 00:11:37,2024-09-01 00:13:47,2024-09-01 00:27:44,243,169,3.39,837,23.57,0.0,0.65,2.09,0.0,0.0,0.0,13.29,N,N,N,N,N
HV0003,B03404,B03404,2024-09-01 00:29:18,2024-09-01 00:32:09,2024-09-01 00:34:09,2024-09-01 00:48:26,47,119,2.26,857,14.44,0.0,0.39,1.28,0.0,0.0,0.0,11.4,N,N,N,N,N
HV0003,B03404,B03404,2024-09-01 00:53:14,2024-09-01 00:55:41,2024-09-01 00:57:03,2024-09-01 01:04:13,247,69,0.93,430,8.9,0.0,0.24,0.79,0.0,0.0,0.0,5.44,N,N,N,N,N
HV0003,B03404,B03404,2024-09-01 00:02:30,2024-09-01 00:02:41,2024-09-01 00:04:41,2024-09-01 00:25:23,65,80,4.78,1242,15.54,0.0,0.44,1.4,0.0,0.0,0.0,18.57,N,N,N,N,N
HV0003,B03404,B03404,2024-09-01 00:17:12,2024-09-01 00:25:36,2024-09-01 00:26:32,2024-09-01 00:48:59,80,65,4.25,1347,62.43,0.0,1.72,5.53,0.0,0.0,0.0,31.24,N,N,N,N,N
HV0003,B03404,B03404,2024-09-01 00:46:16,2024-09-01 00:48:56,2024-09-01 00:49:59,2024-09-01 01:08:54,65,65,1.68,1135,21.29,0.0,0.58,1.89,0.0,0.0,7.0,13.59,N,N,N,N,N
HV0003,B03404,B03404,2024-09-01 00:01:02,2024-09-01 00:05:35,2024-09-01 00:07:36,2024-09-01 00:19:33,242,250,1.42,717,14.99,0.0,0.41,1.33,0.0,0.0,0.0,9.13,N,N,N,N,N
HV0003,B03404,B03404,2024-09-01 00:39:03,2024-09-01 00:43:39,2024-09-01 00:45:16,2024-09-01 00:56:12,242,250,1.85,656,11.94,0.0,0.33,1.09,0.0,0.0,0.0,9.06,N,N,N,N,N
HV0003,B03404,B03404,2024-09-01 00:16:06,2024-09-01 00:20:38,2024-09-01 00:22:27,2024-09-01 00:30:36,216,216,1.89,489,10.71,0.0,0.29,0.95,0.0,0.0,3.0,7.32,N,N,N,N,N
HV0003,B03404,B03404,2024-09-01 00:32:48,2024-09-01 00:34:50,2024-09-01 00:35:07,2024-09-01 01:19:51,216,265,28.87,2684,100.01,26.94,2.75,0.0,0.0,0.0,0.0,70.34,N,N,N,N,N
HV0003,B03404,B03404,2024-09-01 00:53:38,2024-09-01 00:55:44,2024-09-01 00:56:22,2024-09-01 01:22:21,125,7,7.14,1559,46.11,0.0,1.32,4.28,2.75,0.0,0.0,36.29,N,N,N,N,N
HV0003,B03404,B03404,2024-09-01 00:01:09,2024-09-01 00:02:28,2024-09-01 00:03:03,2024-09-01 00:11:49,128,265,4.55,526,15.92,0.0,0.44,1.41,0.0,0.0,0.0,11.84,N,N,N,N,N
HV0003,B03404,B03404,2024-09-01 00:34:06,2024-09-01 00:34:56,2024-09-01 00:35:59,2024-09-01 00:50:29,259,168,8.38,870,24.11,0.0,0.66,2.14,0.0,0.0,0.0,19.85,N,N,N,N,N
HV0003,B03404,B03404,2024-09-01 00:50:41,2024-09-01 00:52:32,2024-09-01 00:54:32,2024-09-01 01:06:00,147,74,3.02,688,15.72,0.0,0.43,1.4,0.0,0.0,0.0,10.79,N,N,N,N,N
HV0003,B03404,B03404,2024-09-01 00:05:06,2024-09-01 00:08:09,2024-09-01 00:10:10,2024-09-01 00:17:48,78,78,1.17,458,12.57,0.0,0.34,1.12,0.0,0.0,0.0,7.12,N,N,N,N,N
HV0003,B03404,B03404,2024-09-01 00:25:08,2024-09-01 00:26:37,2024-09-01 00:28:39,2024-09-01 00:50:06,167,254,5.55,1287,25.18,0.0,0.69,2.23,0.0,0.0,0.0,20.06,N,N,N,N,N
HV0003,B03404,B03404,2024-09-01 00:55:13,2024-09-01 00:57:37,2024-09-01 00:57:37,2024-09-01 01:09:36,174,3,2.14,719,13.41,0.0,0.37,1.19,0.0,0.0,0.0,9.89,N,N,N,N,N
HV0003,B03404,B03404,2024-08-31 23:58:12,2024-08-31 23:59:42,2024-09-01 00:01:42,2024-09-01 00:27:04,129,182,9.36,1522,31.73,6.94,0.88,3.44,0.0,0.0,0.0,30.96,N,N,N,N,N
HV0003,B03404,B03404,2024-09-01 00:47:19,2024-09-01 00:52:34,2024-09-01 00:53:24,2024-09-01 01:15:09,82,180,5.99,1305,29.47,0.0,0.81,2.61,0.0,0.0,0.0,25.27,N,N,N,N,N
HV0003,B03404,B03404,2024-08-31 23:53:06,2024-09-01 00:01:24,2024-09-01 00:02:13,2024-09-01 00:15:32,130,134,4.52,799,19.77,0.0,0.55,1.75,0.0,0.0,0.0,13.92,N,N,N,N,N
HV0003,B03404,B03404,2024-09-01 00:10:37,2024-09-01 00:18:44,2024-09-01 00:19:11,2024-09-01 00:49:36,134,188,8.66,1825,34.87,0.0,0.95,3.09,0.0,0.0,0.0,31.26,N,N,N,N,N
HV0003,B03404,B03404,2024-09-01 00:53:17,2024-09-01 00:58:16,2024-09-01 00:59:07,2024-09-01 01:29:50,189,72,4.62,1843,36.73,0.0,1.01,3.25,0.0,0.0,0.0,27.19,N,N,N,N,N
HV0005,B03406,,2024-09-01 00:10:59,,2024-09-01 00:21:13,2024-09-01 00:28:52,255,256,1.066,459,17.18,0.0,0.42,1.36,0.0,0.0,0.0,8.93,N,N,N,N,N
HV0005,B03406,,2024-09-01 00:24:43,,2024-09-01 00:33:38,2024-09-01 00:53:54,255,87,3.602,1216,31.81,0.0,0.81,2.62,2.75,0.0,0.0,19.78,N,N,N,N,N
HV0005,B03406,,2024-09-01 00:51:12,,2024-09-01 00:56:47,2024-09-01 01:11:07,87,66,2.763,860,15.17,0.0,0.42,1.35,2.75,0.0,0.0,12.16,N,N,N,N,N
HV0005,B03406,,2024-09-01 00:00:45,,2024-09-01 00:06:25,2024-09-01 00:21:00,225,36,1.932,875,15.36,0.0,0.42,1.36,0.0,0.0,10.0,11.17,N,N,N,N,N
HV0005,B03406,,2024-09-01 00:14:18,,2024-09-01 00:23:58,2024-09-01 00:35:55,36,36,1.279,717,13.74,0.0,0.26,0.83,0.0,0.0,0.0,8.74,N,N,N,N,N
HV0005,B03406,,2024-09-01 00:37:49,,2024-09-01 00:42:19,2024-09-01 00:57:11,36,61,2.259,892,23.27,0.0,0.64,2.06,0.0,0.0,0.0,11.78,N,N,N,N,N
HV0003,B03404,B03404,2024-09-01 00:15:28,2024-09-01 00:21:07,2024-09-01 00:21:55,2024-09-01 00:30:35,168,147,2.04,520,10.94,0.0,0.32,1.03,0.0,0.0,0.0,7.82,N,N,N,N,N
HV0003,B03404,B03404,2024-09-01 00:32:51,2024-09-01 00:33:10,2024-09-01 00:34:32,2024-09-01 00:35:50,147,126,0.16,78,5.4,0.0,0.15,0.48,0.0,0.0,0.0,5.4,N,N,N,N,N
HV0003,B03404,B03404,2024-09-01 00:37:26,2024-09-01 00:39:39,2024-09-01 00:39:56,2024-09-01 00:43:46,126,213,0.84,230,8.92,0.0,0.24,0.79,0.0,0.0,0.0,5.39,N,N,N,N,N
HV0003,B03404,B03404,2024-09-01 00:53:05,2024-09-01 00:53:10,2024-09-01 00:54:04,2024-09-01 01:02:45,213,78,2.48,521,8.82,0.0,0.24,0.78,0.0,0.0,0.0,8.43,N,N,N,N,N
HV0003,B03404,B03404,2024-08-31 23:49:02,2024-08-31 23:59:44,2024-09-01 00:01:30,2024-09-01 00:10:48,132,216,3.96,558,17.13,0.0,0.54,1.74,0.0,2.5,0.0,10.81,N,N,N,N,N
HV0003,B03404,B03404,2024-09-01 00:10:50,2024-09-01 00:14:12,2024-09-01 00:16:17,2024-09-01 00:25:00,132,216,1.7,523,10.87,0.0,0.32,1.03,0.0,0.0,0.0,8.89,N,N,N,N,N
HV0003,B03404,B03404,2024-09-01 00:23:06,2024-09-01 00:29:28,2024-09-01 00:31:24,2024-09-01 00:36:11,10,216,0.99,287,7.69,0.0,0.2,0.64,0.0,0.0,0.0,5.39,N,N,N,N,N
HV0003,B03404,B03404,2024-09-01 00:51:01,2024-09-01 00:56:36,2024-09-01 00:57:44,2024-09-01 01:23:06,130,36,9.94,1522,28.14,0.0,0.77,2.5,0.0,0.0,0.0,28.31,N,N,N,N,N
HV0003,B03404,B03404,2024-09-01 00:05:15,2024-09-01 00:11:08,2024-09-01 00:11:15,2024-09-01 00:28:14,256,61,3.27,1019,31.28,0.0,0.86,2.78,0.0,0.0,0.0,25.39,N,N,N,N,N
HV0003,B03404,B03404,2024-09-01 00:39:04,2024-09-01 00:53:55,2024-09-01 00:53:55,2024-09-01 01:08:21,97,106,1.94,866,19.58,0.0,0.57,1.85,0.0,0.0,0.0,20.28,N,N,N,N,N
HV0005,B03406,,2024-09-01 00:19:45,,2024-09-01 00:34:40,2024-09-01 01:01:07,255,42,11.255,1587,50.26,6.06,1.55,5.0,0.0,0.0,0.0,30.84,N,N,N,N,N
HV0003,B03404,B03404,2024-09-01 00:07:16,2024-09-01 00:08:52,2024-09-01 00:11:25,2024-09-01 00:24:43,243,18,6.04,798,17.16,3.18,0.47,1.8,0.0,0.0,0.0,15.96,N,N,N,N,N
HV0003,B03404,B03404,2024-09-01 00:33:54,2024-09-01 00:38:34,2024-09-01 00:38:34,2024-09-01 00:51:09,241,244,4.69,755,16.05,0.0,0.44,1.42,0.0,0.0,0.0,13.71,N,N,N,N,N
HV0003,B03404,B03404,2024-09-01 00:54:06,2024-09-01 00:56:28,2024-09-01 00:56:32,2024-09-01 01:06:15,244,69,2.05,583,13.39,0.0,0.36,1.19,0.0,0.0,0.0,8.46,N,N,N,N,N
HV0003,B03404,B03404,2024-09-01 00:16:39,2024-09-01 00:20:47,2024-09-01 00:21:29,2024-09-01 00:30:26,48,229,1.54,537,13.6,0.0,0.4,1.29,2.75,0.0,0.0,8.93,N,N,N,N,Y
HV0003,B03404,B03404,2024-09-01 00:32:07,2024-09-01 00:32:43,2024-09-01 00:34:56,2024-09-01 00:41:03,237,141,1.23,367,10.13,0.0,0.28,0.9,2.75,0.0,0.0,5.92,N,N,N,N,Y
HV0003,B03404,B03404,2024-09-01 00:46:26,2024-09-01 00:47:27,2024-09-01 00:47:33,2024-09-01 01:14:39,263,224,4.93,1626,18.99,0.0,0.52,1.69,2.75,0.0,0.0,24.47,N,N,N,N,Y
HV0003,B03404,B03404,2024-08-31 23:57:36,2024-09-01 00:03:46,2024-09-01 00:05:11,2024-09-01 00:22:45,225,77,3.86,1054,20.58,0.0,0.57,1.83,0.0,0.0,0.0,15.49,N,N,N,N,N
HV0003,B03404,B03404,2024-09-01 00:19:08,2024-09-01 00:27:46,2024-09-01 00:28:48,2024-09-01 01:00:17,76,97,6.2,1889,25.89,0.0,0.71,2.28,0.0,0.0,0.0,26.78,N,N,N,N,N
HV0003,B03404,B03404,2024-09-01 00:09:16,2024-09-01 00:10:55,2024-09-01 00:12:56,2024-09-01 00:40:49,113,135,11.8,1673,38.21,6.94,1.05,4.0,2.75,0.0,0.0,32.3,N,N,N,N,N
HV0003,B03404,B03404,2024-09-01 00:39:32,2024-09-01 00:43:47,2024-09-01 00:43:57,2024-09-01 01:26:33,121,132,17.08,2556,47.43,0.0,1.38,4.43,0.0,2.5,0.0,48.07,N,N,N,N,N
HV0005,B03406,,2024-09-01 00:26:39,,2024-09-01 00:29:41,2024-09-01 00:57:48,188,36,3.856,1687,21.49,0.0,0.59,1.91,0.0,0.0,0.0,21.71,N,N,N,N,N
HV0005,B03406,,2024-09-01 00:56:56,,2024-09-01 00:59:14,2024-09-01 01:08:56,36,157,1.343,582,11.58,0.0,0.32,1.03,0.0,0.0,0.0,7.51,N,N,N,N,N
HV0005,B03406,,2024-09-01 00:24:37,,2024-09-01 00:29:41,2024-09-01 00:37:43,209,232,2.607,482,15.82,0.0,0.43,1.4,2.75,0.0,0.0,8.26,N,N,N,N,N
HV0005,B03406,,2024-09-01 00:37:43,,2024-09-01 00:44:57,2024-09-01 01:09:19,148,238,6.856,1462,48.59,0.0,1.34,4.31,2.75,0.0,11.4,23.62,N,N,N,N,N
HV0003,B03404,B03404,2024-09-01 00:17:05,2024-09-01 00:17:33,2024-09-01 00:20:27,2024-09-01 00:38:15,211,255,4.05,1068,48.09,0.0,1.38,4.43,2.75,0.0,0.0,24.79,N,N,N,N,N
HV0003,B03404,B03404,2024-08-31 23:58:00,2024-09-01 00:01:08,2024-09-01 00:01:24,2024-09-01 00:07:48,137,162,1.0,384,9.17,0.0,0.25,0.82,2.75,0.0,0.0,5.38,N,N,N,N,N
HV0003,B03404,B03404,2024-09-01 00:05:06,2024-09-01 00:12:00,2024-09-01 00:12:45,2024-09-01 00:47:51,161,136,11.49,2106,40.57,0.0,1.19,3.83,2.75,0.0,0.0,36.09,N,N,N,N,N
HV0005,B03406,,2024-09-01 00:16:54,,2024-09-01 00:23:23,2024-09-01 00:31:35,145,146,0.986,492,8.06,0.0,0.22,0.71,0.0,0.0,3.0,6.14,N,N,N,N,N
HV0005,B03406,,2024-09-01 00:36:23,,2024-09-01 00:40:04,2024-09-01 01:02:58,145,97,5.792,1374,27.03,0.0,0.74,2.4,0.0,0.0,0.0,21.3,N,N,N,N,N
HV0003,B03404,B03404,2024-09-01 00:27:54,2024-09-01 00:39:03,2024-09-01 00:40:34,2024-09-01 01:02:06,93,230,10.94,1292,125.0,6.94,3.44,11.71,2.75,0.0,29.96,69.81,N,N,N,N,N
HV0003,B03404,B03404,2024-09-01 00:04:38,2024-09-01 00:05:48,2024-09-01 00:08:11,2024-09-01 00:22:15,48,234,1.87,844,38.24,0.0,1.12,3.61,2.75,0.0,0.0,27.04,N,N,N,N,N
HV0003,B03404,B03404,2024-09-01 00:24:09,2024-09-01 00:28:07,2024-09-01 00:28:30,2024-09-01 00:37:38,234,231,1.74,548,25.66,0.0,0.66,2.13,2.75,0.0,0.0,14.55,N,N,N,N,N
HV0003,B03404,B03404,2024-09-01 00:49:09,2024-09-01 00:51:52,2024-09-01 00:53:07,2024-09-01 01:07:40,231,4,5.11,873,58.57,0.0,1.7,5.53,2.75,0.0,0.0,36.87,N,N,N,N,N
HV0003,B03404,B03404,2024-09-01 00:10:14,2024-09-01 00:12:50,2024-09-01 00:14:20,2024-09-01 00:19:28,45,232,0.59,308,12.95,0.0,0.38,1.22,2.75,0.0,0.0,10.61,N,N,N,N,N
HV0003,B03404,B03404,2024-09-01 00:15:31,2024-09-01 00:20:58,2024-09-01 00:21:10,2024-09-01 00:43:57,232,143,6.44,1367,41.78,0.0,1.14,3.67,2.75,0.0,20.0,32.8,N,N,N,N,N
HV0003,B03404,B03404,2024-08-31 23:57:37,2024-09-01 00:02:32,2024-09-01 00:02:50,2024-09-01 00:08:05,237,43,1.15,315,33.16,0.0,0.91,2.94,2.75,0.0,0.0,17.39,N,N,N,N,N
HV0003,B03404,B03404,2024-09-01 00:11:15,2024-09-01 00:12:40,2024-09-01 00:13:43,2024-09-01 00:16:48,43,163,0.57,185,16.66,0.0,0.46,1.48,2.75,0.0,0.0,10.61,N,N,N,N,N
HV0003,B03404,B03404,2024-09-01 00:31:54,2024-09-01 00:33:18,2024-09-01 00:37:32,2024-09-01 00:58:18,237,209,7.13,1246,47.44,0.0,1.3,4.21,2.75,0.0,8.35,32.96,N,N,N,N,N
HV0005,B03406,,2024-08-31 23:58:45,,2024-09-01 00:00:30,2024-09-01 00:08:50,68,186,1.263,500,9.47,0.0,0.29,0.95,2.75,0.0,2.0,6.6,N,N,N,N,N
HV0005,B03406,,2024-09-01 00:15:36,,2024-09-01 00:17:37,2024-09-01 00:56:05,90,259,16.443,2308,49.83,1.45,1.35,4.35,2.75,0.0,0.0,44.95,N,N,N,N,N
HV0005,B03406,,2024-08-31 23:56:49,,2024-09-01 00:05:08,2024-09-01 00:10:12,95,196,0.512,304,7.3,0.0,0.23,0.75,0.0,0.0,0.0,5.47,N,N,N,N,N
HV0005,B03406,,2024-09-01 00:08:22,,2024-09-01 00:12:53,2024-09-01 00:29:57,196,198,4.475,1024,22.65,0.0,0.55,1.79,0.0,0.0,0.0,19.59,N,N,N,N,N
HV0005,B03406,,2024-09-01 00:24:46,,2024-09-01 00:34:55,2024-09-01 00:57:40,198,17,3.222,1365,19.7,0.0,0.54,1.75,0.0,0.0,0.0,19.96,N,N,N,N,N
HV0003,B03404,B03404,2024-09-01 00:13:25,2024-09-01 00:15:31,2024-09-01 00:17:32,2024-09-01 00:27:59,244,119,1.17,627,11.15,0.0,0.3,0.99,0.0,0.0,0.0,7.69,N,N,N,N,N
HV0003,B03404,B03404,2024-09-01 00:18:32,2024-09-01 00:29:03,2024-09-01 00:31:04,2024-09-01 01:05:22,119,246,10.27,2058,20.28,0.0,0.56,1.8,0.75,0.0,0.0,25.68,Y,Y,N,N,N
HV0003,B03404,B03404,2024-09-01 00:39:09,2024-09-01 00:46:31,2024-09-01 00:48:31,2024-09-01 01:37:41,152,145,10.04,2950,27.08,6.94,0.76,3.02,0.75,0.0,0.0,34.05,Y,Y,N,N,N
HV0003,B03404,B03404,2024-09-01 00:14:21,2024-09-01 00:18:42,2024-09-01 00:19:06,2024-09-01 00:32:30,159,235,4.79,804,23.2,0.0,0.64,2.05,0.0,0.0,0.0,14.32,N,N,N,N,N
HV0003,B03404,B03404,2024-09-01 00:37:12,2024-09-01 00:42:34,2024-09-01 00:42:50,2024-09-01 01:03:35,136,260,11.55,1245,29.0,6.94,0.8,3.19,0.0,0.0,3.99,27.81,N,N,N,N,N
HV0003,B03404,B03404,2024-09-01 00:40:29,2024-09-01 00:46:52,2024-09-01 00:46:58,2024-09-01 01:06:08,61,39,3.93,1150,17.28,0.0,0.49,1.56,0.0,0.0,0.0,16.52,N,N,N,N,N
HV0003,B03404,B03404,2024-09-01 00:14:53,2024-09-01 00:17:38,2024-09-01 00:19:38,2024-09-01 00:38:00,74,248,6.65,1102,21.27,6.94,0.59,2.5,0.0,0.0,0.0,19.75,N,N,N,N,N
HV0003,B03404,B03404,2024-09-01 00:42:12,2024-09-01 00:44:30,2024-09-01 00:45:48,2024-09-01 01:10:51,242,265,9.6,1503,34.71,0.0,0.96,3.07,0.0,0.0,0.0,29.5,N,N,N,N,N
HV0003,B03404,B03404,2024-09-01 00:34:03,2024-09-01 00:41:47,2024-09-01 00:43:41,2024-09-01 01:03:24,112,37,3.42,1183,31.3,0.0,0.86,2.78,0.0,0.0,0.0,21.34,N,N,N,N,Y
HV0003,B03404,B03404,2024-09-01 00:27:20,2024-09-01 00:29:40,2024-09-01 00:29:55,2024-09-01 00:39:05,234,163,2.05,550,25.15,0.0,0.69,2.23,2.75,0.0,6.16,15.21,N,N,N,N,N
HV0003,B03404,B03404,2024-09-01 00:45:51,2024-09-01 00:46:52,2024-09-01 00:48:53,2024-09-01 01:00:16,230,186,1.24,683,18.55,0.0,0.51,1.65,2.75,0.0,0.0,9.76,N,N,N,N,N
HV0005,B03406,,2024-08-31 23:53:09,,2024-09-01 00:07:15,2024-09-01 00:26:16,138,107,9.032,1141,36.95,6.51,1.2,4.08,2.75,0.0,0.0,23.45,N,N,N,N,N
HV0003,B03404,B03404,2024-09-01 00:10:24,2024-09-01 00:13:26,2024-09-01 00:15:18,2024-09-01 00:29:10,249,265,3.77,832,13.87,20.0,0.44,0.0,0.0,0.0,0.0,14.51,N,N,N,N,N
HV0005,B03406,,2024-09-01 00:44:14,,2024-09-01 00:51:57,2024-09-01 01:09:07,231,33,2.65,1030,15.8,0.14,0.44,1.41,2.75,0.0,0.0,13.66,N,N,N,N,N
HV0003,B03404,B03404,2024-09-01 00:13:26,2024-09-01 00:21:58,2024-09-01 00:23:59,2024-09-01 00:44:49,241,223,11.1,1250,31.54,6.94,0.92,3.59,0.0,0.0,0.0,27.25,N,N,N,N,N
HV0003,B03404,B03404,2024-09-01 00:51:45,2024-09-01 00:54:06,2024-09-01 00:55:10,2024-09-01 01:05:42,223,56,5.54,632,20.51,0.0,0.56,1.82,0.0,0.0,0.0,13.67,N,N,N,N,N
HV0003,B03404,B03404,2024-08-31 23:57:59,2024-09-01 00:06:28,2024-09-01 00:06:28,2024-09-01 00:27:23,93,119,11.85,1255,38.23,6.94,1.12,4.22,0.0,0.0,0.0,30.32,N,N,N,N,N
HV0003,B03404,B03404,2024-09-01 00:31:00,2024-09-01 00:33:20,2024-09-01 00:34:35,2024-09-01 00:42:07,119,69,0.98,452,10.66,0.0,0.29,0.95,0.0,0.0,0.0,5.72,N,N,N,N,N
HV0003,B03404,B03404,2024-09-01 00:41:57,2024-09-01 00:45:04,2024-09-01 00:47:04,2024-09-01 00:54:06,69,159,1.11,422,9.18,0.0,0.25,0.82,0.0,0.0,0.0,5.6,N,N,N,N,N
HV0003,B03404,B03404,2024-09-01 00:54:35,2024-09-01 00:55:40,2024-09-01 00:56:46,2024-09-01 01:17:57,167,254,6.96,1271,22.93,0.0,0.63,2.04,0.0,0.0,0.0,21.82,N,N,N,N,N
HV0003,B03404,B03404,2024-09-01 00:09:23,2024-09-01 00:12:06,2024-09-01 00:12:43,2024-09-01 00:49:12,132,261,27.75,2189,65.7,6.94,1.88,6.67,2.75,2.5,0.0,59.01,N,N,N,N,N
HV0003,B03404,B03404,2024-09-01 00:09:44,2024-09-01 00:10:33,2024-09-01 00:12:35,2024-09-01 00:18:42,164,170,0.61,367,10.25,0.0,0.27,0.88,2.75,0.0,0.0,8.62,N,N,N,N,Y
HV0003,B03404,B03404,2024-09-01 00:35:57,2024-09-01 00:38:53,2024-09-01 00:40:37,2024-09-01 01:43:39,107,243,10.21,3782,68.12,0.0,1.88,6.04,2.75,0.0,0.0,55.35,N,N,N,N,Y
HV0003,B03404,B03404,2024-09-01 00:15:51,2024-09-01 00:18:48,2024-09-01 00:19:05,2024-09-01 00:30:06,256,225,2.05,661,24.1,0.0,0.66,2.13,0.0,0.0,0.0,12.05,N,N,N,N,N
HV0003,B03404,B03404,2024-09-01 00:29:54,2024-09-01 00:31:48,2024-09-01 00:32:11,2024-09-01 00:37:42,37,36,0.87,331,13.74,0.0,0.38,1.21,0.0,0.0,0.0,6.8,N,N,N,N,N
HV0003,B03404,B03404,2024-09-01 00:32:43,2024-09-01 00:40:36,2024-09-01 00:41:00,2024-09-01 01:07:54,37,25,4.12,1614,30.07,0.0,0.83,2.67,0.0,0.0,0.0,23.28,N,N,N,N,N
HV0005,B03406,,2024-09-01 00:12:06,,2024-09-01 00:17:12,2024-09-01 00:22:59,249,90,1.089,347,9.18,0.0,0.25,0.81,2.75,0.0,0.0,5.47,N,N,N,N,N
HV0005,B03406,,2024-09-01 00:25:23,,2024-09-01 00:27:08,2024-09-01 00:35:49,68,246,1.273,521,9.93,0.0,0.27,0.88,2.75,0.0,1.0,6.82,N,N,N,N,N
HV0005,B03406,,2024-09-01 00:39:09,,2024-09-01 00:44:09,2024-09-01 01:08:10,48,265,14.508,1441,44.35,20.0,1.63,0.0,0.0,0.0,0.0,38.45,N,N,N,N,N
HV0003,B03404,B03404,2024-08-31 23:57:38,2024-09-01 00:01:21,2024-09-01 00:02:20,2024-09-01 00:16:46,164,148,2.23,866,19.6,0.0,0.54,1.74,2.75,0.0,0.0,11.44,N,N,N,N,N
HV0003,B03404,B03404,2024-09-01 00:18:00,2024-09-01 00:19:57,2024-09-01 00:20:08,2024-09-01 00:50:17,148,169,11.26,1809,32.41,0.0,0.89,2.88,2.75,0.0,0.0,32.89,N,N,N,N,N
HV0003,B03404,B03404,2024-09-01 00:14:26,2024-09-01 00:16:16,2024-09-01 00:16:46,2024-09-01 00:33:33,39,91,3.22,1007,17.63,0.0,0.52,1.67,0.0,0.0,0.0,14.16,N,N,N,N,N
HV0003,B03404,B03404,2024-09-01 00:33:16,2024-09-01 00:36:40,2024-09-01 00:37:03,2024-09-01 00:50:07,91,39,2.99,784,13.84,0.0,0.38,1.23,0.0,0.0,0.0,11.69,Y,N,N,N,N
HV0005,B03406,,2024-09-01 00:03:36,,2024-09-01 00:06:54,2024-09-01 00:13:13,166,152,0.933,379,8.12,0.0,0.2,0.64,0.0,0.0,0.0,5.47,N,N,N,N,N
HV0005,B03406,,2024-09-01 00:14:41,,2024-09-01 00:18:37,2024-09-01 00:48:44,42,65,12.298,1807,38.16,1.07,1.02,3.28,2.75,0.0,0.0,34.4,N,N,N,N,N
HV0005,B03406,,2024-09-01 00:18:09,,2024-09-01 00:21:58,2024-09-01 00:52:04,164,80,6.232,1806,31.72,1.51,0.85,2.75,2.75,0.0,0.0,26.11,N,N,N,N,N
HV0005,B03406,,2024-09-01 00:55:58,,2024-09-01 00:58:56,2024-09-01 01:32:50,80,50,6.952,2034,35.63,0.38,0.98,3.17,2.75,0.0,0.0,29.32,N,N,N,N,N
HV0003,B03404,B03404,2024-08-31 23:57:09,2024-09-01 00:00:36,2024-09-01 00:01:00,2024-09-01 00:11:52,91,39,2.47,652,15.12,0.0,0.44,1.42,0.0,0.0,0.0,9.7,N,N,N,N,N
HV0003,B03404,B03404,2024-09-01 00:17:07,2024-09-01 00:18:49,2024-09-01 00:19:01,2024-09-01 00:33:15,39,71,2.96,854,15.19,0.0,0.41,1.35,0.0,0.0,0.0,12.33,N,N,N,N,N
HV0003,B03404,B03404,2024-09-01 00:43:05,2024-09-01 00:44:38,2024-09-01 00:45:44,2024-09-01 00:52:15,155,210,1.3,391,8.91,0.0,0.24,0.79,0.0,0.0,0.0,5.57,N,N,N,N,N
HV0003,B03404,B03404,2024-09-01 00:53:28,2024-09-01 00:55:22,2024-09-01 00:55:49,2024-09-01 01:03:56,50,68,1.58,487,12.71,0.0,0.35,1.13,2.75,0.0,0.0,6.88,N,N,N,N,N
HV0005,B03406,,2024-09-01 00:38:58,,2024-09-01 00:40:35,2024-09-01 00:52:05,249,246,2.351,690,16.9,0.0,0.46,1.5,2.75,0.0,0.0,9.94,N,N,N,N,N
HV0003,B03404,B03404,2024-09-01 00:44:59,2024-09-01 00:47:51,2024-09-01 00:48:02,2024-09-01 01:02:56,203,265,6.01,894,23.25,0.0,0.64,2.05,0.0,0.0,0.0,18.14,N,N,N,N,N
HV0005,B03406,,2024-09-01 00:28:44,,2024-09-01 00:32:54,2024-09-01 01:06:02,55,49,15.98,1988,47.96,0.0,1.18,3.81,0.0,0.0,0.0,44.19,N,N,N,N,N
HV0003,B03404,B03404,2024-09-01 00:03:49,2024-09-01 00:07:33,2024-09-01 00:08:19,2024-09-01 00:34:53,186,265,7.86,1594,34.19,20.0,1.0,0.0,0.0,0.0,0.0,28.85,N,N,N,N,N
HV0005,B03406,,2024-09-01 00:11:51,,2024-09-01 00:16:48,2024-09-01 00:28:09,181,227,2.398,681,16.12,0.0,0.44,1.43,0.0,0.0,3.6,9.91,N,N,N,N,N
HV0005,B03406,,2024-09-01 00:28:56,,2024-09-01 00:33:19,2024-09-01 00:46:37,228,181,1.88,798,10.74,0.0,0.3,0.95,0.0,0.0,0.0,10.34,N,N,N,N,N
HV0005,B03406,,2024-09-01 00:40:36,,2024-09-01 00:48:28,2024-09-01 01:00:07,181,49,2.874,699,18.64,0.0,0.51,1.66,0.0,0.0,5.0,10.74,N,N,N,N,N
HV0003,B03404,B03404,2024-09-01 00:11:18,2024-09-01 00:22:23,2024-09-01 00:23:00,2024-09-01 00:35:36,232,65,3.56,756,27.99,0.0,0.77,2.49,2.75,0.0,0.0,13.87,N,N,N,N,N
HV0003,B03404,B03404,2024-09-01 00:33:57,2024-09-01 00:36:15,2024-09-01 00:37:43,2024-09-01 00:53:15,65,17,2.62,932,18.27,0.0,0.51,1.65,0.0,0.0,0.0,13.11,N,N,N,N,N
HV0003,B03404,B03404,2024-09-01 00:54:49,2024-09-01 00:59:19,2024-09-01 00:59:22,2024-09-01 01:12:07,80,34,1.73,765,16.94,0.0,0.46,1.5,0.0,0.0,3.0,11.28,N,N,N,N,N
HV0003,B03404,B03404,2024-08-31 23:55:17,2024-09-01 00:02:04,2024-09-01 00:02:14,2024-09-01 00:37:46,146,45,6.42,2132,18.21,0.0,0.53,1.72,0.75,0.0,0.0,23.47,Y,Y,N,N,N
HV0003,B03404,B03404,2024-08-31 23:53:55,2024-09-01 00:05:32,2024-09-01 00:06:07,2024-09-01 00:19:23,193,162,3.1,796,9.9,0.0,0.28,0.92,0.75,0.0,0.0,5.98,Y,Y,N,N,N
HV0005,B03406,,2024-09-01 00:04:36,,2024-09-01 00:10:18,2024-09-01 00:39:29,13,95,13.382,1751,37.99,0.98,1.01,3.26,2.75,0.0,0.0,35.33,N,N,N,N,N
HV0005,B03406,,2024-09-01 00:40:36,,2024-09-01 00:47:01,2024-09-01 00:58:00,95,28,3.246,659,25.49,0.0,0.56,1.82,0.0,0.0,0.0,13.11,N,N,N,N,N
HV0003,B03404,B03404,2024-09-01 00:18:17,2024-09-01 00:22:15,2024-09-01 00:22:55,2024-09-01 00:35:26,165,123,2.42,751,15.11,0.0,0.38,1.25,0.0,0.0,0.0,10.59,N,N,N,N,N
HV0003,B03404,B03404,2024-09-01 00:35:51,2024-09-01 00:40:35,2024-09-01 00:40:43,2024-09-01 00:45:56,210,150,0.89,313,7.5,0.0,0.22,0.7,0.0,0.0,0.0,5.39,N,N,N,N,N
HV0003,B03404,B03404,2024-09-01 00:44:42,2024-09-01 00:47:27,2024-09-01 00:48:19,2024-09-01 00:54:28,150,123,1.52,369,9.84,0.0,0.27,0.88,0.0,0.0,0.0,5.66,N,N,N,N,N
HV0003,B03404,B03404,2024-09-01 00:54:58,2024-09-01 00:58:43,2024-09-01 00:58:50,2024-09-01 01:06:08,149,108,1.7,438,9.76,0.0,0.28,0.92,0.0,0.0,1.0,6.57,N,N,N,N,N
HV0005,B03406,,2024-09-01 00:11:35,,2024-09-01 00:22:38,2024-09-01 00:31:39,173,173,1.112,541,8.95,0.0,0.25,0.79,0.0,0.0,1.0,10.04,N,N,N,N,Y
HV0005,B03406,,2024-09-01 00:21:29,,2024-09-01 00:39:02,2024-09-01 00:53:19,173,129,2.136,857,16.12,0.0,0.44,1.43,0.0,0.0,0.0,14.77,N,N,N,N,Y
HV0005,B03406,,2024-08-31 23:55:27,,2024-09-01 00:04:54,2024-09-01 00:23:34,166,136,5.853,1120,24.41,0.0,0.6,1.93,0.0,0.0,0.0,18.91,N,N,N,N,N
HV0005,B03406,,2024-09-01 00:30:25,,2024-09-01 00:38:44,2024-09-01 00:49:42,128,174,2.52,658,16.48,0.0,0.35,1.14,0.0,0.0,0.0,9.85,N,N,N,N,N
HV0005,B03406,,2024-09-01 00:54:11,,2024-09-01 00:59:13,2024-09-01 01:08:46,174,32,2.809,573,14.11,0.0,0.39,1.25,0.0,0.0,0.0,9.42,N,N,N,N,N
HV0003,B03404,B03404,2024-09-01 00:01:43,2024-09-01 00:03:36,2024-09-01 00:04:17,2024-09-01 00:13:40,244,127,2.83,563,12.11,0.0,0.33,1.07,0.0,0.0,0.0,9.32,N,N,N,N,N
HV0005,B03406,,2024-09-01 00:54:02,,2024-09-01 00:59:37,2024-09-01 01:09:30,220,127,2.86,593,14.46,0.0,0.35,1.14,0.0,0.0,0.0,9.68,N,N,N,N,N
HV0003,B03404,B03404,2024-08-31 23:59:24,2024-09-01 00:11:25,2024-09-01 00:11:26,2024-09-01 00:24:40,112,160,5.56,794,19.99,0.0,0.55,1.77,0.0,0.0,0.0,15.27,Y,N,N,N,N
HV0003,B03404,B03404,2024-09-01 00:25:36,2024-09-01 00:30:05,2024-09-01 00:31:42,2024-09-01 00:46:53,82,53,6.16,911,20.74,0.0,0.57,1.84,0.0,0.0,0.0,17.23,N,N,N,N,N
HV0003,B03404,B03404,2024-09-01 00:49:02,2024-09-01 00:58:01,2024-09-01 00:58:23,2024-09-01 01:12:59,92,175,7.24,876,22.37,0.0,0.61,1.99,0.0,0.0,0.0,18.36,N,N,N,N,N
HV0003,B03404,B03404,2024-08-31 23:59:26,2024-09-01 00:02:16,2024-09-01 00:02:45,2024-09-01 00:14:40,144,265,2.91,715,18.22,20.0,0.53,0.0,0.0,0.0,0.0,12.79,N,N,N,N,N
HV0003,B03404,B03404,2024-09-01 00:45:44,2024-09-01 00:48:04,2024-09-01 00:48:28,2024-09-01 00:59:27,231,65,2.37,659,16.34,0.0,0.45,1.45,2.75,0.0,0.0,9.62,N,N,N,N,N
HV0003,B03404,B03404,2024-09-01 00:19:13,2024-09-01 00:20:54,2024-09-01 00:21:32,2024-09-01 00:50:55,79,223,6.91,1763,26.48,0.0,0.73,2.34,2.75,0.0,6.47,26.53,N,N,N,N,N
HV0003,B03404,B03404,2024-09-01 00:28:03,2024-09-01 00:30:45,2024-09-01 00:32:11,2024-09-01 00:48:28,213,42,6.44,977,20.99,0.0,0.61,1.98,0.0,0.0,0.0,18.25,N,N,N,N,N
HV0003,B03404,B03404,2024-09-01 00:52:50,2024-09-01 00:53:33,2024-09-01 00:54:22,2024-09-01 01:30:32,127,265,22.15,2170,52.52,24.33,1.52,0.0,0.0,0.0,0.0,53.09,N,N,N,N,N
HV0003,B03404,B03404,2024-08-31 23:58:21,2024-09-01 00:02:11,2024-09-01 00:03:12,2024-09-01 00:15:32,244,248,4.86,740,17.97,0.0,0.5,1.59,0.0,0.0,0.0,13.8,N,N,N,N,N
HV0003,B03404,B03404,2024-09-01 00:17:38,2024-09-01 00:19:23,2024-09-01 00:20:50,2024-09-01 00:23:39,248,248,0.46,169,6.19,0.0,0.17,0.55,0.0,0.0,0.0,5.4,N,N,N,N,N
HV0003,B03404,B03404,2024-09-01 00:23:43,2024-09-01 00:26:19,2024-09-01 00:26:56,2024-09-01 00:41:46,248,220,6.66,890,24.12,0.0,0.66,2.15,0.0,0.0,0.0,17.71,N,N,N,N,N
HV0003,B03404,B03404,2024-09-01 00:49:56,2024-09-01 00:53:15,2024-09-01 00:53:33,2024-09-01 01:01:48,241,241,1.6,495,9.08,0.0,0.25,0.81,0.0,0.0,0.0,6.99,N,N,N,N,N
HV0005,B03406,,2024-08-31 23:35:51,,2024-09-01 00:10:49,2024-09-01 00:27:28,204,109,5.778,999,19.93,0.0,0.56,1.81,0.0,0.0,0.0,17.63,N,N,N,N,N
HV0003,B03404,B03404,2024-08-31 23:54:35,2024-09-01 00:01:08,2024-09-01 00:01:55,2024-09-01 00:13:00,74,235,5.14,665,18.5,0.0,0.54,1.75,0.0,0.0,0.0,13.45,N,N,N,N,N
HV0003,B03404,B03404,2024-09-01 00:07:52,2024-09-01 00:13:28,2024-09-01 00:13:48,2024-09-01 00:18:08,235,235,0.89,260,4.89,0.0,0.13,0.43,0.0,0.0,0.0,5.39,Y,N,N,N,N
HV0003,B03404,B03404,2024-09-01 00:26:39,2024-09-01 00:28:39,2024-09-01 00:29:55,2024-09-01 01:20:58,244,55,26.3,3063,88.96,0.0,2.6,8.4,2.75,0.0,0.0,65.53,N,N,N,N,N
HV0003,B03404,B03404,2024-09-01 00:12:26,2024-09-01 00:16:47,2024-09-01 00:17:02,2024-09-01 01:04:17,246,35,17.39,2835,40.32,6.94,1.18,4.42,0.75,0.0,0.0,51.2,Y,N,N,N,N
HV0005,B03406,,2024-09-01 00:33:56,,2024-09-01 00:37:21,2024-09-01 00:46:07,41,42,1.444,526,10.93,0.0,0.23,0.76,0.0,0.0,0.0,7.1,N,N,N,N,N
HV0005,B03406,,2024-09-01 00:50:13,,2024-09-01 00:53:26,2024-09-01 01:07:59,42,143,5.315,873,23.36,0.0,0.64,2.07,2.75,0.0,0.0,15.76,N,N,N,N,N
HV0003,B03404,B03404,2024-08-31 23:58:38,2024-09-01 00:01:59,2024-09-01 00:02:41,2024-09-01 00:20:23,167,168,3.1,1062,15.99,0.0,0.47,1.51,0.0,0.0,0.0,14.54,N,N,N,N,N
HV0003,B03404,B03404,2024-09-01 00:19:08,2024-09-01 00:28:23,2024-09-01 00:28:55,2024-09-01 01:03:16,168,205,17.08,2061,44.28,6.94,1.22,4.55,0.0,0.0,0.0,43.26,N,N,N,N,N
HV0005,B03406,,2024-09-01 00:28:45,,2024-09-01 00:32:05,2024-09-01 01:13:21,263,265,9.27,2476,39.38,20.0,1.5,0.0,0.0,0.0,0.0,39.46,N,N,N,N,N
HV0003,B03404,B03404,2024-09-01 00:08:07,2024-09-01 00:12:33,2024-09-01 00:14:34,2024-09-01 00:48:59,186,7,5.92,2065,40.48,6.94,1.11,4.21,2.75,0.0,0.0,29.06,N,N,N,N,N
HV0003,B03404,B03404,2024-09-01 00:52:19,2024-09-01 00:54:09,2024-09-01 00:54:42,2024-09-01 01:08:37,7,83,3.48,835,16.98,0.0,0.47,1.51,0.0,0.0,3.0,12.85,N,N,N,N,N
HV0005,B03406,,2024-09-01 00:17:08,,2024-09-01 00:20:33,2024-09-01 00:35:50,137,100,1.715,917,14.55,0.0,0.4,1.29,2.75,0.0,0.0,11.28,N,N,N,N,N
HV0005,B03406,,2024-09-01 00:40:11,,2024-09-01 00:43:05,2024-09-01 00:50:22,100,50,0.892,437,8.9,0.0,0.24,0.79,2.75,0.0,0.0,5.47,N,N,N,N,N
HV0005,B03406,,2024-09-01 00:55:16,,2024-09-01 00:58:09,2024-09-01 01:03:15,100,90,1.112,306,9.89,0.0,0.27,0.88,2.75,0.0,0.0,5.47,N,N,N,N,N
HV0003,B03404,B03404,2024-08-31 23:58:11,2024-08-31 23:59:29,2024-09-01 00:00:16,2024-09-01 00:08:48,162,263,2.27,512,13.64,0.0,0.37,1.21,2.75,0.0,0.0,8.06,N,N,N,N,N
HV0003,B03404,B03404,2024-09-01 00:10:58,2024-09-01 00:11:33,2024-09-01 00:13:28,2024-09-01 00:49:21,263,37,7.98,2153,34.17,0.0,0.94,3.03,2.75,0.0,0.0,31.77,N,N,N,N,N
HV0003,B03404,B03404,2024-09-01 00:03:10,2024-09-01 00:07:04,2024-09-01 00:07:57,2024-09-01 00:17:44,37,36,1.3,587,8.38,0.0,0.24,0.79,0.0,0.0,0.0,7.47,N,N,N,N,N
HV0003,B03404,B03404,2024-09-01 00:12:41,2024-09-01 00:23:51,2024-09-01 00:23:51,2024-09-01 00:50:31,80,255,2.47,1600,28.59,0.0,0.83,2.69,0.0,0.0,15.0,22.41,N,N,N,N,N
HV0003,B03404,B03404,2024-09-01 00:47:24,2024-09-01 00:53:16,2024-09-01 00:53:45,2024-09-01 01:32:42,255,235,12.78,2337,40.2,0.0,1.1,3.57,2.75,0.0,0.0,40.09,N,N,N,N,N
HV0003,B03404,B03404,2024-09-01 00:00:19,2024-09-01 00:04:29,2024-09-01 00:04:37,2024-09-01 00:17:16,234,148,1.88,759,16.32,0.0,0.45,1.45,2.75,0.0,0.0,9.93,N,N,N,N,N
HV0003,B03404,B03404,2024-09-01 00:16:23,2024-09-01 00:17:17,2024-09-01 00:17:45,2024-09-01 00:33:52,148,68,2.85,967,25.3,0.0,0.69,2.25,2.75,0.0,0.0,13.28,N,N,N,N,N
HV0003,B03404,B03404,2024-09-01 00:34:54,2024-09-01 00:37:37,2024-09-01 00:38:09,2024-09-01 00:50:01,90,114,1.09,712,12.24,0.0,0.33,1.09,2.75,0.0,0.0,8.58,N,N,N,N,N
HV0003,B03404,B03404,2024-09-01 00:48:02,2024-09-01 00:53:33,2024-09-01 00:54:42,2024-09-01 01:33:41,114,235,12.21,2339,36.92,0.0,1.02,3.27,2.75,0.0,0.0,39.34,N,N,N,N,N
HV0003,B03404,B03404,2024-09-01 00:02:00,2024-09-01 00:07:31,2024-09-01 00:07:49,2024-09-01 00:35:45,37,42,17.78,1676,42.33,6.94,1.22,4.54,0.0,0.0,0.0,40.46,N,N,N,N,N
HV0003,B03404,B03404,2024-09-01 00:34:08,2024-09-01 00:38:03,2024-09-01 00:38:42,2024-09-01 00:48:24,42,75,3.27,582,13.4,0.0,0.36,1.19,0.0,0.0,0.0,10.11,N,N,N,N,N
HV0003,B03404,B03404,2024-08-31 23:57:54,2024-09-01 00:01:22,2024-09-01 00:01:22,2024-09-01 00:10:36,200,265,2.12,554,15.35,0.0,0.42,1.36,0.0,0.0,0.0,8.71,N,N,N,N,N
HV0003,B03404,B03404,2024-09-01 00:37:22,2024-09-01 00:39:31,2024-09-01 00:40:29,2024-09-01 00:56:56,168,169,4.77,987,20.55,0.0,0.57,1.83,0.0,0.0,0.0,16.08,N,N,N,N,N
HV0003,B03404,B03404,2024-09-01 00:22:46,2024-09-01 00:28:58,2024-09-01 00:30:58,2024-09-01 00:58:09,80,106,7.04,1631,34.87,0.0,0.96,3.1,0.0,0.0,0.0,26.54,N,N,N,N,N
HV0005,B03406,,2024-09-01 00:02:05,,2024-09-01 00:07:47,2024-09-01 00:22:19,39,76,2.909,872,16.81,0.0,0.46,1.49,0.0,0.0,0.0,12.47,N,N,N,N,N
HV0005,B03406,,2024-09-01 00:23:41,,2024-09-01 00:27:08,2024-09-01 00:37:03,76,258,2.364,595,14.07,0.0,0.39,1.25,0.0,0.0,0.0,9.03,N,N,N,N,N
HV0005,B03406,,2024-09-01 00:38:18,,2024-09-01 00:46:53,2024-09-01 01:01:05,216,10,2.364,852,15.06,0.0,0.41,1.34,0.0,0.0,0.0,11.53,N,N,N,N,N
HV0003,B03404,B03404,2024-09-01 00:04:52,2024-09-01 00:07:01,2024-09-01 00:07:26,2024-09-01 00:20:51,188,37,3.05,805,16.95,0.0,0.46,1.51,0.0,0.0,3.0,11.97,N,N,N,N,N
HV0003,B03404,B03404,2024-09-01 00:22:37,2024-09-01 00:26:29,2024-09-01 00:26:39,2024-09-01 00:33:11,80,37,1.25,392,9.43,0.0,0.26,0.83,0.0,0.0,0.0,5.51,N,N,N,N,N
HV0003,B03404,B03404,2024-09-01 00:28:48,2024-09-01 00:36:01,2024-09-01 00:36:14,2024-09-01 00:46:03,36,198,1.75,589,18.75,0.0,0.51,1.66,0.0,0.0,0.0,9.61,N,N,N,N,N
HV0005,B03406,,2024-08-31 23:57:48,,2024-09-01 00:02:40,2024-09-01 00:17:07,169,20,1.89,867,12.42,0.0,0.34,1.1,0.0,0.0,0.0,11.03,N,N,N,N,N
HV0005,B03406,,2024-09-01 00:19:01,,2024-09-01 00:21:17,2024-09-01 00:28:29,20,185,1.479,432,10.3,0.0,0.28,0.91,0.0,0.0,0.0,6.23,N,N,N,N,N
HV0003,B03404,B03404,2024-09-01 00:15:39,2024-09-01 00:21:41,2024-09-01 00:21:50,2024-09-01 00:28:46,177,61,1.27,416,6.84,0.0,0.2,0.65,0.0,0.0,0.0,6.96,N,N,N,N,Y
HV0003,B03404,B03404,2024-09-01 00:29:16,2024-09-01 00:31:05,2024-09-01 00:31:42,2024-09-01 01:04:11,61,179,11.43,1949,26.96,0.0,0.74,2.4,0.0,0.0,0.0,39.73,N,N,N,N,Y
HV0003,B03404,B03404,2024-09-01 00:33:11,2024-09-01 00:35:31,2024-09-01 00:36:38,2024-09-01 00:46:20,123,123,1.78,582,10.54,0.0,0.29,0.94,0.0,0.0,0.0,8.08,N,N,N,N,N
HV0003,B03404,B03404,2024-09-01 00:49:05,2024-09-01 00:53:07,2024-09-01 00:54:43,2024-09-01 01:09:20,89,91,1.82,877,11.71,0.0,0.34,1.11,0.0,0.0,0.0,11.0,N,N,N,N,N
HV0005,B03406,,2024-09-01 00:08:22,,2024-09-01 00:11:18,2024-09-01 00:30:29,228,29,9.406,1151,29.5,0.34,0.73,2.36,0.0,0.0,0.0,24.06,N,N,N,N,N
HV0005,B03406,,2024-09-01 00:15:26,,2024-09-01 00:25:11,2024-09-01 00:34:56,132,218,1.517,585,10.91,0.0,0.3,1.19,0.0,2.5,0.0,7.78,N,N,N,N,N
HV0003,B03404,B03404,2024-09-01 00:17:32,2024-09-01 00:18:44,2024-09-01 00:20:46,2024-09-01 00:40:15,17,125,4.87,1169,27.36,0.0,0.75,2.42,2.75,0.0,0.0,17.99,N,N,N,N,N
HV0003,B03404,B03404,2024-09-01 00:51:13,2024-09-01 00:52:40,2024-09-01 00:54:02,2024-09-01 01:06:44,125,230,3.55,762,25.28,0.0,0.7,2.24,2.75,0.0,0.0,12.23,N,N,N,N,N
HV0005,B03406,,2024-09-01 00:23:30,,2024-09-01 00:31:02,2024-09-01 00:45:40,72,76,1.812,878,11.94,0.0,0.33,1.06,0.0,0.0,0.0,11.03,N,N,N,N,N
HV0005,B03406,,2024-09-01 00:41:33,,2024-09-01 00:48:56,2024-09-01 01:11:04,76,85,4.875,1328,26.87,0.0,0.74,2.38,0.0,0.0,0.0,19.6,N,N,N,N,N
HV0003,B03404,B03404,2024-08-31 23:54:08,2024-08-31 23:59:33,2024-09-01 00:00:03,2024-09-01 00:33:26,80,50,7.47,2003,42.6,6.94,1.24,4.64,2.75,0.0,12.17,31.87,N,N,N,N,N
HV0003,B03404,B03404,2024-09-01 00:41:54,2024-09-01 00:42:29,2024-09-01 00:43:05,2024-09-01 01:12:48,186,37,7.78,1783,33.91,6.94,0.99,3.82,2.75,0.0,5.05,27.91,N,N,N,N,N
HV0003,B03404,B03404,2024-08-31 23:59:16,2024-09-01 00:00:30,2024-09-01 00:01:18,2024-09-01 00:14:44,73,15,3.24,806,18.97,0.0,0.52,1.69,0.0,0.0,0.0,14.9,N,N,N,N,N
HV0003,B03404,B03404,2024-09-01 00:16:06,2024-09-01 00:19:46,2024-09-01 00:20:44,2024-09-01 00:31:24,252,53,3.67,640,15.18,0.0,0.45,1.43,0.0,0.0,0.0,13.87,N,N,N,N,N
HV0003,B03404,B03404,2024-09-01 00:29:55,2024-09-01 00:35:06,2024-09-01 00:35:27,2024-09-01 00:47:24,252,92,4.17,717,16.96,0.0,0.48,1.54,0.0,0.0,0.0,17.3,N,N,N,N,N
HV0003,B03404,B03404,2024-09-01 00:42:50,2024-09-01 00:48:26,2024-09-01 00:48:54,2024-09-01 00:59:09,92,192,2.26,615,9.84,0.0,0.27,0.87,0.0,0.0,3.0,12.96,N,N,N,N,N
HV0003,B03404,B03404,2024-09-01 00:21:29,2024-09-01 00:28:44,2024-09-01 00:30:04,2024-09-01 01:09:10,230,265,10.03,2346,51.61,21.32,1.42,0.0,0.0,0.0,0.0,41.09,N,N,N,N,N
HV0005,B03406,,2024-09-01 00:09:06,,2024-09-01 00:14:49,2024-09-01 00:31:23,68,13,3.263,994,18.13,0.0,0.5,1.61,2.75,0.0,0.0,14.14,N,N,N,N,N
HV0005,B03406,,2024-09-01 00:50:15,,2024-09-01 00:52:40,2024-09-01 01:24:17,158,157,8.566,1897,45.0,3.03,1.32,4.26,2.75,0.0,0.0,32.05,N,N,N,N,N
HV0003,B03404,B03404,2024-09-01 00:28:23,2024-09-01 00:31:48,2024-09-01 00:32:20,2024-09-01 00:46:54,89,71,2.37,874,14.29,0.0,0.39,1.27,0.0,0.0,0.0,13.5,N,N,N,N,Y
HV0003,B03404,B03404,2024-09-01 00:14:18,2024-09-01 00:17:32,2024-09-01 00:18:17,2024-09-01 00:41:14,164,256,5.43,1377,33.37,0.0,0.92,2.96,2.75,0.0,6.0,20.76,N,N,N,N,N
HV0003,B03404,B03404,2024-09-01 00:36:38,2024-09-01 00:44:44,2024-09-01 00:44:46,2024-09-01 01:01:48,255,226,3.26,1022,26.86,0.0,0.74,2.39,0.0,0.0,0.0,15.86,N,N,N,N,N
HV0003,B03404,B03404,2024-09-01 00:24:02,2024-09-01 00:25:28,2024-09-01 00:25:47,2024-09-01 00:32:04,17,225,1.2,377,7.63,0.0,0.19,0.63,0.0,0.0,0.0,8.64,N,N,N,N,N
HV0003,B03404,B03404,2024-09-01 00:33:01,2024-09-01 00:38:04,2024-09-01 00:39:32,2024-09-01 01:06:47,17,79,3.94,1635,16.81,0.0,0.47,1.49,2.75,0.0,0.0,22.75,N,N,N,N,N
HV0005,B03406,,2024-09-01 00:01:40,,2024-09-01 00:04:53,2024-09-01 00:18:22,188,225,2.446,809,14.92,0.0,0.41,1.33,0.0,0.0,0.0,12.17,N,N,N,N,Y
HV0005,B03406,,2024-09-01 00:18:42,,2024-09-01 00:23:06,2024-09-01 00:53:18,225,195,4.839,1812,28.92,0.0,0.66,2.12,0.0,0.0,0.0,26.13,N,N,N,N,Y
HV0005,B03406,,2024-09-01 00:52:45,,2024-09-01 00:54:48,2024-09-01 01:02:40,195,181,1.837,472,11.53,0.0,0.32,1.02,0.0,0.0,0.0,11.11,N,N,N,N,Y
HV0003,B03404,B03404,2024-09-01 00:18:30,2024-09-01 00:21:26,2024-09-01 00:23:26,2024-09-01 00:47:09,130,145,10.96,1423,28.72,0.0,0.84,2.71,0.0,0.0,3.39,28.74,N,N,N,N,N
HV0003,B03404,B03404,2024-09-01 00:03:13,2024-09-01 00:10:11,2024-09-01 00:11:05,2024-09-01 00:17:53,215,130,1.38,408,9.77,0.0,0.27,0.87,0.0,0.0,0.0,5.84,N,N,N,N,N
HV0003,B03404,B03404,2024-09-01 00:14:35,2024-09-01 00:19:06,2024-09-01 00:21:07,2024-09-01 00:33:12,130,215,2.54,725,11.26,0.0,0.31,1.0,0.0,0.0,0.0,10.5,N,N,N,N,N
HV0003,B03404,B03404,2024-09-01 00:33:10,2024-09-01 00:35:46,2024-09-01 00:37:48,2024-09-01 00:56:20,205,73,7.78,1112,27.92,0.0,0.76,2.48,0.0,0.0,0.0,21.39,N,N,N,N,N
HV0005,B03406,,2024-08-31 23:47:11,,2024-09-01 00:34:40,2024-09-01 00:54:56,93,170,9.951,1216,36.36,6.64,1.45,4.69,2.75,0.0,0.0,25.44,N,N,N,N,N
HV0005,B03406,,2024-09-01 00:03:23,,2024-09-01 00:09:16,2024-09-01 00:28:04,170,97,6.622,1128,25.92,0.94,0.72,2.34,2.75,0.0,0.0,20.03,N,N,N,N,N
HV0003,B03404,B03404,2024-09-01 00:09:38,2024-09-01 00:12:58,2024-09-01 00:15:10,2024-09-01 00:24:28,113,186,1.48,558,16.91,0.0,0.46,1.5,2.75,0.0,0.0,7.67,N,N,N,N,N
HV0003,B03404,B03404,2024-09-01 00:36:39,2024-09-01 00:38:14,2024-09-01 00:40:48,2024-09-01 00:51:33,234,100,1.03,645,23.32,0.0,0.64,2.07,2.75,0.0,0.0,14.11,N,N,N,N,N
HV0003,B03404,B03404,2024-08-31 23:59:30,2024-09-01 00:02:16,2024-09-01 00:02:21,2024-09-01 00:29:53,168,200,10.37,1652,37.16,3.18,1.02,3.59,0.0,0.0,0.0,30.15,N,N,N,N,N
HV0003,B03404,B03404,2024-09-01 00:30:53,2024-09-01 00:32:44,2024-09-01 00:34:45,2024-09-01 01:00:30,200,265,16.39,1545,42.56,0.0,1.19,3.83,0.0,0.0,0.0,42.59,N,N,N,N,N
HV0003,B03404,B03404,2024-08-31 23:56:02,2024-09-01 00:03:07,2024-09-01 00:03:36,2024-09-01 00:17:25,219,28,4.29,829,20.52,0.0,0.57,1.82,0.0,0.0,0.0,13.89,N,N,N,N,N
HV0003,B03404,B03404,2024-09-01 00:27:35,2024-09-01 00:31:51,2024-09-01 00:32:04,2024-09-01 00:42:13,45,233,4.24,609,25.95,0.0,0.71,2.29,2.75,0.0,0.0,20.32,N,N,N,N,N
HV0003,B03404,B03404,2024-09-01 00:43:19,2024-09-01 00:46:59,2024-09-01 00:47:26,2024-09-01 01:06:38,233,144,3.38,1152,52.13,0.0,1.53,4.92,2.75,0.0,0.0,35.82,N,N,N,N,N
HV0003,B03404,B03404,2024-09-01 00:25:06,2024-09-01 00:27:09,2024-09-01 00:28:21,2024-09-01 00:44:31,246,79,2.39,970,22.8,0.0,0.62,2.01,2.75,0.0,0.0,13.68,N,N,N,N,N
HV0003,B03404,B03404,2024-09-01 00:44:04,2024-09-01 00:45:01,2024-09-01 00:45:45,2024-09-01 00:56:12,79,249,1.63,627,11.84,0.0,0.32,1.05,2.75,0.0,0.0,8.31,N,N,N,N,N
HV0003,B03404,B03404,2024-09-01 00:49:59,2024-09-01 00:58:33,2024-09-01 00:59:01,2024-09-01 01:13:18,249,4,1.98,857,14.51,0.0,0.4,1.29,2.75,0.0,0.0,11.02,N,N,N,N,N
HV0005,B03406,,2024-09-01 00:38:30,,2024-09-01 00:43:44,2024-09-01 00:54:51,70,196,3.507,667,18.28,0.0,0.5,1.62,0.0,0.0,2.0,11.29,N,N,N,N,N
HV0003,B03404,B03404,2024-09-01 00:04:11,2024-09-01 00:20:01,2024-09-01 00:22:02,2024-09-01 00:50:55,100,83,6.75,1733,31.15,6.94,0.87,3.38,2.75,0.0,0.0,27.23,N,N,N,N,N
HV0003,B03404,B03404,2024-09-01 00:50:48,2024-09-01 00:57:49,2024-09-01 00:58:14,2024-09-01 01:17:21,82,191,8.93,1147,25.18,0.0,0.69,2.23,0.0,0.0,0.0,23.29,Y,N,N,N,N
HV0003,B03404,B03404,2024-08-31 23:55:11,2024-08-31 23:59:50,2024-09-01 00:00:09,2024-09-01 00:15:19,220,42,7.24,910,28.72,3.18,0.79,2.83,0.0,0.0,0.0,18.69,N,N,N,N,N
HV0003,B03404,B03404,2024-09-01 00:15:42,2024-09-01 00:17:34,2024-09-01 00:19:35,2024-09-01 00:30:47,42,69,2.04,672,13.87,0.0,0.34,1.12,0.0,0.0,0.0,9.3,N,N,N,N,N
HV0003,B03404,B03404,2024-09-01 00:31:59,2024-09-01 00:32:13,2024-09-01 00:34:14,2024-09-01 00:52:38,69,42,4.84,1104,21.8,0.0,0.6,1.94,0.0,0.0,0.0,17.31,N,N,N,N,N
HV0003,B03404,B03404,2024-09-01 00:55:34,2024-09-01 00:57:50,2024-09-01 00:59:51,2024-09-01 01:18:28,42,127,4.14,1117,25.51,0.0,0.7,2.26,0.0,0.0,0.0,16.49,N,N,N,N,N
HV0003,B03404,B03404,2024-08-31 23:54:22,2024-09-01 00:01:33,2024-09-01 00:02:27,2024-09-01 00:42:21,133,36,9.51,2394,25.79,0.0,0.71,2.29,0.0,0.0,0.0,36.19,Y,N,N,N,N
HV0003,B03404,B03404,2024-09-01 00:38:13,2024-09-01 00:52:49,2024-09-01 00:54:50,2024-09-01 01:22:28,36,129,5.22,1658,21.27,0.0,0.59,1.89,0.0,0.0,0.0,23.21,N,N,N,N,N
HV0003,B03404,B03404,2024-09-01 00:28:35,2024-09-01 00:30:32,2024-09-01 00:32:16,2024-09-01 00:52:22,137,25,6.57,1206,24.34,0.0,0.67,2.15,2.75,0.0,6.0,20.66,N,N,N,N,N
HV0005,B03406,,2024-09-01 00:02:46,,2024-09-01 00:10:20,2024-09-01 00:26:38,164,170,1.191,978,10.83,0.0,0.3,0.96,2.75,0.0,0.0,11.16,N,N,N,N,N
HV0003,B03404,B03404,2024-09-01 00:01:15,2024-09-01 00:01:49,2024-09-01 00:03:49,2024-09-01 00:21:45,164,68,1.25,1076,19.61,0.0,0.57,1.85,2.75,0.0,0.0,12.42,N,N,N,N,N
HV0003,B03404,B03404,2024-09-01 00:26:46,2024-09-01 00:33:05,2024-09-01 00:33:39,2024-09-01 00:47:08,186,163,1.42,809,16.48,0.0,0.32,1.04,2.75,0.0,3.27,9.99,N,N,N,N,N
HV0003,B03404,B03404,2024-09-01 00:49:51,2024-09-01 00:50:33,2024-09-01 00:52:17,2024-09-01 01:14:20,161,33,7.08,1323,60.06,0.0,1.64,5.28,2.75,0.0,0.0,33.71,N,N,N,N,N
HV0005,B03406,,2024-09-01 00:40:07,,2024-09-01 00:41:30,2024-09-01 01:04:51,48,80,6.162,1401,30.63,0.92,0.87,2.8,2.75,0.0,0.0,22.07,N,N,N,N,N
HV0003,B03404,B03404,2024-09-01 00:17:44,2024-09-01 00:48:09,2024-09-01 00:50:18,2024-09-01 01:17:46,93,133,15.9,1648,124.15,0.0,3.42,11.01,0.0,0.0,27.73,64.46,N,N,N,N,N
HV0005,B03406,,2024-09-01 00:28:11,,2024-09-01 00:34:10,2024-09-01 00:54:35,72,225,3.42,1225,18.8,0.0,0.52,1.67,0.0,0.0,5.25,16.61,N,N,N,N,N
HV0003,B03404,B03404,2024-08-31 23:55:24,2024-09-01 00:00:14,2024-09-01 00:00:23,2024-09-01 00:38:04,68,34,6.81,2261,42.61,0.0,1.01,3.26,2.75,0.0,0.0,31.23,N,N,N,N,N
HV0003,B03404,B03404,2024-09-01 00:41:07,2024-09-01 00:51:54,2024-09-01 00:52:05,2024-09-01 01:24:51,217,188,4.45,1966,20.09,0.0,0.59,1.9,0.0,0.0,0.0,22.0,Y,Y,N,N,N
HV0003,B03404,B03404,2024-09-01 00:19:16,2024-09-01 00:25:36,2024-09-01 00:25:53,2024-09-01 00:42:48,82,198,3.62,1015,29.27,0.0,0.81,2.6,0.0,0.0,0.0,16.36,N,N,N,N,N
HV0005,B03406,,2024-09-01 00:14:27,,2024-09-01 00:25:07,2024-09-01 00:53:39,80,260,3.68,1712,30.21,0.0,0.83,2.68,0.0,0.0,6.28,23.12,N,N,N,N,Y
HV0003,B03404,B03404,2024-09-01 00:01:42,2024-09-01 00:02:46,2024-09-01 00:04:13,2024-09-01 00:12:52,198,157,1.31,519,7.57,0.0,0.22,0.72,0.0,0.0,0.0,6.82,N,N,N,N,N
HV0003,B03404,B03404,2024-09-01 00:26:22,2024-09-01 00:29:06,2024-09-01 00:30:17,2024-09-01 01:14:53,80,21,15.58,2676,52.03,0.0,1.43,4.62,0.0,0.0,5.8,51.44,N,N,N,N,N
HV0005,B03406,,2024-09-01 00:03:20,,2024-09-01 00:07:34,2024-09-01 00:25:02,89,33,5.836,1048,24.84,0.0,0.68,2.2,0.0,0.0,0.0,18.18,N,N,N,N,N
HV0005,B03406,,2024-09-01 00:17:17,,2024-09-01 00:29:58,2024-09-01 01:01:53,33,197,15.513,1915,40.95,0.0,1.13,3.64,0.0,0.0,0.0,39.85,N,N,N,N,N
HV0005,B03406,,2024-09-01 00:27:55,,2024-09-01 00:35:00,2024-09-01 01:17:40,188,213,18.535,2560,56.95,5.16,1.63,5.25,0.0,0.0,0.0,50.26,N,N,N,N,N
HV0003,B03404,B03404,2024-09-01 00:09:32,2024-09-01 00:10:55,2024-09-01 00:11:00,2024-09-01 00:27:02,231,79,2.09,962,17.02,0.0,0.46,1.51,2.75,0.0,0.0,13.48,N,N,N,N,Y
HV0003,B03404,B03404,2024-09-01 00:24:56,2024-09-01 00:29:21,2024-09-01 00:30:05,2024-09-01 00:39:28,114,249,1.36,563,12.72,0.0,0.35,1.13,2.75,0.0,0.0,8.31,N,N,N,N,Y
HV0003,B03404,B03404,2024-09-01 00:02:53,2024-09-01 00:11:30,2024-09-01 00:11:39,2024-09-01 00:24:12,224,148,1.09,753,9.0,0.0,0.24,0.77,0.75,0.0,0.0,7.2,Y,Y,N,N,N
HV0003,B03404,B03404,2024-09-01 00:23:16,2024-09-01 00:29:22,2024-09-01 00:30:09,2024-09-01 01:08:10,148,61,5.01,2281,25.37,0.0,0.7,2.24,2.75,0.0,0.0,28.98,N,N,N,N,N
HV0003,B03404,B03404,2024-08-31 23:59:42,2024-09-01 00:04:05,2024-09-01 00:04:05,2024-09-01 00:30:15,90,168,7.93,1570,31.55,0.0,0.86,2.8,2.75,0.0,0.0,26.04,N,N,N,N,N
HV0003,B03404,B03404,2024-09-01 00:53:42,2024-09-01 00:56:08,2024-09-01 00:57:03,2024-09-01 01:26:11,79,63,16.49,1748,36.23,6.94,1.11,4.04,2.75,0.0,0.0,39.41,N,N,N,N,N
HV0003,B03404,B03404,2024-09-01 00:09:04,2024-09-01 00:10:32,2024-09-01 00:10:52,2024-09-01 00:26:09,17,37,2.59,917,16.06,0.0,0.44,1.42,0.0,0.0,0.0,12.43,N,N,N,N,N
HV0003,B03404,B03404,2024-09-01 00:24:44,2024-09-01 00:30:35,2024-09-01 00:30:42,2024-09-01 00:43:27,36,255,2.17,765,22.32,0.0,0.61,1.98,0.0,0.0,0.0,12.38,N,N,N,N,N
HV0003,B03404,B03404,2024-09-01 00:36:13,2024-09-01 00:46:51,2024-09-01 00:47:02,2024-09-01 00:58:27,255,37,1.58,685,18.84,0.0,0.52,1.68,0.0,0.0,0.0,8.81,Y,N,N,N,N
HV0003,B03404,B03404,2024-09-01 00:04:13,2024-09-01 00:07:50,2024-09-01 00:07:55,2024-09-01 00:28:37,237,78,9.64,1242,32.11,0.0,0.87,2.82,2.75,0.0,3.0,25.18,N,N,N,N,N
HV0003,B03404,B03404,2024-09-01 00:28:18,2024-09-01 00:30:37,2024-09-01 00:32:24,2024-09-01 00:50:57,78,127,5.37,1113,21.69,0.0,0.6,1.92,0.0,0.0,0.0,18.11,N,N,N,N,N
HV0005,B03406,,2024-09-01 00:02:33,,2024-09-01 00:08:11,2024-09-01 00:12:43,21,21,0.553,272,7.82,0.0,0.22,0.69,0.0,0.0,0.0,5.47,N,N,N,N,N
HV0005,B03406,,2024-09-01 00:12:09,,2024-09-01 00:22:13,2024-09-01 00:28:02,22,22,0.98,349,10.84,0.0,0.3,0.96,0.0,0.0,0.0,5.47,N,N,N,N,N
HV0005,B03406,,2024-09-01 00:34:38,,2024-09-01 00:36:37,2024-09-01 00:47:08,22,26,1.642,631,11.11,0.0,0.21,0.67,0.0,0.0,0.0,8.39,N,N,N,N,N
HV0005,B03406,,2024-09-01 00:47:23,,2024-09-01 00:49:55,2024-09-01 00:56:55,26,133,1.482,420,14.02,0.0,0.39,1.24,0.0,0.0,0.0,6.12,N,N,N,N,N
HV0003,B03404,B03404,2024-09-01 00:12:31,2024-09-01 00:17:01,2024-09-01 00:18:00,2024-09-01 00:42:31,50,148,4.2,1471,33.3,0.0,0.92,2.95,2.75,0.0,3.99,20.01,N,N,N,N,N
HV0003,B03404,B03404,2024-09-01 00:37:44,2024-09-01 00:45:05,2024-09-01 00:46:12,2024-09-01 01:12:29,232,130,13.06,1577,32.67,0.0,0.95,3.09,0.75,0.0,0.0,33.08,Y,N,N,N,N
HV0003,B03404,B03404,2024-09-01 00:06:06,2024-09-01 00:07:44,2024-09-01 00:07:52,2024-09-01 00:30:08,127,246,10.47,1336,27.44,0.0,0.73,2.36,2.75,0.0,0.0,27.22,N,N,N,N,N
HV0005,B03406,,2024-09-01 00:03:27,,2024-09-01 00:10:55,2024-09-01 00:36:02,7,49,8.799,1507,32.04,0.0,0.88,2.84,0.0,0.0,0.0,26.7,N,N,N,N,N
HV0005,B03406,,2024-09-01 00:31:34,,2024-09-01 00:38:27,2024-09-01 00:59:44,49,77,4.645,1277,30.45,0.0,0.84,2.7,0.0,0.0,0.0,18.79,N,N,N,N,N
HV0003,B03404,B03404,2024-08-31 23:54:39,2024-09-01 00:00:50,2024-09-01 00:02:28,2024-09-01 00:27:41,138,230,7.71,1513,52.01,0.0,1.5,4.84,2.75,2.5,12.74,25.57,N,N,N,N,N
HV0003,B03404,B03404,2024-09-01 00:27:36,2024-09-01 00:29:50,2024-09-01 00:30:08,2024-09-01 01:09:20,163,37,7.66,2352,35.5,0.0,1.04,3.35,2.75,0.0,0.0,33.27,N,N,N,N,N
HV0005,B03406,,2024-09-01 00:32:17,,2024-09-01 00:38:15,2024-09-01 00:41:58,107,79,0.792,223,7.25,0.0,0.2,0.64,2.75,0.0,2.0,5.47,N,N,N,N,N
HV0005,B03406,,2024-09-01 00:41:20,,2024-09-01 00:45:30,2024-09-01 00:55:47,79,114,1.13,617,10.96,0.0,0.3,0.97,2.75,0.0,0.0,7.56,N,N,N,N,N
HV0003,B03404,B03404,2024-09-01 00:02:20,2024-09-01 00:03:34,2024-09-01 00:04:07,2024-09-01 00:13:56,144,249,1.28,589,10.96,0.0,0.3,0.98,2.75,0.0,0.0,9.01,N,N,N,N,Y
HV0003,B03404,B03404,2024-09-01 00:10:29,2024-09-01 00:13:46,2024-09-01 00:14:21,2024-09-01 00:24:18,249,79,1.18,597,12.67,0.0,0.35,1.13,2.75,0.0,0.0,8.9,N,N,N,N,Y
HV0005,B03406,,2024-09-01 00:23:08,,2024-09-01 00:26:16,2024-09-01 00:32:45,79,137,1.229,389,10.17,0.0,0.28,0.9,2.75,0.0,0.0,5.95,N,N,N,N,Y
HV0005,B03406,,2024-08-31 23:57:58,,2024-09-01 00:00:59,2024-09-01 00:22:01,17,144,4.235,1262,20.82,0.0,0.57,1.85,2.75,0.0,0.0,18.09,N,N,N,N,N
HV0005,B03406,,2024-09-01 00:21:03,,2024-09-01 00:25:46,2024-09-01 00:47:35,148,246,3.555,1309,23.74,0.0,0.65,2.1,2.75,0.0,0.0,17.62,N,N,N,N,N
HV0005,B03406,,2024-08-31 23:56:04,,2024-09-01 00:01:41,2024-09-01 00:23:45,42,143,3.723,1324,17.87,0.0,0.47,1.51,2.75,0.0,0.0,17.99,N,N,N,N,N
HV0005,B03406,,2024-09-01 00:25:21,,2024-09-01 00:30:39,2024-09-01 00:50:19,143,145,4.425,1180,24.51,0.69,0.69,2.21,2.75,0.0,0.0,17.54,N,N,N,N,N
HV0003,B03404,B03404,2024-09-01 00:08:03,2024-09-01 00:09:26,2024-09-01 00:11:27,2024-09-01 00:39:52,238,254,13.11,1705,23.37,0.0,0.65,2.07,0.0,0.0,0.0,36.73,N,N,N,N,N
HV0003,B03404,B03404,2024-08-31 23:57:05,2024-09-01 00:02:41,2024-09-01 00:02:58,2024-09-01 00:10:19,37,157,1.54,441,12.6,0.0,0.37,1.19,0.0,0.0,0.0,7.88,N,N,N,N,N
HV0003,B03404,B03404,2024-08-31 23:57:02,2024-09-01 00:03:34,2024-09-01 00:04:11,2024-09-01 00:10:10,166,116,1.35,359,11.59,0.0,0.32,1.03,0.0,0.0,0.0,6.59,N,N,N,N,Y
HV0003,B03404,B03404,2024-09-01 00:12:52,2024-09-01 00:15:26,2024-09-01 00:17:06,2024-09-01 00:30:25,152,127,3.77,799,17.58,0.0,0.48,1.54,0.0,0.0,0.0,15.06,N,N,N,N,Y
HV0003,B03404,B03404,2024-09-01 00:40:14,2024-09-01 00:42:58,2024-09-01 00:44:58,2024-09-01 00:54:14,42,74,1.03,556,10.26,0.0,0.28,0.92,0.0,0.0,0.0,7.86,N,N,N,N,Y
HV0003,B03404,B03404,2024-09-01 00:11:28,2024-09-01 00:18:22,2024-09-01 00:18:59,2024-09-01 00:47:52,161,265,9.16,1733,40.71,21.32,1.12,0.0,0.0,0.0,0.0,31.18,N,N,N,N,N
HV0003,B03404,B03404,2024-08-31 23:48:10,2024-09-01 00:24:42,2024-09-01 00:24:42,2024-09-01 00:37:11,34,45,2.71,749,18.73,0.0,0.51,1.66,2.75,0.0,3.55,10.97,N,N,N,N,N
HV0003,B03404,B03404,2024-09-01 00:33:31,2024-09-01 00:37:58,2024-09-01 00:39:07,2024-09-01 00:56:44,45,163,5.82,1057,41.21,0.0,1.11,3.57,2.75,0.0,7.16,19.11,N,N,N,N,N
HV0003,B03404,B03404,2024-09-01 00:15:34,2024-09-01 00:20:39,2024-09-01 00:21:17,2024-09-01 01:11:24,95,66,12.26,3007,54.53,0.0,1.5,4.84,0.0,0.0,0.0,47.39,N,N,N,N,N
HV0003,B03404,B03404,2024-09-01 00:01:04,2024-09-01 00:18:03,2024-09-01 00:19:21,2024-09-01 00:50:11,93,164,12.49,1850,154.17,6.94,4.24,14.3,2.75,0.0,36.46,81.54,N,N,N,N,N
HV0003,B03404,B03404,2024-09-01 00:05:30,2024-09-01 00:06:56,2024-09-01 00:08:07,2024-09-01 00:25:31,3,169,8.47,1044,25.03,0.0,0.68,2.23,0.0,0.0,0.0,21.66,N,N,N,N,N
HV0003,B03404,B03404,2024-09-01 00:25:30,2024-09-01 00:28:16,2024-09-01 00:29:01,2024-09-01 01:13:01,169,61,17.37,2640,47.5,6.94,1.39,5.1,0.0,0.0,0.0,49.27,N,N,N,N,N
HV0003,B03404,B03404,2024-09-01 00:03:04,2024-09-01 00:07:02,2024-09-01 00:07:12,2024-09-01 00:34:29,97,35,5.15,1637,24.56,0.0,0.69,2.21,0.0,0.0,0.0,22.9,N,N,N,N,N
HV0003,B03404,B03404,2024-09-01 00:33:44,2024-09-01 00:37:06,2024-09-01 00:37:29,2024-09-01 01:02:12,35,85,3.64,1483,18.85,0.0,0.52,1.68,0.0,0.0,0.0,19.36,N,N,N,N,N
HV0003,B03404,B03404,2024-09-01 00:16:10,2024-09-01 00:23:38,2024-09-01 00:23:50,2024-09-01 00:45:33,55,76,11.59,1303,37.6,0.0,1.03,3.33,0.0,0.0,0.0,37.18,N,N,N,N,Y
HV0003,B03404,B03404,2024-09-01 00:46:52,2024-09-01 00:48:06,2024-09-01 00:50:07,2024-09-01 01:09:49,63,191,9.66,1182,31.81,0.0,0.88,2.82,0.0,0.0,0.0,29.11,N,N,N,N,Y
HV0003,B03404,B03404,2024-08-31 23:54:49,2024-09-01 00:00:19,2024-09-01 00:00:48,2024-09-01 00:23:12,66,161,7.04,1344,37.82,0.0,1.04,3.36,2.75,0.0,0.0,22.63,N,N,N,N,N
HV0005,B03406,,2024-08-31 23:59:20,,2024-09-01 00:02:16,2024-09-01 00:19:59,97,232,3.163,1063,15.21,0.0,0.43,1.38,2.75,0.0,0.0,14.68,N,N,N,N,N
HV0005,B03406,,2024-09-01 00:19:58,,2024-09-01 00:28:15,2024-09-01 00:39:43,148,261,4.11,688,18.83,0.0,0.52,1.67,2.75,0.0,0.0,12.31,N,N,N,N,N
HV0005,B03406,,2024-09-01 00:44:30,,2024-09-01 00:51:56,2024-09-01 01:10:46,13,17,6.897,1130,23.63,0.77,0.67,2.17,2.75,0.0,0.0,20.43,N,N,N,N,N
HV0005,B03406,,2024-09-01 00:28:00,,2024-09-01 00:38:24,2024-09-01 00:51:27,80,226,2.405,783,20.59,0.0,0.57,1.83,0.0,0.0,0.0,13.92,N,N,N,N,N
HV0005,B03406,,2024-09-01 00:09:34,,2024-09-01 00:12:16,2024-09-01 00:15:33,136,220,0.586,197,7.73,0.0,0.21,0.69,0.0,0.0,0.0,5.47,N,N,N,N,N
HV0005,B03406,,2024-09-01 00:17:09,,2024-09-01 00:19:39,2024-09-01 00:32:56,220,18,2.147,797,14.82,0.0,0.28,0.89,0.0,0.0,0.0,10.7,N,N,N,N,N
HV0005,B03406,,2024-09-01 00:42:00,,2024-09-01 00:44:07,2024-09-01 00:50:11,136,94,0.751,364,10.06,0.0,0.25,0.8,0.0,0.0,2.0,5.47,N,N,N,N,N
HV0003,B03404,B03404,2024-09-01 00:18:27,2024-09-01 00:22:07,2024-09-01 00:22:36,2024-09-01 00:31:58,51,182,4.76,562,18.72,0.0,0.48,1.54,0.0,0.0,0.0,12.93,N,N,N,N,N
HV0003,B03404,B03404,2024-09-01 00:38:12,2024-09-01 00:39:27,2024-09-01 00:39:52,2024-09-01 00:47:31,250,250,1.68,459,11.63,0.0,0.32,1.03,0.0,0.0,0.0,6.74,N,N,N,N,N
HV0005,B03406,,2024-09-01 00:31:11,,2024-09-01 00:34:08,2024-09-01 01:00:56,89,77,4.008,1608,22.26,0.0,0.61,1.98,0.0,0.0,3.73,21.15,N,N,N,N,N
HV0003,B03404,B03404,2024-09-01 00:04:56,2024-09-01 00:06:34,2024-09-01 00:07:03,2024-09-01 00:25:01,79,263,4.27,1078,23.49,0.0,0.65,2.08,2.75,0.0,5.79,16.29,N,N,N,N,N
HV0003,B03404,B03404,2024-09-01 00:25:51,2024-09-01 00:26:58,2024-09-01 00:27:35,2024-09-01 00:35:34,263,162,1.52,479,10.97,0.0,0.3,0.98,2.75,0.0,5.0,6.72,N,N,N,N,N
HV0005,B03406,,2024-09-01 00:54:11,,2024-09-01 00:58:56,2024-09-01 01:21:39,164,34,6.997,1363,25.64,0.0,0.71,2.28,2.75,0.0,6.59,22.84,N,N,N,N,N
HV0003,B03404,B03404,2024-09-01 00:05:33,2024-09-01 00:08:56,2024-09-01 00:09:39,2024-09-01 00:17:58,72,71,1.53,499,9.22,0.0,0.25,0.82,0.0,0.0,0.0,6.93,N,N,N,N,N
HV0003,B03404,B03404,2024-09-01 00:18:11,2024-09-01 00:21:28,2024-09-01 00:23:29,2024-09-01 00:32:21,71,85,1.25,532,10.47,0.0,0.29,0.93,0.0,0.0,0.0,6.87,N,N,N,N,N
HV0003,B03404,B03404,2024-09-01 00:30:16,2024-09-01 00:35:52,2024-09-01 00:36:07,2024-09-01 00:41:25,85,71,1.12,318,7.9,0.0,0.19,0.61,0.0,0.0,0.0,5.39,N,N,N,N,N
HV0003,B03404,B03404,2024-09-01 00:51:28,2024-09-01 00:52:36,2024-09-01 00:53:19,2024-09-01 01:00:27,71,72,0.84,428,8.59,0.0,0.23,0.76,0.0,0.0,0.0,5.39,N,N,N,N,N
HV0003,B03404,B03404,2024-08-31 23:54:24,2024-09-01 00:00:28,2024-09-01 00:00:56,2024-09-01 00:09:30,36,157,1.31,514,12.13,0.0,0.33,1.07,0.0,0.0,3.0,7.99,N,N,N,N,N
HV0003,B03404,B03404,2024-09-01 00:15:00,2024-09-01 00:11:28,2024-09-01 00:13:19,2024-09-01 00:49:01,80,48,8.47,2142,57.23,6.94,1.61,5.8,2.75,0.0,0.0,39.8,N,N,N,N,N
HV0003,B03404,B03404,2024-09-01 00:04:25,2024-09-01 00:11:44,2024-09-01 00:12:24,2024-09-01 00:54:29,258,6,21.49,2525,59.74,13.88,1.66,6.53,0.0,0.0,0.0,53.76,N,N,N,N,N
HV0003,B03404,B03404,2024-08-31 23:36:42,2024-09-01 00:15:49,2024-09-01 00:17:08,2024-09-01 00:54:20,93,79,12.14,2232,66.7,6.94,1.88,6.53,2.75,0.0,20.0,58.64,N,N,N,N,N
HV0003,B03404,B03404,2024-09-01 00:05:45,2024-09-01 00:07:30,2024-09-01 00:08:58,2024-09-01 00:32:23,163,45,5.73,1405,27.02,0.0,0.74,2.4,2.75,0.0,0.0,24.51,N,N,N,N,Y
HV0003,B03404,B03404,2024-09-01 00:30:24,2024-09-01 00:35:02,2024-09-01 00:35:28,2024-09-01 00:44:37,148,114,0.98,549,15.11,0.0,0.37,1.19,2.75,0.0,0.0,7.83,N,N,N,N,Y
HV0003,B03404,B03404,2024-09-01 00:38:09,2024-09-01 00:46:26,2024-09-01 00:47:16,2024-09-01 01:05:37,148,236,4.63,1101,30.63,0.0,0.84,2.71,2.75,0.0,0.0,19.63,N,N,N,N,Y
HV0005,B03406,,2024-09-01 00:00:18,,2024-09-01 00:05:10,2024-09-01 00:23:36,48,144,3.785,1106,23.53,0.0,0.64,2.07,2.75,0.0,0.0,15.95,N,N,N,N,N
HV0005,B03406,,2024-09-01 00:21:35,,2024-09-01 00:25:05,2024-09-01 00:33:52,144,249,1.626,527,12.71,0.0,0.35,1.13,2.75,0.0,0.0,7.36,N,N,N,N,N
HV0005,B03406,,2024-09-01 00:33:10,,2024-09-01 00:40:33,2024-09-01 00:58:12,249,265,5.257,1059,24.88,20.01,1.1,0.0,0.0,0.0,0.0,18.73,N,N,N,N,N
HV0005,B03406,,2024-09-01 00:18:42,,2024-09-01 00:21:55,2024-09-01 00:31:40,141,145,2.687,585,16.04,0.0,0.44,1.42,2.75,0.0,0.0,9.37,N,N,N,N,N
HV0005,B03406,,2024-09-01 00:31:55,,2024-09-01 00:42:38,2024-09-01 01:03:55,112,37,3.181,1277,20.59,0.0,0.57,1.83,0.0,0.0,0.0,16.79,N,N,N,N,N
HV0005,B03406,,2024-09-01 00:29:55,,2024-09-01 00:33:24,2024-09-01 00:45:53,125,148,1.557,749,16.2,0.0,0.45,1.44,2.75,0.0,0.0,9.43,N,N,N,N,N
HV0005,B03406,,2024-09-01 00:46:30,,2024-09-01 00:52:50,2024-09-01 01:17:05,148,95,9.574,1455,31.56,0.12,0.84,2.72,2.75,0.0,2.0,27.25,N,N,N,N,N
HV0003,B03404,B03404,2024-08-31 23:59:27,2024-09-01 00:14:56,2024-09-01 00:14:56,2024-09-01 00:51:00,190,10,10.0,2164,52.72,0.0,1.45,4.68,0.0,0.0,11.79,35.37,N,N,N,N,N
HV0003,B03404,B03404,2024-09-01 00:53:43,2024-09-01 00:55:50,2024-09-01 00:56:31,2024-09-01 01:13:36,132,56,8.54,1025,22.96,0.0,0.63,2.04,0.0,0.0,0.0,22.31,N,N,N,N,N
HV0003,B03404,B03404,2024-09-01 00:00:55,2024-09-01 00:03:17,2024-09-01 00:03:53,2024-09-01 00:23:24,168,169,5.71,1171,17.65,0.0,0.52,1.67,0.0,0.0,0.0,23.52,N,N,N,N,N
HV0003,B03404,B03404,2024-09-01 00:33:36,2024-09-01 00:35:21,2024-09-01 00:36:15,2024-09-01 00:44:42,169,235,0.98,507,7.08,0.0,0.19,0.63,0.0,0.0,3.0,10.64,N,N,N,N,N
HV0003,B03404,B03404,2024-09-01 00:42:26,2024-09-01 00:45:46,2024-09-01 00:46:31,2024-09-01 00:57:07,235,47,1.37,636,11.49,0.0,0.31,1.02,0.0,0.0,0.0,12.42,N,N,N,N,N
HV0003,B03404,B03404,2024-09-01 00:56:01,2024-09-01 00:58:26,2024-09-01 00:59:30,2024-09-01 01:05:52,20,169,0.91,382,8.9,0.0,0.24,0.79,0.0,0.0,0.0,9.77,N,N,N,N,N
HV0003,B03404,B03404,2024-09-01 00:09:37,2024-09-01 00:16:54,2024-09-01 00:17:58,2024-09-01 00:38:43,235,74,4.9,1245,17.92,0.0,0.53,1.69,0.0,0.0,0.0,19.54,N,N,N,N,N
HV0003,B03404,B03404,2024-09-01 00:35:48,2024-09-01 00:44:30,2024-09-01 00:45:38,2024-09-01 01:11:01,74,116,3.53,1523,25.29,0.0,0.72,2.32,0.0,0.0,4.37,20.37,N,N,N,N,N
HV0005,B03406,,2024-09-01 00:10:47,,2024-09-01 00:17:27,2024-09-01 00:32:27,236,50,2.705,900,20.79,0.0,0.57,1.85,2.75,0.0,4.75,12.46,N,N,N,N,N
HV0005,B03406,,2024-09-01 00:48:12,,2024-09-01 00:51:30,2024-09-01 01:30:09,68,37,8.908,2319,58.25,2.09,1.66,5.36,2.75,0.0,0.0,36.71,N,N,N,N,N
HV0003,B03404,B03404,2024-09-01 00:01:38,2024-09-01 00:07:59,2024-09-01 00:07:59,2024-09-01 00:15:21,112,256,1.17,442,9.78,0.0,0.27,0.87,0.0,0.0,2.2,5.89,N,N,N,N,N
HV0003,B03404,B03404,2024-09-01 00:10:38,2024-09-01 00:16:43,2024-09-01 00:17:11,2024-09-01 00:42:35,256,36,3.82,1524,31.32,0.0,0.86,2.78,0.0,0.0,0.0,21.51,N,N,N,N,N
HV0003,B03404,B03404,2024-09-01 00:43:14,2024-09-01 00:51:51,2024-09-01 00:52:36,2024-09-01 00:58:12,36,37,1.1,336,12.48,0.0,0.34,1.11,0.0,0.0,3.0,5.4,N,N,N,N,N
HV0003,B03404,B03404,2024-09-01 00:27:17,2024-09-01 00:36:11,2024-09-01 00:36:11,2024-09-01 00:54:41,232,198,7.74,1110,33.41,0.0,0.92,2.96,2.75,0.0,0.0,21.32,N,N,N,N,N
HV0003,B03404,B03404,2024-09-01 00:54:13,2024-09-01 00:55:11,2024-09-01 00:56:08,2024-09-01 01:24:06,198,79,8.61,1678,27.86,6.94,0.78,3.12,2.75,0.0,0.0,28.02,N,N,N,N,N
HV0005,B03406,,2024-09-01 00:00:30,,2024-09-01 00:05:06,2024-09-01 00:23:36,79,34,4.426,1110,25.33,0.0,0.69,2.24,2.75,0.0,0.0,16.87,N,N,N,N,N
HV0003,B03404,B03404,2024-09-01 00:18:27,2024-09-01 00:21:25,2024-09-01 00:22:06,2024-09-01 00:41:24,148,34,3.25,1158,19.94,0.0,0.55,1.79,2.75,0.0,5.06,18.36,N,N,N,N,N
HV0003,B03404,B03404,2024-09-01 00:31:47,2024-09-01 00:34:03,2024-09-01 00:35:04,2024-09-01 00:56:13,127,242,3.88,1269,26.78,0.0,0.74,2.38,0.0,0.0,0.0,17.61,N,N,N,N,N
HV0005,B03406,,2024-09-01 00:13:10,,2024-09-01 00:15:40,2024-09-01 00:31:07,166,127,5.219,927,20.45,0.0,0.53,1.71,0.0,0.0,0.0,16.16,N,N,N,N,N
HV0003,B03404,B03404,2024-09-01 00:20:59,2024-09-01 00:27:26,2024-09-01 00:27:42,2024-09-01 00:36:43,244,119,1.77,541,11.71,0.0,0.34,1.11,0.0,0.0,0.0,7.67,N,N,N,N,N
HV0003,B03404,B03404,2024-09-01 00:37:19,2024-09-01 00:38:02,2024-09-01 00:40:04,2024-09-01 01:00:43,119,265,10.12,1239,29.36,0.0,0.81,2.59,0.0,0.0,6.19,27.0,N,N,N,N,N
HV0003,B03404,B03404,2024-09-01 00:10:38,2024-09-01 00:12:15,2024-09-01 00:13:14,2024-09-01 00:36:51,166,107,5.8,1417,28.83,0.0,0.79,2.55,2.75,0.0,6.98,21.66,N,N,N,N,N
HV0003,B03404,B03404,2024-09-01 00:44:59,2024-09-01 00:45:51,2024-09-01 00:47:53,2024-09-01 01:19:41,107,265,4.75,1908,25.11,20.0,0.74,0.0,0.0,0.0,0.0,26.89,N,N,N,N,N
HV0003,B03404,B03404,2024-09-01 00:17:29,2024-09-01 00:19:10,2024-09-01 00:21:11,2024-09-01 00:59:48,234,197,11.75,2317,47.29,6.94,1.3,4.81,2.75,0.0,0.0,38.5,N,N,N,N,N
HV0003,B03404,B03404,2024-09-01 00:05:38,2024-09-01 00:05:51,2024-09-01 00:06:51,2024-09-01 00:33:48,181,55,11.77,1617,29.37,0.0,0.8,2.58,0.0,0.0,0.0,31.72,N,N,N,N,N
HV0003,B03404,B03404,2024-09-01 00:29:44,2024-09-01 00:35:13,2024-09-01 00:35:55,2024-09-01 00:39:45,55,55,0.83,230,8.04,0.0,0.22,0.71,0.0,0.0,0.0,5.39,N,N,N,N,N
HV0005,B03406,,2024-09-01 00:24:28,,2024-09-01 00:30:18,2024-09-01 00:36:06,65,97,0.821,348,9.76,0.0,0.24,0.78,0.0,0.0,0.0,5.47,N,N,N,N,N
HV0005,B03406,,2024-09-01 00:39:44,,2024-09-01 00:43:26,2024-09-01 00:46:25,217,17,0.549,179,7.81,0.0,0.21,0.69,0.0,0.0,0.0,5.47,N,N,N,N,N
HV0005,B03406,,2024-09-01 00:46:31,,2024-09-01 00:52:02,2024-09-01 01:11:40,256,181,3.262,1178,21.06,0.0,0.44,1.42,0.0,0.0,4.58,15.94,N,N,N,N,N
HV0003,B03404,B03404,2024-09-01 00:22:00,2024-09-01 00:26:17,2024-09-01 00:27:20,2024-09-01 00:44:47,188,225,3.08,1047,12.72,0.0,0.35,1.13,0.0,0.0,0.0,14.36,N,N,N,N,N
HV0003,B03404,B03404,2024-09-01 00:46:14,2024-09-01 00:53:01,2024-09-01 00:55:02,2024-09-01 01:02:07,225,36,1.16,425,12.38,0.0,0.34,1.1,0.0,0.0,0.0,6.83,N,N,N,N,N
HV0005,B03406,,2024-09-01 00:12:09,,2024-09-01 00:17:33,2024-09-01 00:33:31,97,65,1.355,958,14.16,0.0,0.35,1.13,0.0,0.0,0.0,11.7,N,N,N,N,Y
HV0005,B03406,,2024-09-01 00:30:16,,2024-09-01 00:42:20,2024-09-01 00:59:44,65,225,2.932,1044,19.61,0.0,0.54,1.74,0.0,0.0,0.0,15.31,N,N,N,N,Y
HV0005,B03406,,2024-09-01 00:04:24,,2024-09-01 00:07:42,2024-09-01 00:24:19,162,202,3.877,997,19.65,0.0,0.54,1.74,2.75,0.0,0.0,15.01,N,N,N,N,N
HV0005,B03406,,2024-09-01 00:22:06,,2024-09-01 00:29:08,2024-09-01 00:53:27,202,230,5.085,1459,27.12,0.0,0.74,2.38,2.75,0.0,0.0,21.17,N,N,N,N,N
HV0005,B03406,,2024-09-01 00:51:47,,2024-09-01 00:55:18,2024-09-01 01:41:47,230,241,11.772,2789,35.15,0.0,0.97,3.12,2.75,0.0,0.0,43.27,N,N,N,N,N
HV0003,B03404,B03404,2024-09-01 00:08:37,2024-09-01 00:29:31,2024-09-01 00:29:45,2024-09-01 00:51:20,255,95,6.76,1295,39.55,0.0,1.16,3.74,0.0,0.0,3.03,23.02,N,N,N,N,N
HV0003,B03404,B03404,2024-09-01 00:07:25,2024-09-01 00:14:56,2024-09-01 00:16:56,2024-09-01 00:23:51,61,225,1.15,415,8.62,0.0,0.24,0.77,0.0,0.0,0.0,5.96,N,N,N,N,N
HV0003,B03404,B03404,2024-09-01 00:23:07,2024-09-01 00:25:20,2024-09-01 00:27:21,2024-09-01 00:48:14,225,112,2.99,1253,22.7,0.0,0.62,2.02,0.0,0.0,0.0,16.24,N,N,N,N,N
HV0003,B03404,B03404,2024-09-01 00:45:30,2024-09-01 00:49:56,2024-09-01 00:50:11,2024-09-01 01:00:40,112,37,1.89,629,17.87,0.0,0.49,1.59,0.0,0.0,0.0,9.93,N,N,N,N,N
HV0003,B03404,B03404,2024-09-01 00:02:42,2024-09-01 00:04:59,2024-09-01 00:05:59,2024-09-01 00:20:43,107,144,1.83,884,14.49,0.0,0.4,1.29,2.75,0.0,0.0,11.08,N,N,N,N,N
HV0003,B03404,B03404,2024-09-01 00:20:05,2024-09-01 00:20:44,2024-09-01 00:21:59,2024-09-01 00:31:32,144,137,1.54,573,14.51,0.0,0.4,1.29,2.75,0.0,3.0,7.66,N,N,N,N,N
HV0003,B03404,B03404,2024-09-01 00:38:25,2024-09-01 00:39:39,2024-09-01 00:40:03,2024-09-01 01:14:24,137,188,9.94,2061,39.58,0.0,1.09,3.51,2.75,0.0,0.0,33.55,N,N,N,N,N
HV0003,B03404,B03404,2024-09-01 00:12:28,2024-09-01 00:19:42,2024-09-01 00:21:43,2024-09-01 00:32:07,205,130,2.19,624,10.47,0.0,0.3,0.99,0.0,0.0,0.0,9.05,N,N,N,N,N
HV0003,B03404,B03404,2024-09-01 00:35:04,2024-09-01 00:37:44,2024-09-01 00:38:27,2024-09-01 00:46:04,131,135,2.74,457,13.41,0.0,0.39,1.26,0.0,0.0,0.0,8.17,N,N,N,N,N
HV0003,B03404,B03404,2024-09-01 00:12:10,2024-09-01 00:16:21,2024-09-01 00:16:40,2024-09-01 00:25:41,212,208,2.93,541,12.11,0.0,0.33,1.08,0.0,0.0,0.0,9.24,N,N,N,N,N
HV0003,B03404,B03404,2024-09-01 00:29:17,2024-09-01 00:31:01,2024-09-01 00:32:12,2024-09-01 00:44:31,208,254,5.33,739,21.87,0.0,0.64,2.07,0.0,0.0,0.0,14.43,N,N,N,N,N
HV0003,B03404,B03404,2024-09-01 00:46:46,2024-09-01 00:47:33,2024-09-01 00:49:34,2024-09-01 00:55:03,254,81,1.11,329,8.55,0.0,0.23,0.76,0.0,0.0,0.0,5.79,N,N,N,N,N
HV0003,B03404,B03404,2024-09-01 00:54:52,2024-09-01 00:56:57,2024-09-01 00:58:57,2024-09-01 01:13:47,81,265,1.46,890,13.86,0.0,0.38,1.23,0.0,0.0,0.0,11.79,N,N,N,N,N
HV0005,B03406,,2024-09-01 00:10:03,,2024-09-01 00:12:21,2024-09-01 00:19:28,227,14,1.054,427,8.15,0.0,0.2,0.64,0.0,0.0,0.0,5.6,N,N,N,N,N
HV0003,B03404,B03404,2024-09-01 00:25:56,2024-09-01 00:28:28,2024-09-01 00:28:48,2024-09-01 00:58:08,79,135,12.83,1760,35.09,0.0,0.96,3.1,2.75,0.0,0.0,34.55,N,N,N,N,N
HV0003,B03404,B03404,2024-08-31 23:59:17,2024-09-01 00:00:27,2024-09-01 00:02:27,2024-09-01 00:14:59,164,79,1.57,752,15.12,0.0,0.41,1.34,2.75,0.0,0.0,9.45,N,N,N,N,N
HV0003,B03404,B03404,2024-09-01 00:15:55,2024-09-01 00:17:03,2024-09-01 00:17:23,2024-09-01 00:38:51,113,157,6.72,1288,27.5,6.94,0.8,3.22,2.75,0.0,0.0,21.66,N,N,N,N,N
HV0003,B03404,B03404,2024-09-01 00:37:27,2024-09-01 00:44:03,2024-09-01 00:44:21,2024-09-01 00:56:03,80,112,2.12,702,24.4,0.0,0.71,2.3,0.0,0.0,0.0,12.45,N,N,N,N,N
HV0003,B03404,B03404,2024-09-01 00:51:20,2024-09-01 00:58:07,2024-09-01 00:58:52,2024-09-01 01:36:06,112,188,7.7,2234,35.46,0.0,1.04,3.34,0.0,0.0,0.0,26.39,Y,Y,N,N,N
HV0003,B03404,B03404,2024-09-01 00:31:05,2024-09-01 00:34:15,2024-09-01 00:34:47,2024-09-01 01:24:26,146,265,11.52,2979,41.61,26.94,1.17,0.0,0.0,0.0,0.0,46.5,N,N,N,N,N
HV0003,B03404,B03404,2024-09-01 00:03:30,2024-09-01 00:09:29,2024-09-01 00:11:09,2024-09-01 00:20:42,177,37,1.59,573,11.6,0.0,0.32,1.03,0.0,0.0,0.0,7.73,N,N,N,N,N
HV0003,B03404,B03404,2024-09-01 00:18:37,2024-09-01 00:23:25,2024-09-01 00:23:50,2024-09-01 00:34:35,37,177,2.26,645,18.76,0.0,0.51,1.66,0.0,0.0,0.0,11.09,N,N,N,N,N
HV0005,B03406,,2024-09-01 00:37:16,,2024-09-01 00:43:47,2024-09-01 00:58:59,61,62,2.705,912,17.01,0.0,0.47,1.51,0.0,0.0,0.0,12.58,N,N,N,N,N
HV0003,B03404,B03404,2024-09-01 00:28:21,2024-09-01 00:31:10,2024-09-01 00:31:38,2024-09-01 00:35:02,260,129,0.67,204,7.98,0.0,0.22,0.7,0.0,0.0,10.0,5.66,N,N,N,N,N
HV0003,B03404,B03404,2024-09-01 00:41:36,2024-09-01 00:45:22,2024-09-01 00:45:32,2024-09-01 00:59:35,83,192,5.06,843,18.49,0.0,0.54,1.75,0.0,0.0,0.0,15.33,N,N,N,N,N
HV0003,B03404,B03404,2024-09-01 00:10:05,2024-09-01 00:12:39,2024-09-01 00:13:31,2024-09-01 00:24:05,197,215,2.3,634,7.77,0.0,0.21,0.69,0.0,0.0,0.0,9.29,N,N,N,N,N
HV0003,B03404,B03404,2024-09-01 00:21:52,2024-09-01 00:26:47,2024-09-01 00:27:01,2024-09-01 00:41:16,130,56,6.17,855,13.12,0.0,0.39,1.23,0.0,0.0,0.0,16.7,N,N,N,N,N
HV0003,B03404,B03404,2024-09-01 00:53:02,2024-09-01 00:56:23,2024-09-01 00:57:25,2024-09-01 01:05:41,56,196,1.67,496,15.21,0.0,0.42,1.35,0.0,0.0,2.0,8.34,N,N,N,N,N
HV0005,B03406,,2024-08-31 23:59:23,,2024-09-01 00:10:08,2024-09-01 00:27:15,92,129,5.264,1027,24.79,0.0,0.86,2.78,0.0,0.0,0.0,17.2,N,N,N,N,N
HV0005,B03406,,2024-09-01 00:31:01,,2024-09-01 00:35:14,2024-09-01 00:49:30,82,255,4.717,856,22.56,0.0,0.49,1.59,0.0,0.0,0.0,14.78,N,N,N,N,N
HV0005,B03406,,2024-09-01 00:40:23,,2024-09-01 00:51:43,2024-09-01 01:08:35,255,37,2.793,1012,16.03,0.0,0.44,1.42,0.0,0.0,2.68,13.68,N,N,N,N,N
HV0003,B03404,B03404,2024-09-01 00:07:12,2024-09-01 00:08:39,2024-09-01 00:08:54,2024-09-01 00:14:09,14,14,1.4,315,9.84,0.0,0.27,0.88,0.0,0.0,0.0,5.39,N,N,N,N,N
HV0003,B03404,B03404,2024-09-01 00:24:13,2024-09-01 00:24:51,2024-09-01 00:26:40,2024-09-01 00:38:29,14,11,2.23,709,18.6,0.0,0.54,1.75,0.0,0.0,0.0,9.92,N,N,N,N,N
HV0003,B03404,B03404,2024-09-01 00:47:06,2024-09-01 00:49:51,2024-09-01 00:51:51,2024-09-01 00:58:34,11,22,1.39,403,8.77,0.0,0.24,0.79,0.0,0.0,0.0,5.81,N,N,N,N,N
HV0003,B03404,B03404,2024-09-01 00:35:11,2024-09-01 00:35:46,2024-09-01 00:36:29,2024-09-01 00:47:47,144,162,3.26,678,30.44,0.0,0.84,2.7,2.75,0.0,0.0,15.2,N,N,N,N,N
HV0003,B03404,B03404,2024-09-01 00:00:45,2024-09-01 00:04:02,2024-09-01 00:04:25,2024-09-01 00:12:07,177,35,0.8,462,8.9,0.0,0.24,0.79,0.0,0.0,0.0,5.58,N,N,N,N,N
HV0003,B03404,B03404,2024-09-01 00:21:41,2024-09-01 00:24:58,2024-09-01 00:25:17,2024-09-01 00:38:04,77,76,1.85,767,11.6,0.0,0.32,1.03,0.0,0.0,0.0,9.97,N,N,N,N,N
HV0003,B03404,B03404,2024-09-01 00:40:24,2024-09-01 00:44:18,2024-09-01 00:45:20,2024-09-01 00:52:23,76,76,1.64,423,10.73,0.0,0.29,0.95,0.0,0.0,0.0,6.34,N,N,N,N,N
HV0003,B03404,B03404,2024-09-01 00:06:49,2024-09-01 00:13:05,2024-09-01 00:14:06,2024-09-01 00:38:29,36,37,3.92,1463,53.39,0.0,1.52,4.89,0.0,0.0,0.0,18.33,N,N,N,N,N
HV0003,B03404,B03404,2024-09-01 00:39:30,2024-09-01 00:43:13,2024-09-01 00:43:35,2024-09-01 00:53:53,37,256,1.68,618,24.83,0.0,0.68,2.21,0.0,0.0,0.0,12.42,N,N,N,N,N
HV0003,B03404,B03404,2024-09-01 00:52:11,2024-09-01 00:57:01,2024-09-01 00:57:29,2024-09-01 01:10:31,255,112,1.66,782,23.74,0.0,0.69,2.23,0.0,0.0,0.0,12.62,N,N,N,N,N
HV0003,B03404,B03404,2024-09-01 00:09:18,2024-09-01 00:10:36,2024-09-01 00:10:54,2024-09-01 00:23:16,188,189,2.78,742,16.08,0.0,0.44,1.43,0.0,0.0,0.0,10.99,N,N,N,N,N
HV0003,B03404,B03404,2024-09-01 00:04:18,2024-09-01 00:11:38,2024-09-01 00:13:54,2024-09-01 00:38:12,53,174,10.27,1458,33.05,6.94,0.93,3.55,0.0,0.0,0.0,28.14,N,N,N,N,N
HV0005,B03406,,2024-09-01 00:41:20,,2024-09-01 00:46:05,2024-09-01 00:51:01,100,230,0.856,296,16.92,0.0,0.47,1.5,2.75,0.0,0.0,10.1,N,N,N,N,N
HV0003,B03404,B03404,2024-09-01 00:04:42,2024-09-01 00:06:36,2024-09-01 00:06:53,2024-09-01 00:59:21,13,265,39.06,3148,127.8,6.94,3.51,11.96,2.75,0.0,0.0,91.21,N,N,N,N,N
HV0003,B03404,B03404,2024-09-01 00:41:59,2024-09-01 00:43:13,2024-09-01 00:43:30,2024-09-01 01:01:23,13,79,5.43,1073,53.17,0.0,1.46,4.72,2.75,0.0,0.0,40.66,N,N,N,N,N
HV0003,B03404,B03404,2024-09-01 00:16:08,2024-09-01 00:18:56,2024-09-01 00:20:58,2024-09-01 00:48:34,82,41,8.16,1656,25.62,6.94,0.75,3.03,0.0,0.0,0.0,27.2,Y,N,N,N,N
